Species,Antibiotic,MIC change,MIC change error,Intercept
Escherichia coli,Doripenem,0.000,0.000,-4.710
Escherichia coli,Imipenem,-0.032,0.001,61.341
Escherichia coli,Meropenem,-0.097,0.001,191.015
Klebsiella pneumoniae,Doripenem,0.055,0.008,-114.484
Klebsiella pneumoniae,Imipenem,0.026,0.002,-52.939
Klebsiella pneumoniae,Meropenem,-0.006,0.003,9.350
Pseudomonas aeruginosa,Doripenem,0.025,0.009,-50.614
Pseudomonas aeruginosa,Imipenem,0.063,0.002,-125.441
Pseudomonas aeruginosa,Meropenem,-0.049,0.003,98.959
Enterobacter cloacae,Doripenem,0.000,0.000,-3.667
Enterobacter cloacae,Imipenem,0.039,0.002,-79.776
Enterobacter cloacae,Meropenem,-0.019,0.002,35.705
Streptococcus pneumoniae,Doripenem,0.000,0.000,-4.420
Streptococcus pneumoniae,Imipenem,0.000,0.000,-2.550
Streptococcus pneumoniae,Meropenem,-0.157,0.003,312.618
Haemophilus influenzae,Doripenem,0.038,0.015,-79.613
Haemophilus influenzae,Imipenem,0.092,0.003,-185.529
Haemophilus influenzae,Meropenem,0.013,0.002,-30.635
Acinetobacter baumannii,Doripenem,0.195,0.027,-391.262
Acinetobacter baumannii,Imipenem,0.134,0.005,-268.285
Acinetobacter baumannii,Meropenem,0.089,0.005,-176.309
Serratia marcescens,Doripenem,0.000,0.000,-2.852
Serratia marcescens,Imipenem,0.038,0.004,-77.458
Serratia marcescens,Meropenem,0.020,0.003,-44.321
Streptococcus agalactiae,Doripenem,-0.031,0.008,57.279
Streptococcus agalactiae,Meropenem,-0.037,0.001,71.592
Klebsiella oxytoca,Doripenem,0.000,0.000,-4.021
Klebsiella oxytoca,Imipenem,0.000,0.000,-1.924
Klebsiella oxytoca,Meropenem,-0.058,0.003,112.026
Streptococcus pyogenes,Doripenem,0.008,0.003,-21.213
Streptococcus pyogenes,Meropenem,0.027,0.010,-59.562
Citrobacter freundii,Doripenem,0.000,0.000,-4.096
Citrobacter freundii,Imipenem,-0.039,0.011,76.910
Citrobacter freundii,Meropenem,-0.076,0.008,148.386
Proteus mirabilis,Doripenem,-0.052,0.009,103.356
Proteus mirabilis,Imipenem,-0.049,0.010,99.838
Proteus mirabilis,Meropenem,-0.022,0.007,41.270
Citrobacter koseri,Doripenem,-0.032,0.011,60.119
Citrobacter koseri,Imipenem,0.000,0.000,-2.397
Citrobacter koseri,Meropenem,-0.083,0.007,163.000
Bacteroides fragilis,Meropenem,0.061,0.011,-124.810
Morganella morganii,Doripenem,-0.045,0.011,89.777
Morganella morganii,Imipenem,-0.025,0.010,52.032
Morganella morganii,Meropenem,-0.019,0.009,34.224
Acinetobacter pitii,Doripenem,-0.110,0.051,220.417
Acinetobacter pitii,Imipenem,-0.185,0.056,371.933
Acinetobacter pitii,Meropenem,0.000,0.000,-0.500
Proteus vulgaris,Doripenem,0.000,0.000,-2.293
Proteus vulgaris,Imipenem,-0.032,0.016,64.457
Proteus vulgaris,Meropenem,0.000,0.000,-3.535
Enterobacter asburiae,Doripenem,0.000,0.000,-3.393
Enterobacter asburiae,Imipenem,0.073,0.014,-147.721
Enterobacter asburiae,Meropenem,0.000,0.000,-3.378
Acinetobacter lwoffii,Doripenem,0.000,0.000,-3.250
Acinetobacter lwoffii,Imipenem,0.000,0.000,-1.876
Acinetobacter lwoffii,Meropenem,-0.116,0.017,230.344
Streptococcus dysgalactiae,Doripenem,0.000,0.000,-5.937
Streptococcus dysgalactiae,Meropenem,0.047,0.011,-100.468
Clostridioides (Clostridium) difficile,Meropenem,0.062,0.014,-124.270
