Species,Antibiotic,Trend,Trenderror,Intercept,Rtrend,Rtrenderror,R2017,R2017error,RIntercept,Strend,Strenderror,S2017,S2017error,SIntercept,Breakpoint
Escherichia coli,Doripenem,0.000,0.000,-4.710,,,,,,,,,,,True
Escherichia coli,Imipenem,-0.032,0.001,61.341,0.798,0.540,7.498,6.914,-1602.881,,,,,,True
Escherichia coli,Meropenem,-0.097,0.001,191.015,-0.007,0.036,-0.431,0.217,14.395,0.000,0.001,-3.959,0.002,-4.584,True
Klebsiella pneumoniae,Doripenem,0.055,0.008,-114.484,,,,,,,,,,,True
Klebsiella pneumoniae,Imipenem,0.026,0.002,-52.939,,,,,,-0.597,0.088,-10.060,0.981,1193.823,True
Klebsiella pneumoniae,Meropenem,-0.006,0.003,9.350,0.000,0.000,0.901,0.064,0.901,0.014,0.000,-3.817,0.000,-31.616,True
Pseudomonas aeruginosa,Doripenem,0.025,0.009,-51.614,,,,,,,,,,,True
Pseudomonas aeruginosa,Imipenem,0.063,0.002,-126.441,0.000,0.000,2.392,0.051,2.392,0.000,0.000,-1.262,0.013,-1.262,True
Pseudomonas aeruginosa,Meropenem,-0.049,0.003,97.959,-0.065,0.042,1.978,0.443,133.452,0.007,0.013,-1.966,0.087,-15.861,True
Enterobacter cloacae,Doripenem,0.000,0.000,-3.667,,,,,,,,,,,True
Enterobacter cloacae,Imipenem,0.039,0.002,-79.776,-0.426,0.597,-7.343,7.561,851.896,,,,,,True
Enterobacter cloacae,Meropenem,-0.019,0.002,35.705,-0.043,0.093,-0.258,0.398,85.751,0.023,0.003,-3.548,0.050,-50.604,True
Streptococcus pneumoniae,Doripenem,0.000,0.000,-4.420,,,,,,,,,,,True
Streptococcus pneumoniae,Imipenem,0.000,0.000,0.450,0.000,0.000,2.195,0.030,2.195,-0.143,0.022,-1.584,0.253,287.205,True
Streptococcus pneumoniae,Meropenem,-0.157,0.003,314.618,-0.003,0.034,1.612,0.014,7.021,0.000,0.000,-0.981,0.000,-0.981,True
Haemophilus influenzae,Doripenem,0.038,0.015,-79.613,,,,,,,,,,,True
Haemophilus influenzae,Imipenem,0.092,0.003,-187.529,0.000,0.000,-3.668,0.098,-3.668,0.000,0.000,-5.774,0.000,-5.774,True
Haemophilus influenzae,Meropenem,0.013,0.002,-29.635,0.001,0.018,-2.361,0.216,-4.500,0.006,0.028,-2.915,0.242,-15.878,True
Acinetobacter baumannii,Doripenem,0.195,0.027,-392.262,,,,,,,,,,,True
Acinetobacter baumannii,Imipenem,0.134,0.005,-269.285,,,,,,0.000,0.000,-2.143,0.000,-2.143,True
Acinetobacter baumannii,Meropenem,0.089,0.005,-177.309,-0.010,0.027,2.571,0.575,22.558,0.000,0.000,-2.006,0.004,-2.006,True
Serratia marcescens,Doripenem,0.000,0.000,-2.852,,,,,,,,,,,True
Serratia marcescens,Imipenem,0.038,0.004,-77.458,0.955,0.602,10.549,7.643,-1915.686,,,,,,True
Serratia marcescens,Meropenem,0.020,0.003,-44.321,0.035,0.129,1.518,1.063,-69.750,0.075,0.005,-2.835,0.075,-153.618,True
Streptococcus agalactiae,Doripenem,-0.031,0.008,60.279,,,,,,,,,,,True
Streptococcus agalactiae,Meropenem,-0.037,0.001,72.592,0.000,0.000,-1.991,0.000,-1.991,,,,,,True
Klebsiella oxytoca,Doripenem,0.000,0.000,-4.021,,,,,,,,,,,True
Klebsiella oxytoca,Imipenem,0.000,0.000,-1.924,0.299,0.933,1.382,11.699,-601.053,,,,,,True
Klebsiella oxytoca,Meropenem,-0.058,0.003,112.026,0.163,0.331,-1.131,3.964,-331.056,0.010,0.005,-3.917,0.011,-24.344,True
Streptococcus pyogenes,Doripenem,0.008,0.003,-18.213,,,,,,,,,,,True
Streptococcus pyogenes,Meropenem,0.027,0.010,-58.562,,,,,,,,,,,True
Citrobacter freundii,Doripenem,0.000,0.000,-4.096,,,,,,,,,,,True
Citrobacter freundii,Imipenem,-0.039,0.011,76.910,,,,,,,,,,,True
Citrobacter freundii,Meropenem,-0.076,0.008,148.386,,,,,,,,,,,True
Proteus mirabilis,Doripenem,-0.052,0.009,103.356,,,,,,,,,,,True
Proteus mirabilis,Imipenem,-0.049,0.010,99.838,,,,,,,,,,,True
Proteus mirabilis,Meropenem,-0.022,0.007,41.270,,,,,,,,,,,True
Citrobacter koseri,Doripenem,-0.032,0.011,60.119,,,,,,,,,,,True
Citrobacter koseri,Imipenem,0.000,0.000,-2.397,,,,,,,,,,,True
Citrobacter koseri,Meropenem,-0.083,0.007,163.000,,,,,,,,,,,True
Bacteroides fragilis,Meropenem,0.061,0.011,-126.810,,,,,,,,,,,True
Morganella morganii,Doripenem,-0.045,0.011,89.777,,,,,,,,,,,True
Morganella morganii,Imipenem,-0.025,0.010,52.032,,,,,,,,,,,True
Morganella morganii,Meropenem,-0.019,0.009,34.224,,,,,,,,,,,True
Acinetobacter pitii,Doripenem,-0.110,0.051,219.417,,,,,,,,,,,True
Acinetobacter pitii,Imipenem,-0.185,0.056,370.933,,,,,,,,,,,True
Acinetobacter pitii,Meropenem,0.000,0.000,-1.500,-0.368,1.206,0.094,2.218,740.992,0.000,0.000,-1.551,0.050,-1.551,True
Proteus vulgaris,Doripenem,0.000,0.000,-2.293,,,,,,,,,,,True
Proteus vulgaris,Imipenem,-0.032,0.016,64.457,,,,,,,,,,,True
Proteus vulgaris,Meropenem,0.000,0.000,-3.535,,,,,,,,,,,True
Enterobacter asburiae,Doripenem,0.000,0.000,-3.393,,,,,,,,,,,True
Enterobacter asburiae,Imipenem,0.073,0.014,-147.721,-4.000,0.000,-48.000,0.000,8020.000,,,,,,True
Enterobacter asburiae,Meropenem,0.000,0.000,-3.378,0.105,0.168,-2.472,0.982,-213.632,-0.002,0.016,-3.391,0.056,1.216,True
Acinetobacter lwoffii,Doripenem,0.000,0.000,-2.250,,,,,,,,,,,True
Acinetobacter lwoffii,Imipenem,0.000,0.000,-2.876,0.000,0.000,-3.705,0.069,-3.705,0.000,0.000,-3.823,0.049,-3.823,True
Acinetobacter lwoffii,Meropenem,-0.116,0.017,229.344,-0.008,0.027,-3.089,0.155,12.717,-0.066,0.160,-3.697,1.178,129.948,True
Streptococcus dysgalactiae,Doripenem,0.000,0.000,-3.937,,,,,,,,,,,True
Streptococcus dysgalactiae,Meropenem,0.047,0.011,-98.468,,,,,,,,,,,True
Clostridioides (Clostridium) difficile,Meropenem,0.062,0.014,-126.270,,,,,,,,,,,True
