Country,Year,MIC
United States,2004.000,-3.000
Germany,2004.000,-3.000
Germany,2004.000,-4.000
Germany,2004.000,-3.000
Germany,2004.000,-3.000
Germany,2004.000,-5.000
Germany,2004.000,-5.000
Germany,2004.000,-2.000
Germany,2004.000,-3.000
Germany,2004.000,-4.000
Germany,2004.000,-3.000
Spain,2004.000,-2.000
United States,2004.000,-3.000
Belgium,2004.000,-3.000
Italy,2004.000,-2.000
Italy,2004.000,-3.000
Italy,2004.000,-4.000
France,2004.000,-4.000
France,2004.000,-3.000
France,2004.000,-2.000
France,2004.000,-4.000
France,2004.000,-4.000
France,2004.000,-3.000
France,2004.000,-4.000
United States,2004.000,-4.000
Australia,2004.000,-3.000
Italy,2004.000,-2.000
United States,2004.000,-3.000
United States,2004.000,-3.000
United States,2004.000,-3.000
United States,2004.000,-2.000
United States,2004.000,-3.000
United States,2004.000,-3.000
United States,2004.000,-3.000
United States,2004.000,-2.000
United Kingdom,2004.000,-3.000
United Kingdom,2004.000,-3.000
Ireland,2004.000,-3.000
Ireland,2004.000,-3.000
Ireland,2004.000,-3.000
France,2004.000,-4.000
Netherlands,2004.000,-2.000
Netherlands,2004.000,-2.000
Netherlands,2004.000,-3.000
Netherlands,2004.000,-3.000
Netherlands,2004.000,-3.000
Netherlands,2004.000,-2.000
Netherlands,2004.000,-4.000
Netherlands,2004.000,-3.000
Philippines,2004.000,-3.000
United States,2004.000,-2.000
United States,2004.000,-3.000
United States,2004.000,-4.000
United States,2004.000,-3.000
United States,2004.000,-3.000
United States,2004.000,-1.000
United States,2004.000,-5.000
Portugal,2004.000,-4.000
Portugal,2004.000,-2.000
United States,2004.000,-2.000
United States,2004.000,-3.000
United States,2004.000,-3.000
United States,2004.000,-3.000
United States,2004.000,-2.000
United States,2004.000,-2.000
United States,2004.000,-2.000
United States,2004.000,-3.000
United States,2004.000,-4.000
United States,2004.000,-3.000
United States,2004.000,-3.000
United States,2004.000,-3.000
United States,2004.000,-2.000
United States,2004.000,-2.000
United States,2004.000,-3.000
United Kingdom,2004.000,-4.000
United Kingdom,2004.000,-3.000
United Kingdom,2004.000,-4.000
United Kingdom,2004.000,-3.000
United Kingdom,2004.000,-3.000
United Kingdom,2004.000,-5.000
United Kingdom,2004.000,-3.000
United Kingdom,2004.000,-3.000
United Kingdom,2004.000,-3.000
United Kingdom,2004.000,-3.000
Germany,2004.000,-3.000
United States,2004.000,-3.000
United States,2004.000,-3.000
United States,2004.000,-3.000
United States,2004.000,-4.000
United States,2004.000,-4.000
United States,2004.000,-3.000
United States,2004.000,-3.000
United States,2004.000,-4.000
United States,2004.000,-3.000
United States,2004.000,-2.000
United States,2004.000,-3.000
United States,2004.000,-3.000
United States,2004.000,-3.000
United States,2004.000,-3.000
United States,2004.000,-3.000
United States,2004.000,-3.000
Belgium,2004.000,-3.000
Belgium,2004.000,-3.000
Belgium,2004.000,-3.000
France,2004.000,-4.000
Australia,2004.000,-4.000
Australia,2004.000,-4.000
Australia,2004.000,-4.000
Australia,2004.000,-3.000
Canada,2004.000,-5.000
United States,2005.000,-4.000
Italy,2005.000,-3.000
Italy,2005.000,-2.000
United States,2005.000,-3.000
United States,2005.000,-3.000
United States,2005.000,-3.000
United States,2005.000,-2.000
United States,2005.000,-3.000
United States,2005.000,-3.000
United States,2005.000,-3.000
United States,2005.000,-3.000
United States,2005.000,-2.000
United States,2005.000,-3.000
United States,2005.000,-3.000
United States,2005.000,-3.000
United States,2005.000,-2.000
United States,2005.000,-2.000
United States,2005.000,-2.000
United States,2005.000,-2.000
United States,2005.000,-5.000
United States,2005.000,-4.000
United States,2005.000,-2.000
United States,2005.000,-3.000
United States,2005.000,-1.000
United States,2005.000,-2.000
United States,2005.000,-3.000
United States,2005.000,-2.000
Sweden,2005.000,-4.000
Spain,2005.000,-2.000
Spain,2005.000,-5.000
United States,2005.000,-3.000
United States,2005.000,-2.000
India,2005.000,-2.000
United States,2005.000,-3.000
United States,2005.000,-4.000
United States,2005.000,-4.000
United States,2005.000,-4.000
United States,2005.000,-2.000
United States,2005.000,-4.000
United States,2005.000,-2.000
United States,2005.000,-3.000
United States,2005.000,-3.000
United States,2005.000,-3.000
Belgium,2005.000,-2.000
United States,2005.000,-3.000
United States,2005.000,-2.000
United States,2005.000,-5.000
United States,2005.000,-2.000
United States,2005.000,-3.000
United States,2005.000,-3.000
United States,2005.000,-2.000
United States,2005.000,-2.000
United States,2005.000,-3.000
France,2005.000,-4.000
Australia,2005.000,-3.000
Australia,2005.000,-3.000
Canada,2005.000,-4.000
Canada,2005.000,-5.000
Canada,2005.000,-2.000
United States,2005.000,-1.000
United States,2005.000,0.000
United States,2005.000,-4.000
United States,2005.000,-4.000
United States,2005.000,-3.000
United States,2005.000,-3.000
United States,2005.000,-4.000
United States,2005.000,-3.000
United States,2005.000,-3.000
Canada,2005.000,-3.000
Canada,2005.000,-4.000
Canada,2005.000,-4.000
Canada,2005.000,-3.000
Ireland,2005.000,-4.000
United States,2005.000,-4.000
Chile,2005.000,-3.000
United States,2005.000,-3.000
Denmark,2005.000,-5.000
Denmark,2005.000,-4.000
Denmark,2005.000,-3.000
Denmark,2005.000,-3.000
United States,2006.000,-3.000
United States,2006.000,-2.000
United States,2006.000,-3.000
Colombia,2006.000,-3.000
Switzerland,2006.000,-3.000
Switzerland,2006.000,-5.000
Switzerland,2006.000,-5.000
Italy,2006.000,-3.000
Italy,2006.000,-3.000
Italy,2006.000,-3.000
Italy,2006.000,-3.000
Italy,2006.000,-4.000
United States,2006.000,-4.000
United States,2006.000,-4.000
United States,2006.000,-4.000
United States,2006.000,-3.000
United States,2006.000,-4.000
United States,2006.000,-3.000
United States,2006.000,-2.000
United States,2006.000,-3.000
United States,2006.000,-3.000
United States,2006.000,-5.000
United States,2006.000,-4.000
United States,2006.000,-3.000
United States,2006.000,-3.000
United States,2006.000,-2.000
United States,2006.000,-3.000
United States,2006.000,-3.000
United States,2006.000,-3.000
United States,2006.000,-3.000
United States,2006.000,-2.000
United States,2006.000,-4.000
United States,2006.000,-4.000
United States,2006.000,-3.000
United States,2006.000,-2.000
United States,2006.000,-3.000
Canada,2006.000,-4.000
Canada,2006.000,-3.000
Ireland,2006.000,-3.000
Ireland,2006.000,-3.000
Ireland,2006.000,-4.000
Ireland,2006.000,-3.000
Ireland,2006.000,-4.000
United States,2006.000,-4.000
Italy,2006.000,-5.000
United States,2006.000,-3.000
United States,2006.000,-3.000
United States,2006.000,-3.000
United States,2006.000,-4.000
United States,2006.000,-4.000
United States,2006.000,-3.000
United States,2006.000,-3.000
Denmark,2006.000,-3.000
Denmark,2006.000,-4.000
Denmark,2006.000,-5.000
Denmark,2006.000,-5.000
Denmark,2006.000,-4.000
Denmark,2006.000,-2.000
Italy,2006.000,-2.000
Canada,2006.000,-2.000
Canada,2006.000,-5.000
Sweden,2006.000,-3.000
Sweden,2006.000,-4.000
Sweden,2006.000,-5.000
United States,2006.000,-3.000
United States,2006.000,-5.000
United States,2006.000,-5.000
France,2006.000,-4.000
Germany,2006.000,-4.000
Germany,2006.000,-4.000
"Korea, South",2006.000,-2.000
Turkey,2006.000,-4.000
Austria,2006.000,-4.000
Lithuania,2006.000,-5.000
Philippines,2006.000,-2.000
United States,2006.000,-3.000
United States,2006.000,-2.000
Canada,2006.000,-4.000
United States,2006.000,-3.000
United States,2006.000,-5.000
United States,2006.000,-5.000
Mexico,2006.000,-2.000
Germany,2006.000,-3.000
France,2006.000,-2.000
