Country,Year,MIC
Italy,2012.000,-1.000
Germany,2012.000,2.050
Philippines,2012.000,2.050
Philippines,2012.000,2.050
Germany,2012.000,0.000
Germany,2012.000,1.000
Germany,2012.000,1.000
Germany,2012.000,-1.000
Belgium,2012.000,-1.000
China,2012.000,2.050
Taiwan,2012.000,2.050
France,2012.000,0.000
Austria,2012.000,-1.000
Thailand,2012.000,-1.000
China,2012.000,1.000
United Kingdom,2012.000,2.050
Israel,2013.000,1.000
China,2013.000,2.050
Spain,2013.000,2.050
Malaysia,2013.000,2.050
Portugal,2013.000,2.050
Germany,2013.000,0.000
Germany,2013.000,2.050
Israel,2013.000,2.050
United States,2013.000,2.000
Philippines,2013.000,2.000
United States,2013.000,2.050
China,2013.000,2.050
China,2013.000,0.000
South Africa,2013.000,2.000
Russia,2013.000,2.050
Russia,2013.000,2.050
Russia,2013.000,2.050
Brazil,2013.000,2.000
Malaysia,2013.000,2.050
Greece,2014.000,2.050
South Africa,2014.000,2.050
South Africa,2014.000,0.000
Venezuela,2014.000,1.000
Kuwait,2014.000,0.000
Brazil,2014.000,2.050
Thailand,2014.000,2.050
United States,2015.000,-3.000
United States,2015.000,-3.000
United States,2015.000,-3.000
South Africa,2015.000,0.000
Germany,2015.000,-3.000
Germany,2015.000,-2.000
Germany,2015.000,-3.000
Germany,2015.000,-3.000
Germany,2015.000,-3.000
France,2015.000,-2.000
Australia,2015.000,-3.000
Australia,2015.000,0.000
Australia,2015.000,-2.000
Australia,2015.000,-3.000
Australia,2015.000,-3.000
Chile,2015.000,-3.000
Italy,2015.000,-2.000
Chile,2015.000,-3.000
United States,2015.000,-3.000
Russia,2015.000,-3.000
United States,2015.000,-3.000
France,2015.000,-3.000
Belgium,2015.000,-3.000
Belgium,2015.000,-3.000
Germany,2015.000,-3.000
Germany,2015.000,-3.000
Germany,2015.000,-3.000
Germany,2015.000,-4.000
Czech Republic,2015.000,-3.000
United States,2015.000,-2.000
United States,2015.000,-3.000
United States,2015.000,-2.000
Mexico,2015.000,-3.000
Mexico,2015.000,1.000
United States,2015.000,-3.000
Mexico,2015.000,-3.000
Mexico,2015.000,-3.000
"Korea, South",2015.000,-3.000
United Kingdom,2015.000,-3.000
Italy,2015.000,-3.000
United States,2015.000,-3.000
France,2015.000,-3.000
France,2015.000,-2.000
United States,2015.000,-2.000
United States,2015.000,-3.000
United States,2015.000,-3.000
Denmark,2015.000,-3.000
Taiwan,2015.000,-2.000
Mexico,2015.000,-3.000
Brazil,2015.000,-3.000
Brazil,2015.000,-3.000
South Africa,2015.000,-2.000
United Kingdom,2015.000,-3.000
United States,2015.000,-3.000
United States,2015.000,-3.000
Kuwait,2016.000,-2.000
Mexico,2016.000,-2.000
Mexico,2016.000,-3.000
United States,2016.000,-3.000
United States,2016.000,-3.000
United States,2016.000,-2.000
Spain,2016.000,-3.000
Spain,2016.000,-3.000
Spain,2016.000,-3.000
Italy,2016.000,-3.000
Italy,2016.000,-3.000
Italy,2016.000,-3.000
"Korea, South",2016.000,-2.000
United States,2016.000,-4.000
United States,2016.000,-3.000
United States,2016.000,-3.000
United States,2016.000,-3.000
Germany,2016.000,-2.000
South Africa,2016.000,-3.000
Germany,2016.000,-3.000
Germany,2016.000,-3.000
United States,2016.000,-2.000
France,2016.000,-3.000
France,2016.000,-4.000
France,2016.000,-3.000
France,2016.000,-3.000
Venezuela,2016.000,-3.000
Venezuela,2016.000,-3.000
United Kingdom,2016.000,-3.000
Germany,2016.000,-3.000
Germany,2016.000,-3.000
Germany,2016.000,-3.000
Germany,2016.000,-3.000
Chile,2016.000,-2.000
Chile,2016.000,-2.000
Chile,2016.000,-2.000
United States,2016.000,-2.000
United States,2016.000,-2.000
United States,2016.000,-3.000
France,2016.000,-3.000
France,2016.000,-3.000
Austria,2016.000,-2.000
Taiwan,2016.000,0.000
Taiwan,2016.000,-3.000
United States,2016.000,-2.000
Australia,2016.000,-3.000
Australia,2016.000,-3.000
France,2016.000,-1.000
Brazil,2016.000,0.000
Brazil,2016.000,-3.000
Philippines,2016.000,-2.000
Thailand,2016.000,-3.000
Poland,2016.000,-3.000
Belgium,2016.000,-2.000
France,2016.000,-3.000
France,2016.000,-3.000
France,2016.000,-3.000
Venezuela,2016.000,-4.000
Venezuela,2016.000,-2.000
United States,2016.000,-3.000
United States,2016.000,-2.000
United States,2016.000,-3.000
United States,2016.000,-3.000
United States,2016.000,-3.000
United States,2016.000,-2.000
Germany,2016.000,-4.000
Germany,2016.000,-4.000
Germany,2016.000,-3.000
France,2016.000,-4.000
France,2016.000,-4.000
