Country,Year,MIC
Australia,2012.000,-3.000
Philippines,2012.000,-3.000
Portugal,2012.000,-4.000
Germany,2012.000,-3.000
Czech Republic,2012.000,-3.000
Czech Republic,2012.000,-4.000
Czech Republic,2012.000,-3.000
United States,2012.000,-2.000
Netherlands,2012.000,-4.000
France,2012.000,-3.000
Venezuela,2012.000,-4.000
Czech Republic,2012.000,-3.000
Czech Republic,2012.000,-3.000
Germany,2012.000,-3.000
United States,2012.000,-3.000
Italy,2012.000,-3.000
France,2012.000,-2.000
Turkey,2012.000,-3.000
United States,2012.000,-3.000
Hungary,2012.000,-2.000
Australia,2012.000,-3.000
Australia,2012.000,-3.000
United Kingdom,2012.000,-3.000
United States,2012.000,-3.000
United States,2012.000,-3.000
United States,2012.000,-2.000
Australia,2012.000,-3.000
Australia,2012.000,-3.000
Australia,2012.000,-3.000
Australia,2012.000,-3.000
Colombia,2012.000,-3.000
China,2012.000,-3.000
France,2012.000,-3.000
France,2012.000,-3.000
France,2012.000,-3.000
Germany,2012.000,-2.000
Germany,2012.000,-3.000
Romania,2012.000,-3.000
Turkey,2012.000,-3.000
United States,2012.000,-4.000
Japan,2012.000,-3.000
Japan,2012.000,-2.000
Austria,2012.000,-3.000
Spain,2012.000,-3.000
United States,2012.000,-3.000
United States,2012.000,-2.000
Brazil,2012.000,-4.000
United States,2013.000,-4.000
France,2013.000,-3.000
Kuwait,2013.000,-3.000
Poland,2013.000,-3.000
Poland,2013.000,-3.000
Poland,2013.000,-3.000
China,2013.000,-2.000
Denmark,2013.000,-3.000
Denmark,2013.000,-4.000
Denmark,2013.000,-3.000
Malaysia,2013.000,-3.000
Malaysia,2013.000,-3.000
Russia,2013.000,-4.000
Russia,2013.000,-2.000
Russia,2013.000,-4.000
Belgium,2013.000,-3.000
Belgium,2013.000,-2.000
Italy,2013.000,-1.000
Netherlands,2013.000,-3.000
Netherlands,2013.000,-4.000
Argentina,2013.000,-4.000
United States,2013.000,-4.000
Sweden,2013.000,-3.000
Sweden,2013.000,-3.000
Sweden,2013.000,-3.000
Sweden,2013.000,-3.000
Sweden,2013.000,-3.000
France,2013.000,-1.000
Czech Republic,2013.000,-4.000
Spain,2013.000,-4.000
Germany,2013.000,-3.000
United States,2013.000,-4.000
Venezuela,2013.000,-3.000
Philippines,2013.000,-4.000
Spain,2013.000,-3.000
Sweden,2013.000,-5.000
Austria,2013.000,-3.000
Austria,2013.000,-3.000
Germany,2013.000,-3.000
Germany,2013.000,-4.000
France,2013.000,-3.000
Germany,2013.000,-3.000
Germany,2013.000,-3.000
Portugal,2013.000,-2.000
United States,2013.000,-3.000
Taiwan,2013.000,-3.000
Taiwan,2013.000,-3.000
Romania,2013.000,-4.000
United States,2013.000,-3.000
Colombia,2013.000,-3.000
France,2013.000,-3.000
France,2013.000,-3.000
Chile,2013.000,-3.000
Germany,2013.000,-3.000
Germany,2013.000,-4.000
Germany,2013.000,-3.000
Germany,2013.000,-3.000
United States,2013.000,-3.000
United States,2013.000,-4.000
Mexico,2013.000,-3.000
Mexico,2013.000,-4.000
Mexico,2013.000,-4.000
United States,2013.000,-3.000
United States,2013.000,-4.000
United States,2013.000,-4.000
"Korea, South",2013.000,-3.000
Mexico,2013.000,-3.000
Mexico,2013.000,-3.000
Israel,2013.000,-3.000
Japan,2013.000,-4.000
Japan,2013.000,-4.000
Sweden,2013.000,-3.000
Netherlands,2014.000,-3.000
United States,2014.000,-2.000
Germany,2014.000,-3.000
Germany,2014.000,-3.000
Germany,2014.000,-3.000
United States,2014.000,-3.000
United States,2014.000,-3.000
United States,2014.000,-3.000
United States,2014.000,-3.000
United States,2014.000,-2.000
Venezuela,2014.000,-3.000
Venezuela,2014.000,-3.000
Sweden,2014.000,-3.000
Sweden,2014.000,-3.000
Spain,2014.000,-2.000
France,2014.000,-4.000
United States,2014.000,-3.000
Greece,2014.000,-2.000
Spain,2014.000,-3.000
Spain,2014.000,-3.000
France,2014.000,-3.000
France,2014.000,-3.000
France,2014.000,-1.000
France,2014.000,-3.000
France,2014.000,-3.000
South Africa,2014.000,-3.000
Germany,2014.000,-3.000
Germany,2014.000,-3.000
Germany,2014.000,-3.000
Germany,2014.000,-3.000
Australia,2014.000,-3.000
Australia,2014.000,-3.000
Australia,2014.000,-3.000
Belgium,2014.000,-3.000
Belgium,2014.000,-3.000
Venezuela,2014.000,-2.000
Venezuela,2014.000,-3.000
Poland,2014.000,-3.000
Poland,2014.000,-3.000
Australia,2014.000,-3.000
Philippines,2014.000,-3.000
Philippines,2014.000,-3.000
Philippines,2014.000,-3.000
Italy,2014.000,-3.000
Taiwan,2014.000,-3.000
Czech Republic,2014.000,-3.000
Czech Republic,2014.000,-3.000
Czech Republic,2014.000,-3.000
Italy,2014.000,-3.000
Italy,2014.000,-3.000
Germany,2014.000,-3.000
United States,2014.000,-3.000
United States,2014.000,-3.000
United States,2014.000,-3.000
Kuwait,2014.000,-3.000
Spain,2014.000,-3.000
Germany,2014.000,-3.000
Australia,2014.000,-2.000
Australia,2014.000,-3.000
Australia,2014.000,-3.000
Australia,2014.000,-3.000
Philippines,2014.000,-3.000
Mexico,2014.000,-3.000
Germany,2014.000,-2.000
Germany,2014.000,-2.000
Germany,2014.000,-3.000
Germany,2014.000,-3.000
Germany,2014.000,-3.000
Germany,2014.000,-3.000
Russia,2014.000,-3.000
Russia,2014.000,-3.000
Taiwan,2014.000,-1.000
Italy,2014.000,-3.000
Italy,2014.000,-3.000
Belgium,2014.000,-3.000
Chile,2014.000,-3.000
Chile,2014.000,-3.000
United States,2014.000,-3.000
United States,2014.000,-3.000
United States,2014.000,-3.000
Turkey,2014.000,-3.000
Japan,2014.000,-2.000
Israel,2014.000,-3.000
Israel,2014.000,-3.000
Italy,2014.000,-3.000
Italy,2014.000,-3.000
Belgium,2014.000,-2.000
Germany,2014.000,-3.000
Germany,2014.000,-4.000
Chile,2014.000,-3.000
United States,2014.000,-3.000
United States,2014.000,-3.000
France,2014.000,-3.000
France,2014.000,-3.000
France,2014.000,-3.000
Austria,2014.000,-3.000
United States,2014.000,-3.000
United States,2014.000,-3.000
United States,2014.000,-3.000
United States,2014.000,-3.000
United States,2014.000,-3.000
United States,2014.000,-3.000
United States,2014.000,-3.000
United States,2014.000,-3.000
United States,2014.000,-3.000
United States,2014.000,-3.000
United States,2014.000,-3.000
United States,2014.000,-3.000
United States,2014.000,-3.000
United States,2014.000,-3.000
United States,2014.000,-4.000
United States,2014.000,-3.000
United States,2014.000,-3.000
Sweden,2014.000,-3.000
Sweden,2014.000,-3.000
Malaysia,2014.000,-3.000
