Country,Year,MIC
United States,2011.000,-3.000
United States,2011.000,-2.000
United States,2011.000,-2.000
United States,2011.000,-1.000
United States,2011.000,-4.000
United States,2011.000,-3.000
United States,2011.000,-2.000
United States,2011.000,-2.000
United States,2011.000,-3.000
Spain,2011.000,-2.000
France,2011.000,-1.000
France,2011.000,-1.000
France,2011.000,1.000
France,2011.000,-2.000
France,2011.000,-2.000
France,2011.000,-1.000
France,2011.000,-3.000
France,2011.000,-3.000
France,2011.000,-3.000
France,2011.000,-2.000
Spain,2011.000,-2.000
France,2011.000,-1.000
Germany,2011.000,-3.000
Germany,2011.000,-2.000
Germany,2011.000,-2.000
Germany,2011.000,-2.000
Germany,2011.000,-2.000
France,2011.000,-5.000
France,2011.000,-2.000
France,2011.000,-2.000
France,2011.000,-2.000
France,2011.000,-2.000
Spain,2011.000,-2.000
France,2012.000,3.050
France,2012.000,3.000
United States,2012.000,3.050
Panama,2012.000,3.050
Germany,2012.000,2.050
Philippines,2012.000,2.050
Philippines,2012.000,2.050
Germany,2012.000,2.050
Germany,2012.000,2.000
Germany,2012.000,2.000
Germany,2012.000,2.000
China,2012.000,2.050
Taiwan,2012.000,2.050
Spain,2012.000,3.050
Spain,2012.000,3.050
Spain,2012.000,3.050
United Kingdom,2012.000,2.050
Spain,2012.000,3.000
Colombia,2012.000,3.050
Spain,2012.000,3.050
Spain,2012.000,3.050
Spain,2012.000,3.050
Spain,2012.000,3.050
Spain,2012.000,3.000
Spain,2012.000,3.050
Italy,2012.000,3.050
Spain,2013.000,3.050
Israel,2013.000,1.000
Italy,2013.000,1.000
China,2013.000,2.050
Spain,2013.000,2.050
Colombia,2013.000,3.050
Colombia,2013.000,3.050
Chile,2013.000,1.000
United States,2013.000,3.050
United States,2013.000,3.050
Malaysia,2013.000,2.050
Mexico,2013.000,3.000
Mexico,2013.000,3.050
Mexico,2013.000,3.050
Mexico,2013.000,3.050
Germany,2013.000,3.050
Spain,2013.000,3.000
Spain,2013.000,3.050
Spain,2013.000,3.000
Portugal,2013.000,2.050
Egypt,2013.000,3.050
Germany,2013.000,2.000
Israel,2013.000,2.050
France,2013.000,3.050
United States,2013.000,2.050
United States,2013.000,2.050
China,2013.000,2.050
Spain,2013.000,3.050
United States,2013.000,3.050
Italy,2013.000,1.000
United States,2013.000,3.000
Russia,2013.000,2.050
Russia,2013.000,2.050
Russia,2013.000,2.050
United States,2013.000,1.000
United States,2013.000,1.000
United States,2013.000,3.050
United States,2013.000,1.000
Spain,2013.000,3.050
Malaysia,2013.000,2.050
Germany,2014.000,3.050
Greece,2014.000,2.050
South Africa,2014.000,2.050
South Africa,2014.000,0.000
Venezuela,2014.000,2.050
Switzerland,2014.000,0.000
Kuwait,2014.000,1.000
Netherlands,2014.000,0.000
Romania,2014.000,1.000
United States,2014.000,0.000
Belgium,2014.000,0.000
Belgium,2014.000,1.000
Brazil,2014.000,2.050
United States,2014.000,0.000
Germany,2014.000,3.050
Portugal,2014.000,3.050
United States,2014.000,0.000
United Kingdom,2014.000,0.000
Germany,2014.000,0.000
Germany,2014.000,3.050
Belgium,2014.000,3.000
Germany,2014.000,0.000
Germany,2014.000,0.000
United States,2014.000,0.000
United States,2014.000,0.000
United States,2014.000,0.000
United States,2014.000,0.000
Spain,2014.000,3.050
Spain,2014.000,0.000
Spain,2014.000,0.000
Spain,2014.000,3.000
Spain,2014.000,2.000
Spain,2014.000,3.000
Belgium,2014.000,0.000
Germany,2014.000,3.050
Thailand,2014.000,2.050
Belgium,2014.000,0.000
Germany,2014.000,0.000
Belgium,2014.000,1.000
Germany,2014.000,0.000
France,2014.000,0.000
France,2014.000,2.000
Italy,2014.000,3.000
France,2014.000,0.000
France,2014.000,0.000
Germany,2014.000,3.000
Germany,2014.000,2.000
Germany,2014.000,3.000
Finland,2014.000,0.000
France,2014.000,0.000
Greece,2014.000,3.050
France,2014.000,0.000
Italy,2014.000,0.000
Italy,2014.000,0.000
Denmark,2014.000,0.000
Denmark,2014.000,0.000
France,2014.000,0.000
France,2014.000,0.000
Germany,2014.000,0.000
Italy,2015.000,3.050
South Africa,2015.000,1.000
Kuwait,2015.000,3.000
Spain,2015.000,3.050
Taiwan,2015.000,3.000
Taiwan,2015.000,3.000
South Africa,2015.000,1.000
Mexico,2015.000,2.000
Malaysia,2015.000,1.000
Canada,2015.000,2.000
Spain,2015.000,3.050
Spain,2015.000,3.050
United States,2015.000,3.050
Belgium,2015.000,1.000
Belgium,2015.000,1.000
Belgium,2015.000,2.000
Italy,2015.000,3.050
Italy,2015.000,3.000
Italy,2015.000,3.050
Spain,2015.000,3.000
Spain,2015.000,3.050
Vietnam,2016.000,3.050
Italy,2016.000,3.050
United Kingdom,2016.000,3.000
Spain,2016.000,3.050
United States,2016.000,0.000
Germany,2016.000,0.000
Germany,2016.000,0.000
Canada,2016.000,0.000
Canada,2016.000,0.000
Germany,2016.000,0.000
France,2016.000,0.000
Brazil,2016.000,2.000
Germany,2016.000,0.000
Germany,2016.000,0.000
Germany,2016.000,0.000
Spain,2016.000,3.050
Spain,2016.000,3.050
France,2016.000,0.000
France,2016.000,0.000
Switzerland,2016.000,0.000
Spain,2016.000,3.050
Spain,2016.000,3.050
Spain,2016.000,3.050
Saudi Arabia,2016.000,0.000
United States,2016.000,0.000
United States,2016.000,1.000
United States,2016.000,0.000
Taiwan,2016.000,0.000
Italy,2016.000,0.000
Germany,2016.000,0.000
Italy,2016.000,3.050
United States,2016.000,-5.000
United States,2016.000,1.000
Belgium,2016.000,0.000
Belgium,2016.000,0.000
Belgium,2016.000,3.050
Belgium,2016.000,3.050
Belgium,2016.000,0.000
France,2016.000,0.000
France,2016.000,0.000
Spain,2016.000,2.000
Spain,2016.000,0.000
United States,2016.000,0.000
Germany,2016.000,0.000
Greece,2016.000,1.000
Canada,2016.000,3.050
Germany,2016.000,0.000
Canada,2016.000,0.000
Canada,2016.000,2.000
Italy,2016.000,3.050
Germany,2017.000,1.000
Germany,2017.000,1.000
Spain,2017.000,1.000
Belgium,2017.000,3.050
Belgium,2017.000,1.000
Lithuania,2017.000,3.000
United States,2017.000,3.050
United States,2017.000,3.050
Guatemala,2017.000,3.050
Croatia,2017.000,3.050
Germany,2017.000,2.000
France,2017.000,1.000
Spain,2017.000,3.050
Spain,2017.000,3.050
