Country,Year,MIC
United States,2006.000,-4.000
United States,2006.000,-4.000
United States,2006.000,-5.000
United States,2006.000,-5.000
Sweden,2006.000,3.000
Denmark,2006.000,-4.000
United States,2006.000,-4.000
United States,2006.000,-5.000
United States,2006.000,-5.000
United States,2006.000,-4.000
United States,2006.000,-4.000
United States,2006.000,-1.000
United States,2006.000,-1.000
South Africa,2006.000,-4.000
South Africa,2006.000,-1.000
South Africa,2006.000,-2.000
United States,2006.000,-1.000
United States,2006.000,-5.000
United States,2006.000,-2.000
United States,2006.000,-3.000
United States,2006.000,-4.000
United States,2006.000,-5.000
United States,2006.000,-5.000
Slovenia,2006.000,-4.000
United States,2006.000,-1.000
United States,2006.000,-2.000
United States,2006.000,-1.000
United States,2006.000,-5.000
Italy,2006.000,-1.000
Italy,2006.000,-1.000
Italy,2006.000,-3.000
Italy,2006.000,-4.000
United States,2006.000,-1.000
Italy,2006.000,-4.000
United States,2006.000,-1.000
United States,2006.000,-3.000
United States,2006.000,-3.000
Mexico,2006.000,-3.000
Panama,2006.000,-4.000
Italy,2006.000,-2.000
United States,2006.000,-3.000
United States,2006.000,-3.000
France,2006.000,-5.000
Netherlands,2006.000,-2.000
United Kingdom,2006.000,-5.000
United Kingdom,2006.000,-4.000
United Kingdom,2006.000,-2.000
United Kingdom,2006.000,-1.000
Australia,2006.000,-1.000
Australia,2006.000,-1.000
Germany,2006.000,-2.000
Germany,2006.000,-5.000
United States,2006.000,-2.000
United States,2006.000,-5.000
Mexico,2006.000,-5.000
United Kingdom,2007.000,-2.000
United States,2007.000,-2.000
United States,2007.000,-5.000
Italy,2007.000,2.000
Italy,2007.000,1.000
Italy,2007.000,-5.000
Australia,2007.000,-3.000
Australia,2007.000,-4.000
Germany,2007.000,-3.000
Germany,2007.000,-2.000
Germany,2007.000,-3.000
Ireland,2007.000,-5.000
Ireland,2007.000,-3.000
Ireland,2007.000,-2.000
Ireland,2007.000,-5.000
Ireland,2007.000,-1.000
Ireland,2007.000,-1.000
France,2007.000,-5.000
United States,2007.000,-3.000
United States,2007.000,-2.000
United States,2007.000,-2.000
United States,2007.000,-5.000
United States,2007.000,-5.000
United States,2007.000,-2.000
Spain,2007.000,-1.000
Germany,2007.000,-4.000
Belgium,2007.000,-2.000
Netherlands,2007.000,-1.000
Netherlands,2007.000,-1.000
Argentina,2007.000,-1.000
United States,2007.000,-5.000
Italy,2007.000,-3.000
Italy,2007.000,-1.000
France,2007.000,-3.000
Greece,2007.000,-2.000
Greece,2007.000,0.000
United Kingdom,2007.000,-4.000
United Kingdom,2007.000,-3.000
United Kingdom,2007.000,-4.000
United Kingdom,2007.000,-4.000
United Kingdom,2007.000,-5.000
United Kingdom,2007.000,-4.000
United Kingdom,2007.000,-5.000
Finland,2007.000,-5.000
Finland,2007.000,-4.000
United States,2007.000,-2.000
Australia,2007.000,-1.000
Australia,2007.000,-2.000
South Africa,2007.000,2.000
Australia,2007.000,-2.000
Australia,2007.000,-1.000
Australia,2007.000,-5.000
United States,2007.000,-2.000
United States,2007.000,-2.000
United States,2007.000,-2.000
United States,2007.000,-3.000
United States,2007.000,-1.000
United States,2007.000,-2.000
United States,2007.000,-3.000
United States,2007.000,-2.000
Sweden,2007.000,-5.000
Canada,2007.000,-4.000
Canada,2007.000,-4.000
Canada,2007.000,-3.000
Germany,2007.000,0.000
Germany,2007.000,-1.000
Germany,2007.000,-3.000
India,2007.000,3.050
"Korea, South",2007.000,-1.000
Italy,2007.000,-1.000
Italy,2007.000,-1.000
Italy,2007.000,-3.000
Italy,2007.000,-4.000
Italy,2007.000,-3.000
Italy,2007.000,-4.000
Italy,2007.000,-3.000
Italy,2007.000,-3.000
Mexico,2007.000,-1.000
Hungary,2007.000,-5.000
Hungary,2007.000,-5.000
Hungary,2007.000,-4.000
Hungary,2007.000,-5.000
Hungary,2007.000,-2.000
United States,2007.000,-1.000
United States,2007.000,-4.000
United States,2007.000,-1.000
United States,2007.000,0.000
United States,2007.000,-3.000
United States,2007.000,-3.000
United States,2007.000,-1.000
United States,2007.000,-2.000
United States,2007.000,-2.000
United States,2007.000,-3.000
United States,2007.000,-5.000
Venezuela,2007.000,-5.000
Venezuela,2007.000,-5.000
Ireland,2007.000,-2.000
Ireland,2007.000,-4.000
Ireland,2007.000,-2.000
Ireland,2007.000,-2.000
France,2007.000,-1.000
France,2007.000,-5.000
United States,2007.000,3.000
Venezuela,2007.000,-1.000
United States,2007.000,-3.000
United States,2007.000,0.000
United States,2007.000,-2.000
United States,2007.000,2.000
United States,2007.000,-5.000
United States,2007.000,-2.000
United States,2007.000,-5.000
United States,2007.000,-3.000
United States,2007.000,-5.000
United States,2007.000,-4.000
United States,2007.000,-2.000
United States,2007.000,-2.000
United States,2007.000,-3.000
United States,2007.000,-3.000
United States,2007.000,-2.000
United States,2007.000,-5.000
United States,2007.000,-1.000
United States,2007.000,-2.000
United States,2007.000,-3.000
United States,2007.000,-3.000
United States,2007.000,-4.000
United States,2007.000,-3.000
United States,2007.000,2.000
Singapore,2007.000,-2.000
United States,2007.000,-1.000
United States,2007.000,-1.000
Canada,2007.000,-1.000
Canada,2007.000,-1.000
Canada,2007.000,-2.000
United States,2007.000,-1.000
Canada,2007.000,-5.000
United States,2007.000,-1.000
United States,2007.000,-1.000
United States,2007.000,-4.000
Canada,2007.000,-3.000
United States,2007.000,-1.000
United States,2007.000,-2.000
Germany,2007.000,-1.000
Denmark,2007.000,-2.000
Denmark,2007.000,-2.000
Denmark,2007.000,-3.000
Denmark,2007.000,-4.000
Denmark,2007.000,-4.000
Italy,2007.000,-3.000
Italy,2007.000,-5.000
Italy,2007.000,-5.000
Italy,2007.000,-4.000
United States,2007.000,-5.000
United States,2007.000,-4.000
United States,2007.000,-3.000
United States,2007.000,-1.000
Canada,2007.000,-3.000
Canada,2007.000,-3.000
United States,2007.000,-2.000
Denmark,2007.000,-5.000
Denmark,2007.000,-4.000
Denmark,2007.000,-1.000
Denmark,2007.000,-5.000
Denmark,2007.000,-1.000
Denmark,2007.000,-1.000
United States,2007.000,-3.000
United States,2007.000,-3.000
United States,2007.000,-3.000
Denmark,2007.000,-2.000
Denmark,2007.000,-2.000
United States,2007.000,-4.000
Croatia,2007.000,-2.000
Croatia,2007.000,-1.000
United States,2007.000,-1.000
United States,2007.000,-1.000
Canada,2007.000,-1.000
Canada,2007.000,-3.000
France,2007.000,-5.000
United States,2007.000,-4.000
United States,2007.000,-4.000
Australia,2007.000,-2.000
Australia,2007.000,2.000
Australia,2007.000,2.000
United States,2008.000,1.000
Denmark,2008.000,3.000
Italy,2008.000,-1.000
United States,2008.000,-1.000
United States,2008.000,-1.000
United States,2008.000,-1.000
United States,2008.000,-1.000
United States,2008.000,2.000
Australia,2008.000,3.050
Italy,2008.000,0.000
Italy,2008.000,0.000
Italy,2008.000,-1.000
Italy,2008.000,1.000
India,2008.000,-1.000
Panama,2008.000,-1.000
Panama,2008.000,-1.000
Spain,2008.000,3.000
Italy,2008.000,-1.000
Netherlands,2008.000,-1.000
Netherlands,2008.000,-1.000
Mexico,2008.000,-1.000
Mexico,2008.000,-1.000
Mexico,2008.000,1.000
Germany,2008.000,-1.000
France,2008.000,-1.000
Portugal,2008.000,-1.000
Hungary,2008.000,3.050
Colombia,2008.000,1.000
Italy,2008.000,-1.000
Italy,2008.000,2.000
Sweden,2008.000,0.000
Mexico,2008.000,0.000
Denmark,2008.000,-1.000
France,2008.000,3.050
Canada,2008.000,0.000
Spain,2008.000,-1.000
Germany,2008.000,-1.000
Greece,2009.000,2.000
Italy,2009.000,3.000
Australia,2009.000,3.050
Spain,2009.000,3.050
Bulgaria,2009.000,3.050
Spain,2009.000,1.000
Spain,2009.000,2.000
Poland,2009.000,0.000
Germany,2009.000,0.000
Italy,2009.000,1.000
United States,2009.000,2.000
United States,2009.000,2.000
United States,2009.000,1.000
Spain,2009.000,3.050
Spain,2009.000,3.050
Italy,2009.000,3.000
"Korea, South",2009.000,1.000
Belgium,2009.000,0.000
Switzerland,2009.000,3.050
Czech Republic,2009.000,2.000
Spain,2009.000,0.000
United States,2010.000,3.050
United States,2010.000,3.050
Belgium,2010.000,3.050
United States,2010.000,1.000
Spain,2010.000,3.050
Germany,2010.000,1.000
France,2010.000,2.000
Hungary,2010.000,0.000
Guatemala,2010.000,2.000
Germany,2010.000,3.050
Italy,2010.000,2.000
Italy,2010.000,1.000
Mexico,2010.000,0.000
Belgium,2011.000,-5.000
Ireland,2011.000,-5.000
Ireland,2011.000,1.000
Slovak Republic,2011.000,-2.000
Slovak Republic,2011.000,-5.000
Slovak Republic,2011.000,-5.000
Slovak Republic,2011.000,-3.000
Spain,2011.000,0.000
Spain,2011.000,-5.000
United States,2011.000,-2.000
United States,2011.000,3.050
United States,2011.000,-2.000
United States,2011.000,-2.000
United States,2011.000,-3.000
United States,2011.000,-5.000
Italy,2011.000,-3.000
United States,2011.000,-3.000
United States,2011.000,2.000
United States,2011.000,-1.000
United States,2011.000,-1.000
United States,2011.000,1.000
United States,2011.000,3.000
United States,2011.000,-3.000
Germany,2011.000,-1.000
Belgium,2011.000,-5.000
United States,2011.000,-3.000
United States,2011.000,-1.000
South Africa,2011.000,-5.000
United States,2011.000,-3.000
United States,2011.000,-3.000
United States,2011.000,-1.000
United States,2011.000,-1.000
United States,2011.000,-2.000
Spain,2011.000,-2.000
France,2011.000,0.000
France,2011.000,-5.000
France,2011.000,-4.000
France,2011.000,-4.000
France,2011.000,-5.000
Spain,2011.000,-5.000
Spain,2011.000,-1.000
United States,2011.000,-3.000
United States,2011.000,-2.000
France,2011.000,2.000
United Kingdom,2011.000,-2.000
United Kingdom,2011.000,-5.000
France,2011.000,-5.000
France,2011.000,-4.000
Canada,2011.000,-5.000
Canada,2011.000,-4.000
Canada,2011.000,-3.000
Canada,2011.000,-3.000
Canada,2011.000,-3.000
Canada,2011.000,-2.000
United States,2011.000,-1.000
United States,2011.000,-5.000
United States,2011.000,-3.000
United States,2011.000,-3.000
Sweden,2011.000,-3.000
United States,2011.000,-2.000
United States,2011.000,-5.000
United States,2011.000,-4.000
Spain,2011.000,1.000
Germany,2011.000,-3.000
Germany,2011.000,-4.000
France,2011.000,-3.000
France,2011.000,-3.000
Ireland,2011.000,3.000
Ireland,2011.000,-4.000
Ireland,2011.000,-4.000
Ireland,2011.000,-5.000
Ireland,2011.000,-4.000
Spain,2011.000,-2.000
Spain,2011.000,-2.000
Germany,2011.000,-5.000
Germany,2011.000,-5.000
Germany,2011.000,-5.000
Germany,2011.000,-5.000
Germany,2011.000,-5.000
France,2011.000,-5.000
Netherlands,2011.000,-5.000
Netherlands,2011.000,-2.000
Netherlands,2011.000,-3.000
Netherlands,2011.000,-1.000
United Kingdom,2011.000,-5.000
United Kingdom,2011.000,-3.000
United Kingdom,2011.000,-3.000
United Kingdom,2011.000,-5.000
United Kingdom,2011.000,-5.000
United States,2011.000,-3.000
United States,2011.000,-3.000
United States,2011.000,-2.000
United States,2011.000,-3.000
United States,2011.000,-3.000
United States,2011.000,-1.000
Germany,2011.000,-2.000
France,2011.000,-4.000
France,2011.000,-3.000
United States,2011.000,-3.000
United States,2011.000,-3.000
United States,2011.000,-3.000
United States,2011.000,-5.000
United States,2011.000,-4.000
Canada,2011.000,-3.000
Italy,2011.000,-5.000
Spain,2011.000,-2.000
Spain,2011.000,-5.000
Spain,2011.000,2.000
France,2011.000,-4.000
France,2011.000,-4.000
France,2011.000,3.050
Germany,2011.000,-3.000
Germany,2011.000,-4.000
Germany,2011.000,-2.000
Germany,2011.000,-2.000
Germany,2011.000,-1.000
Belgium,2011.000,-5.000
Ireland,2011.000,-3.000
Spain,2011.000,-5.000
France,2011.000,-2.000
France,2011.000,-5.000
Germany,2011.000,-3.000
Germany,2011.000,-4.000
United States,2011.000,-5.000
United States,2011.000,-3.000
Canada,2011.000,-5.000
France,2012.000,-3.000
Canada,2012.000,-5.000
Canada,2012.000,-4.000
Ireland,2012.000,-3.000
Ireland,2012.000,-3.000
Ireland,2012.000,-1.000
Spain,2012.000,-2.000
France,2012.000,-5.000
United States,2012.000,-5.000
Italy,2012.000,-3.000
Germany,2012.000,-4.000
France,2012.000,-3.000
France,2012.000,-3.000
France,2012.000,-4.000
France,2012.000,-4.000
United States,2012.000,-3.000
United States,2012.000,-3.000
Canada,2012.000,-4.000
Canada,2012.000,-4.000
United States,2012.000,-3.000
United States,2012.000,-4.000
United States,2012.000,-5.000
United States,2012.000,-5.000
United States,2012.000,-2.000
United States,2012.000,-2.000
United States,2012.000,-3.000
United States,2012.000,-2.000
Canada,2012.000,-1.000
Canada,2012.000,-1.000
Canada,2012.000,-4.000
Canada,2012.000,-2.000
Switzerland,2012.000,-2.000
Switzerland,2012.000,-5.000
Switzerland,2012.000,-4.000
Switzerland,2012.000,-4.000
United Kingdom,2012.000,-5.000
United States,2012.000,-5.000
United States,2012.000,-3.000
United States,2012.000,-3.000
United States,2012.000,-1.000
United States,2012.000,-3.000
United States,2012.000,-5.000
United States,2012.000,-5.000
Portugal,2012.000,3.050
Netherlands,2012.000,0.000
Netherlands,2012.000,-3.000
United States,2012.000,-5.000
United States,2012.000,-4.000
Canada,2012.000,-4.000
Canada,2012.000,-4.000
Germany,2012.000,-5.000
Spain,2012.000,-2.000
Spain,2012.000,-3.000
France,2012.000,-4.000
France,2012.000,-2.000
France,2012.000,-4.000
Germany,2012.000,-5.000
France,2012.000,-5.000
France,2012.000,-4.000
France,2012.000,-5.000
France,2012.000,-4.000
Ireland,2012.000,-2.000
Ireland,2012.000,-5.000
Switzerland,2012.000,-5.000
Belgium,2012.000,-3.000
Switzerland,2012.000,-5.000
Belgium,2012.000,-5.000
Ireland,2012.000,-5.000
France,2013.000,-5.000
Belgium,2013.000,-5.000
Belgium,2013.000,-4.000
Belgium,2013.000,-5.000
Germany,2013.000,-5.000
United States,2013.000,-4.000
United States,2013.000,-5.000
United States,2013.000,-5.000
United States,2013.000,-5.000
United States,2013.000,-4.000
Portugal,2013.000,3.050
United States,2013.000,-3.000
United States,2013.000,-4.000
Italy,2013.000,-4.000
France,2013.000,-5.000
United Kingdom,2013.000,-4.000
United Kingdom,2013.000,-5.000
United Kingdom,2013.000,-5.000
United Kingdom,2013.000,-4.000
Italy,2013.000,-5.000
France,2013.000,-4.000
France,2013.000,-2.000
Switzerland,2013.000,-5.000
Belgium,2013.000,-5.000
Canada,2013.000,-4.000
Belgium,2013.000,-5.000
United States,2013.000,-3.000
Germany,2013.000,-4.000
Germany,2013.000,-3.000
Germany,2013.000,-5.000
Germany,2013.000,-5.000
Mexico,2013.000,-5.000
Finland,2013.000,-5.000
Denmark,2013.000,-3.000
Denmark,2013.000,-5.000
United States,2013.000,-3.000
Spain,2013.000,-5.000
Spain,2013.000,-5.000
Spain,2013.000,-5.000
Spain,2013.000,-5.000
Spain,2013.000,-3.000
Spain,2013.000,-3.000
Ireland,2013.000,-5.000
Ireland,2013.000,-1.000
Germany,2013.000,-5.000
Germany,2013.000,-3.000
Germany,2013.000,-5.000
Ireland,2013.000,-4.000
Germany,2013.000,-3.000
Germany,2013.000,-3.000
Germany,2013.000,-5.000
Germany,2013.000,-4.000
Spain,2013.000,-2.000
United Kingdom,2013.000,-3.000
United Kingdom,2013.000,-4.000
United Kingdom,2013.000,-2.000
Italy,2013.000,-5.000
France,2013.000,-2.000
Colombia,2013.000,-4.000
Belgium,2013.000,-4.000
Belgium,2013.000,-5.000
Canada,2013.000,-4.000
Canada,2013.000,-2.000
United States,2013.000,-5.000
United States,2013.000,-2.000
United States,2013.000,-5.000
United States,2013.000,-4.000
United States,2013.000,-2.000
Canada,2013.000,-4.000
Netherlands,2013.000,-4.000
Netherlands,2013.000,-4.000
Netherlands,2013.000,-3.000
Netherlands,2013.000,-3.000
Canada,2013.000,-3.000
Canada,2013.000,-2.000
Canada,2013.000,-5.000
Canada,2013.000,-1.000
Canada,2013.000,-1.000
United States,2013.000,-2.000
United States,2013.000,-2.000
United States,2013.000,-1.000
Belgium,2013.000,-3.000
United States,2013.000,-5.000
United States,2013.000,-4.000
United States,2013.000,0.000
United States,2013.000,-3.000
United States,2013.000,-5.000
France,2013.000,-4.000
France,2013.000,-4.000
France,2013.000,-3.000
Spain,2013.000,-2.000
Germany,2013.000,-5.000
Canada,2013.000,-2.000
Ireland,2014.000,-2.000
United Kingdom,2014.000,-2.000
United Kingdom,2014.000,-2.000
Belgium,2014.000,3.000
Denmark,2014.000,-2.000
Belgium,2014.000,-2.000
France,2014.000,-1.000
Spain,2014.000,-1.000
Ireland,2014.000,1.000
Canada,2015.000,-2.000
Canada,2015.000,-1.000
Canada,2015.000,-1.000
Canada,2015.000,-1.000
Germany,2015.000,-1.000
Canada,2015.000,-2.000
France,2015.000,3.000
France,2015.000,1.000
Germany,2015.000,-1.000
Belgium,2016.000,-3.000
Spain,2016.000,-5.000
Italy,2016.000,-2.000
United Kingdom,2016.000,-5.000
Spain,2016.000,-5.000
Italy,2016.000,-3.000
France,2016.000,-3.000
Canada,2016.000,-4.000
Canada,2016.000,-5.000
Canada,2016.000,-3.000
United Kingdom,2016.000,-4.000
United Kingdom,2016.000,-4.000
Greece,2016.000,-5.000
Germany,2016.000,-5.000
Greece,2016.000,-4.000
United States,2016.000,-4.000
United States,2016.000,-5.000
Canada,2016.000,-5.000
Germany,2016.000,-5.000
Ireland,2016.000,-3.000
Ireland,2016.000,-5.000
Lithuania,2016.000,-5.000
Lithuania,2016.000,-5.000
France,2016.000,-3.000
Switzerland,2016.000,-5.000
Switzerland,2016.000,-5.000
France,2016.000,-5.000
United States,2016.000,-2.000
China,2016.000,0.000
United States,2016.000,-5.000
Spain,2016.000,-1.000
United States,2016.000,-5.000
France,2016.000,-4.000
France,2016.000,-1.000
France,2016.000,-2.000
France,2016.000,-5.000
France,2016.000,-4.000
Czech Republic,2016.000,-2.000
Belgium,2016.000,-4.000
Canada,2016.000,-2.000
Canada,2016.000,-3.000
Canada,2016.000,-2.000
France,2016.000,-4.000
Germany,2016.000,-5.000
Germany,2016.000,-5.000
Germany,2016.000,-5.000
Germany,2016.000,-5.000
Germany,2016.000,-5.000
Germany,2016.000,-4.000
Germany,2016.000,-4.000
Germany,2016.000,-5.000
Germany,2016.000,-4.000
Germany,2016.000,-5.000
Spain,2016.000,-4.000
Denmark,2016.000,-2.000
Canada,2016.000,-2.000
Canada,2016.000,-5.000
Canada,2016.000,-2.000
Portugal,2016.000,-4.000
United States,2016.000,-4.000
Spain,2016.000,-2.000
United Kingdom,2016.000,-3.000
Spain,2017.000,-3.000
Belgium,2017.000,-4.000
Belgium,2017.000,-4.000
France,2017.000,-5.000
Netherlands,2017.000,-2.000
United Kingdom,2017.000,-3.000
United Kingdom,2017.000,-3.000
United Kingdom,2017.000,-2.000
United Kingdom,2017.000,-3.000
United Kingdom,2017.000,-2.000
United Kingdom,2017.000,-2.000
United Kingdom,2017.000,-2.000
United Kingdom,2017.000,-4.000
Germany,2017.000,-3.000
Hungary,2017.000,-4.000
Spain,2017.000,-4.000
Spain,2017.000,-5.000
United States,2017.000,-3.000
Germany,2017.000,-3.000
France,2017.000,0.000
Canada,2017.000,-3.000
Canada,2017.000,-2.000
Canada,2017.000,-5.000
Canada,2017.000,-2.000
Canada,2017.000,-3.000
Canada,2017.000,-3.000
Ireland,2017.000,-5.000
Ireland,2017.000,1.000
Ireland,2017.000,-5.000
Ireland,2017.000,-4.000
France,2017.000,-5.000
Canada,2017.000,-5.000
Canada,2017.000,-5.000
United Kingdom,2017.000,-2.000
United Kingdom,2017.000,-4.000
United Kingdom,2017.000,-3.000
United Kingdom,2017.000,-4.000
United Kingdom,2017.000,-5.000
United Kingdom,2017.000,-5.000
Germany,2017.000,-5.000
Germany,2017.000,-4.000
Germany,2017.000,-2.000
Czech Republic,2017.000,-5.000
France,2017.000,-5.000
Spain,2017.000,-5.000
Ireland,2017.000,-3.000
Ireland,2017.000,-5.000
Belgium,2017.000,-5.000
Belgium,2017.000,-4.000
