Country,Year,MIC
Canada,2008.000,-3.000
Philippines,2008.000,-4.000
United States,2008.000,-5.000
Canada,2008.000,-3.000
Canada,2008.000,-2.000
Canada,2008.000,-4.000
Sweden,2008.000,-5.000
Sweden,2008.000,-5.000
Sweden,2008.000,-5.000
Sweden,2008.000,-5.000
Israel,2008.000,-4.000
Italy,2008.000,-5.000
Italy,2008.000,-3.000
Italy,2008.000,-2.000
France,2008.000,-3.000
Spain,2008.000,-3.000
United States,2008.000,-5.000
United States,2008.000,-4.000
United States,2008.000,-2.000
United States,2008.000,-5.000
United States,2008.000,-3.000
Italy,2008.000,-3.000
Italy,2008.000,-4.000
Israel,2008.000,-3.000
Israel,2008.000,-3.000
United States,2008.000,-5.000
United States,2008.000,-2.000
United States,2008.000,-2.000
Netherlands,2008.000,-5.000
Netherlands,2008.000,-5.000
Netherlands,2008.000,-3.000
Netherlands,2008.000,-3.000
United States,2008.000,-5.000
United States,2008.000,-4.000
Italy,2008.000,-2.000
Italy,2008.000,-5.000
Australia,2008.000,-2.000
Australia,2008.000,-2.000
Australia,2008.000,-2.000
Italy,2008.000,-5.000
Italy,2008.000,-5.000
Italy,2008.000,-5.000
Italy,2008.000,-5.000
Italy,2008.000,-5.000
Australia,2008.000,-3.000
Spain,2008.000,-2.000
Spain,2008.000,-4.000
Panama,2008.000,-2.000
Panama,2008.000,-2.000
Panama,2008.000,-2.000
Panama,2008.000,-2.000
Spain,2008.000,-3.000
France,2008.000,-5.000
France,2008.000,-5.000
France,2008.000,-5.000
Netherlands,2008.000,-2.000
United States,2008.000,-4.000
United States,2008.000,-5.000
United States,2008.000,-5.000
Chile,2008.000,-4.000
Chile,2008.000,-3.000
Mexico,2008.000,-4.000
Mexico,2008.000,-5.000
Mexico,2008.000,-3.000
Mexico,2008.000,-4.000
Mexico,2008.000,-3.000
Mexico,2008.000,-3.000
Mexico,2008.000,-2.000
Germany,2008.000,-2.000
Germany,2008.000,-2.000
United States,2008.000,-3.000
Canada,2008.000,-5.000
Canada,2008.000,-4.000
Canada,2008.000,-2.000
United States,2008.000,-5.000
Germany,2008.000,-3.000
Germany,2008.000,-4.000
Germany,2008.000,-5.000
France,2008.000,-4.000
France,2008.000,-3.000
United States,2008.000,-3.000
Portugal,2008.000,-3.000
Belgium,2008.000,-2.000
Belgium,2008.000,-5.000
Belgium,2008.000,-4.000
Belgium,2008.000,-4.000
Belgium,2008.000,-2.000
Belgium,2008.000,-5.000
Belgium,2008.000,-2.000
Belgium,2008.000,-3.000
Hungary,2008.000,-2.000
Hungary,2008.000,-5.000
Germany,2008.000,-3.000
France,2008.000,-5.000
Mexico,2008.000,-4.000
Italy,2008.000,-4.000
Czech Republic,2008.000,-5.000
Italy,2008.000,-4.000
Italy,2008.000,-5.000
France,2008.000,-5.000
Sweden,2008.000,-4.000
Sweden,2008.000,-3.000
Sweden,2008.000,-5.000
Sweden,2008.000,-5.000
France,2008.000,-5.000
France,2008.000,-5.000
France,2008.000,-5.000
Spain,2008.000,-2.000
Spain,2008.000,-2.000
Spain,2008.000,-3.000
Spain,2008.000,-3.000
Spain,2008.000,-4.000
Mexico,2008.000,-5.000
Mexico,2008.000,-5.000
Mexico,2008.000,-5.000
Mexico,2008.000,-5.000
Mexico,2008.000,-3.000
Mexico,2008.000,-5.000
Mexico,2008.000,-5.000
Mexico,2008.000,-5.000
Mexico,2008.000,-5.000
Mexico,2008.000,-5.000
Mexico,2008.000,-2.000
Mexico,2008.000,-2.000
Mexico,2008.000,-3.000
Mexico,2008.000,-5.000
Hungary,2008.000,-3.000
Hungary,2008.000,-4.000
Ireland,2008.000,-4.000
United States,2008.000,-3.000
Slovenia,2008.000,-3.000
Denmark,2008.000,-4.000
Denmark,2008.000,-4.000
Denmark,2008.000,-3.000
France,2008.000,-3.000
France,2008.000,-5.000
Canada,2008.000,-2.000
Canada,2008.000,-4.000
Canada,2008.000,-2.000
Canada,2008.000,-4.000
Greece,2008.000,-3.000
United States,2008.000,-5.000
Spain,2008.000,-2.000
Spain,2008.000,-2.000
Germany,2008.000,-4.000
Germany,2008.000,-5.000
Germany,2008.000,-5.000
Germany,2008.000,-2.000
Germany,2008.000,-5.000
Chile,2008.000,-2.000
United Kingdom,2008.000,-3.000
United Kingdom,2008.000,-4.000
United Kingdom,2008.000,-4.000
France,2009.000,-5.000
France,2009.000,-5.000
United States,2009.000,-4.000
United States,2009.000,-4.000
France,2009.000,-2.000
Mexico,2009.000,-5.000
Mexico,2009.000,-1.000
United States,2009.000,-5.000
United States,2009.000,-2.000
Denmark,2009.000,-4.000
Denmark,2009.000,-5.000
Denmark,2009.000,-2.000
"Korea, South",2009.000,-4.000
Italy,2009.000,-5.000
Italy,2009.000,-5.000
United States,2009.000,-1.000
Italy,2009.000,-2.000
Hungary,2009.000,-5.000
Australia,2009.000,-5.000
Australia,2009.000,-3.000
Australia,2009.000,-2.000
United States,2009.000,-3.000
United States,2009.000,-3.000
United States,2009.000,-5.000
United States,2009.000,-5.000
United States,2009.000,-3.000
United States,2009.000,-5.000
United States,2009.000,-5.000
United States,2009.000,-5.000
Spain,2009.000,-2.000
Germany,2009.000,-3.000
Germany,2009.000,-4.000
Germany,2009.000,-5.000
Colombia,2009.000,-4.000
Poland,2009.000,-3.000
Poland,2009.000,-5.000
United States,2009.000,-3.000
United States,2009.000,-5.000
United States,2009.000,-5.000
United States,2009.000,-5.000
United States,2009.000,-5.000
United States,2009.000,-2.000
United States,2009.000,-1.000
United States,2009.000,-5.000
Sweden,2009.000,-3.000
Sweden,2009.000,-3.000
France,2009.000,-5.000
France,2009.000,-1.000
Belgium,2009.000,-1.000
Belgium,2009.000,-1.000
Denmark,2009.000,-1.000
Denmark,2009.000,-4.000
Denmark,2009.000,-5.000
Denmark,2009.000,-5.000
Denmark,2009.000,-3.000
Denmark,2009.000,-3.000
Denmark,2009.000,-3.000
Denmark,2009.000,-3.000
Denmark,2009.000,-3.000
Canada,2009.000,-3.000
Canada,2009.000,-2.000
United States,2009.000,-5.000
United States,2009.000,-1.000
United States,2009.000,-5.000
Australia,2009.000,-2.000
Australia,2009.000,-3.000
Australia,2009.000,-5.000
Chile,2009.000,-3.000
Poland,2009.000,-2.000
Poland,2009.000,-2.000
Belgium,2009.000,-2.000
United States,2009.000,-2.000
Israel,2009.000,-4.000
United Kingdom,2009.000,-1.000
Spain,2009.000,-4.000
Spain,2009.000,-5.000
Canada,2009.000,-4.000
Mexico,2009.000,-4.000
Mexico,2009.000,-2.000
Mexico,2009.000,-5.000
Mexico,2009.000,-5.000
Mexico,2009.000,-5.000
Mexico,2009.000,-5.000
Mexico,2009.000,-5.000
Mexico,2009.000,-5.000
Mexico,2009.000,-5.000
Mexico,2009.000,-3.000
Mexico,2009.000,-4.000
Mexico,2009.000,-3.000
United States,2009.000,-4.000
United States,2009.000,-4.000
United States,2009.000,-4.000
Germany,2009.000,-5.000
Germany,2009.000,-3.000
France,2009.000,-5.000
France,2009.000,-5.000
France,2009.000,-5.000
Israel,2009.000,-2.000
Germany,2009.000,-4.000
Germany,2009.000,-2.000
Israel,2009.000,-4.000
France,2009.000,-5.000
France,2009.000,-5.000
Mexico,2009.000,-5.000
Belgium,2009.000,-5.000
Belgium,2009.000,-3.000
Slovak Republic,2009.000,-1.000
Switzerland,2009.000,-4.000
Switzerland,2009.000,-4.000
Switzerland,2009.000,-1.000
Switzerland,2009.000,-3.000
Switzerland,2009.000,-5.000
Germany,2009.000,-1.000
Germany,2009.000,-2.000
France,2009.000,-2.000
Czech Republic,2009.000,-3.000
Czech Republic,2009.000,-4.000
United Kingdom,2009.000,-4.000
United Kingdom,2009.000,-4.000
United Kingdom,2009.000,-5.000
United Kingdom,2009.000,-5.000
France,2009.000,-2.000
France,2009.000,-5.000
France,2009.000,-2.000
Germany,2009.000,-5.000
Netherlands,2009.000,-3.000
Netherlands,2009.000,-2.000
Netherlands,2009.000,-3.000
Netherlands,2009.000,-3.000
Netherlands,2009.000,-5.000
Netherlands,2009.000,-5.000
Ireland,2009.000,-3.000
Ireland,2009.000,-3.000
Ireland,2009.000,-3.000
Ireland,2009.000,-1.000
Ireland,2009.000,-3.000
Ireland,2009.000,-3.000
France,2009.000,-4.000
Belgium,2009.000,-5.000
Belgium,2009.000,-4.000
Belgium,2009.000,-3.000
Spain,2009.000,-2.000
Spain,2009.000,-4.000
Spain,2009.000,-4.000
Spain,2009.000,-2.000
Spain,2009.000,-3.000
Spain,2009.000,-4.000
Spain,2009.000,-5.000
Guatemala,2009.000,-5.000
Guatemala,2009.000,-5.000
Germany,2009.000,-5.000
Germany,2009.000,-5.000
Germany,2009.000,-4.000
Austria,2009.000,-4.000
Spain,2009.000,-5.000
Spain,2009.000,-3.000
Australia,2009.000,-3.000
Ireland,2009.000,-5.000
United Kingdom,2009.000,-3.000
United Kingdom,2009.000,-3.000
United States,2010.000,-2.000
Mexico,2010.000,-5.000
Mexico,2010.000,-3.000
Belgium,2010.000,-1.000
Ireland,2010.000,-5.000
United States,2010.000,-3.000
United States,2010.000,-3.000
United States,2010.000,-3.000
Canada,2010.000,-1.000
Canada,2010.000,-3.000
Canada,2010.000,-2.000
France,2010.000,-1.000
France,2010.000,-5.000
France,2010.000,-5.000
United States,2010.000,-2.000
United States,2010.000,-2.000
United States,2010.000,-2.000
Italy,2010.000,-3.000
Germany,2010.000,-2.000
United States,2010.000,-2.000
United States,2010.000,-3.000
United States,2010.000,-4.000
Belgium,2010.000,-4.000
Belgium,2010.000,-5.000
United States,2010.000,-5.000
Spain,2010.000,-3.000
Spain,2010.000,-5.000
Belgium,2010.000,-3.000
Belgium,2010.000,-3.000
Belgium,2010.000,-2.000
Belgium,2010.000,-5.000
Belgium,2010.000,-1.000
Spain,2010.000,-3.000
Spain,2010.000,-3.000
Sweden,2010.000,-2.000
Sweden,2010.000,-5.000
France,2010.000,-3.000
France,2010.000,-3.000
Israel,2010.000,-5.000
United States,2010.000,-5.000
Germany,2010.000,-5.000
Germany,2010.000,-4.000
Germany,2010.000,-3.000
Germany,2010.000,-5.000
France,2010.000,-3.000
France,2010.000,-2.000
France,2010.000,-1.000
Ireland,2010.000,-4.000
Ireland,2010.000,-4.000
Ireland,2010.000,-4.000
United States,2010.000,-4.000
Ireland,2010.000,-2.000
United Kingdom,2010.000,-5.000
United Kingdom,2010.000,-5.000
United Kingdom,2010.000,-3.000
United Kingdom,2010.000,-5.000
United Kingdom,2010.000,-4.000
United States,2010.000,-3.000
United States,2010.000,-3.000
United States,2010.000,-5.000
"Korea, South",2010.000,-5.000
France,2010.000,-3.000
France,2010.000,-2.000
France,2010.000,-5.000
Germany,2010.000,-2.000
Germany,2010.000,-2.000
Germany,2010.000,-3.000
Ireland,2010.000,-5.000
Ireland,2010.000,-3.000
Ireland,2010.000,-5.000
Ireland,2010.000,-5.000
Ireland,2010.000,-2.000
United Kingdom,2010.000,-5.000
United Kingdom,2010.000,-5.000
United Kingdom,2010.000,-3.000
United Kingdom,2010.000,-4.000
Hungary,2010.000,-3.000
Hungary,2010.000,-3.000
Hungary,2010.000,-5.000
Israel,2010.000,-5.000
Mexico,2010.000,-5.000
Mexico,2010.000,-5.000
Mexico,2010.000,-5.000
Mexico,2010.000,-4.000
Mexico,2010.000,-3.000
Mexico,2010.000,-2.000
Germany,2010.000,-4.000
Germany,2010.000,-5.000
Germany,2010.000,-3.000
Germany,2010.000,-2.000
Germany,2010.000,-4.000
Mexico,2010.000,-2.000
Guatemala,2010.000,-3.000
France,2010.000,-1.000
France,2010.000,-3.000
Denmark,2010.000,-2.000
Denmark,2010.000,-2.000
Italy,2010.000,-5.000
United States,2010.000,-4.000
United States,2010.000,-3.000
United States,2010.000,-4.000
United States,2010.000,-3.000
United States,2010.000,-4.000
Netherlands,2010.000,-5.000
Netherlands,2010.000,-5.000
Netherlands,2010.000,-2.000
Netherlands,2010.000,-3.000
Netherlands,2010.000,-4.000
Netherlands,2010.000,-5.000
Netherlands,2010.000,-4.000
Netherlands,2010.000,-4.000
United States,2010.000,-3.000
Spain,2010.000,-5.000
Spain,2010.000,-2.000
Spain,2010.000,-5.000
Spain,2010.000,-4.000
Spain,2010.000,-2.000
Spain,2010.000,-3.000
Spain,2010.000,-3.000
Germany,2014.000,-3.000
Germany,2014.000,-4.000
Italy,2014.000,-4.000
Netherlands,2014.000,-4.000
United Kingdom,2014.000,-4.000
United Kingdom,2014.000,-4.000
United Kingdom,2014.000,-5.000
United Kingdom,2014.000,-5.000
United Kingdom,2014.000,-3.000
Italy,2014.000,-5.000
Ireland,2014.000,-3.000
Ireland,2014.000,-5.000
Ireland,2014.000,-4.000
Belgium,2014.000,-4.000
Belgium,2014.000,-4.000
Canada,2014.000,-4.000
Canada,2014.000,-5.000
Belgium,2014.000,-5.000
Ireland,2014.000,-3.000
Ireland,2014.000,-3.000
Ireland,2014.000,-5.000
Ireland,2014.000,-3.000
Ireland,2014.000,-3.000
Ireland,2014.000,-4.000
Ireland,2014.000,-3.000
Ireland,2014.000,-3.000
United Kingdom,2014.000,-5.000
United Kingdom,2014.000,-5.000
United Kingdom,2014.000,-5.000
United Kingdom,2014.000,-3.000
United Kingdom,2014.000,-4.000
Belgium,2014.000,-4.000
Canada,2014.000,-5.000
Germany,2014.000,-4.000
France,2014.000,-5.000
France,2014.000,-5.000
Canada,2014.000,-3.000
Canada,2014.000,-5.000
Denmark,2014.000,-5.000
Spain,2014.000,-5.000
Canada,2014.000,-4.000
France,2014.000,-3.000
Switzerland,2014.000,-5.000
Canada,2014.000,-5.000
United States,2014.000,-5.000
United States,2014.000,-5.000
United States,2014.000,-5.000
United States,2014.000,-4.000
United States,2014.000,-4.000
United States,2014.000,-4.000
United States,2014.000,-5.000
United States,2014.000,-5.000
Germany,2014.000,-5.000
Belgium,2014.000,-3.000
Germany,2014.000,-5.000
Germany,2014.000,-5.000
France,2014.000,-4.000
France,2014.000,-4.000
France,2014.000,-3.000
France,2014.000,-5.000
Italy,2014.000,-4.000
Italy,2014.000,-5.000
Italy,2014.000,-4.000
Italy,2014.000,-5.000
Spain,2014.000,-5.000
France,2014.000,-5.000
Ireland,2014.000,-3.000
Ireland,2014.000,-5.000
Spain,2015.000,-4.000
Switzerland,2015.000,-4.000
South Africa,2015.000,-4.000
Canada,2015.000,-4.000
Spain,2015.000,-5.000
France,2015.000,-4.000
Switzerland,2015.000,-5.000
Belgium,2015.000,-5.000
Belgium,2015.000,-5.000
Canada,2015.000,-4.000
Canada,2015.000,-5.000
Canada,2015.000,-4.000
Canada,2015.000,-4.000
Denmark,2015.000,-3.000
France,2015.000,-5.000
France,2015.000,-5.000
France,2015.000,-5.000
Brazil,2015.000,-3.000
Germany,2015.000,-5.000
France,2015.000,-5.000
France,2015.000,-4.000
Germany,2015.000,-3.000
France,2015.000,-3.000
United States,2015.000,-5.000
United States,2015.000,-5.000
Germany,2015.000,-5.000
Germany,2015.000,-4.000
United States,2015.000,-5.000
United Kingdom,2015.000,-5.000
United Kingdom,2015.000,-5.000
United Kingdom,2015.000,-3.000
United Kingdom,2015.000,-3.000
Germany,2015.000,-4.000
Ireland,2015.000,-5.000
Ireland,2015.000,-5.000
Ireland,2015.000,-5.000
Ireland,2015.000,-4.000
Ireland,2015.000,-4.000
Belgium,2015.000,-5.000
France,2015.000,-5.000
