Country,Year,MIC
Netherlands,2014.000,-2.000
United States,2014.000,-3.000
Germany,2014.000,-2.000
Germany,2014.000,-2.000
Germany,2014.000,-2.000
United States,2014.000,-3.000
United States,2014.000,-3.000
United States,2014.000,-3.000
United States,2014.000,-2.000
United States,2014.000,-1.000
Venezuela,2014.000,-3.000
Venezuela,2014.000,-3.000
Sweden,2014.000,-3.000
Sweden,2014.000,-3.000
Spain,2014.000,-1.000
France,2014.000,-3.000
United States,2014.000,-3.000
Greece,2014.000,-3.000
Spain,2014.000,-3.000
Spain,2014.000,-3.000
France,2014.000,-3.000
France,2014.000,-1.000
France,2014.000,-3.000
France,2014.000,-2.000
South Africa,2014.000,-1.000
South Africa,2014.000,-1.000
Germany,2014.000,-3.000
Germany,2014.000,-3.000
Germany,2014.000,-2.000
Germany,2014.000,-3.000
Australia,2014.000,-3.000
Australia,2014.000,-2.000
Australia,2014.000,-3.000
Belgium,2014.000,-2.000
Belgium,2014.000,-3.000
Venezuela,2014.000,-3.000
Venezuela,2014.000,-3.000
Poland,2014.000,-2.000
Poland,2014.000,-3.000
Australia,2014.000,-2.000
Philippines,2014.000,-4.000
Philippines,2014.000,-3.000
Philippines,2014.000,-3.000
Italy,2014.000,-3.000
Taiwan,2014.000,-3.000
Czech Republic,2014.000,-3.000
Czech Republic,2014.000,-3.000
Czech Republic,2014.000,-3.000
Italy,2014.000,-3.000
Italy,2014.000,-3.000
Germany,2014.000,-2.000
United States,2014.000,-3.000
United States,2014.000,-3.000
United States,2014.000,-4.000
Kuwait,2014.000,-3.000
Spain,2014.000,-3.000
Germany,2014.000,-4.000
Australia,2014.000,-1.000
Australia,2014.000,-3.000
Australia,2014.000,-4.000
Australia,2014.000,-4.000
Philippines,2014.000,-3.000
Mexico,2014.000,-3.000
Germany,2014.000,-2.000
Germany,2014.000,-3.000
Germany,2014.000,-3.000
Germany,2014.000,-3.000
Germany,2014.000,-3.000
Russia,2014.000,-3.000
Russia,2014.000,-1.000
Taiwan,2014.000,-2.000
Italy,2014.000,-2.000
Italy,2014.000,-3.000
Belgium,2014.000,-3.000
Chile,2014.000,-3.000
Chile,2014.000,-3.000
United States,2014.000,-3.000
United States,2014.000,-3.000
United States,2014.000,-2.000
Turkey,2014.000,-4.000
Japan,2014.000,-1.000
Israel,2014.000,-3.000
Israel,2014.000,-4.000
Italy,2014.000,-2.000
Italy,2014.000,-2.000
Belgium,2014.000,-3.000
Germany,2014.000,-2.000
Germany,2014.000,-4.000
Chile,2014.000,-3.000
United States,2014.000,-3.000
United States,2014.000,-3.000
France,2014.000,-3.000
France,2014.000,-3.000
France,2014.000,-3.000
Austria,2014.000,-3.000
United States,2014.000,-3.000
United States,2014.000,-3.000
United States,2014.000,-3.000
United States,2014.000,-3.000
United States,2014.000,-3.000
United States,2014.000,-3.000
United States,2014.000,-3.000
United States,2014.000,-2.000
United States,2014.000,-2.000
United States,2014.000,-3.000
United States,2014.000,-3.000
United States,2014.000,-3.000
United States,2014.000,-3.000
United States,2014.000,-3.000
United States,2014.000,-3.000
United States,2014.000,-3.000
United States,2014.000,-3.000
Sweden,2014.000,-3.000
Sweden,2014.000,-3.000
Malaysia,2014.000,-2.000
