Country,Year,MIC
United States,2004.000,0.000
United States,2004.000,3.050
United States,2004.000,3.050
United States,2004.000,0.000
Colombia,2005.000,2.000
United States,2006.000,3.050
Italy,2006.000,1.000
United States,2006.000,0.000
Germany,2006.000,-1.000
Germany,2006.000,-1.000
Germany,2006.000,-1.000
Germany,2006.000,-1.000
"Korea, South",2006.000,3.000
"Korea, South",2006.000,3.050
"Korea, South",2006.000,3.000
United States,2006.000,-1.000
Colombia,2006.000,-1.000
Philippines,2006.000,-1.000
Philippines,2006.000,3.050
United States,2006.000,-1.000
United States,2006.000,-1.000
Mexico,2006.000,1.000
Mexico,2006.000,3.050
United States,2006.000,-1.000
United States,2006.000,2.000
United States,2007.000,-2.000
Denmark,2007.000,-5.000
Denmark,2007.000,-2.000
France,2007.000,-4.000
United States,2007.000,-2.000
United States,2007.000,-5.000
Philippines,2007.000,-1.000
United States,2007.000,-3.000
France,2007.000,-1.000
France,2007.000,-3.000
