Country,Year,MIC
Australia,2012.000,-3.000
Philippines,2012.000,-3.000
Italy,2012.000,-2.000
Portugal,2012.000,-4.000
Germany,2012.000,-3.000
Germany,2012.000,1.050
Czech Republic,2012.000,-2.000
Czech Republic,2012.000,-1.000
Czech Republic,2012.000,-2.000
United States,2012.000,-2.000
Philippines,2012.000,1.050
Philippines,2012.000,1.050
Netherlands,2012.000,-4.000
France,2012.000,-2.000
Venezuela,2012.000,-4.000
Czech Republic,2012.000,-3.000
Czech Republic,2012.000,-4.000
Germany,2012.000,-3.000
United States,2012.000,-4.000
Italy,2012.000,-3.000
Germany,2012.000,-2.000
Germany,2012.000,1.050
Germany,2012.000,1.050
Germany,2012.000,-1.000
France,2012.000,-1.000
Turkey,2012.000,-3.000
United States,2012.000,-3.000
Hungary,2012.000,-2.000
Australia,2012.000,-4.000
Australia,2012.000,-3.000
Belgium,2012.000,-1.000
United Kingdom,2012.000,-2.000
China,2012.000,1.050
United States,2012.000,-3.000
United States,2012.000,-4.000
United States,2012.000,-2.000
Australia,2012.000,-3.000
Australia,2012.000,-2.000
Australia,2012.000,-3.000
Australia,2012.000,-3.000
Taiwan,2012.000,1.050
Colombia,2012.000,-3.000
China,2012.000,-1.000
France,2012.000,-1.000
France,2012.000,1.000
France,2012.000,-2.000
France,2012.000,-3.000
Germany,2012.000,-2.000
Germany,2012.000,-1.000
Romania,2012.000,-3.000
Turkey,2012.000,-3.000
United States,2012.000,-4.000
Japan,2012.000,-2.000
Japan,2012.000,-2.000
Austria,2012.000,-2.000
Austria,2012.000,-2.000
Spain,2012.000,-3.000
Thailand,2012.000,-1.000
China,2012.000,-1.000
United States,2012.000,-3.000
United States,2012.000,-1.000
Brazil,2012.000,-2.000
United Kingdom,2012.000,1.050
Israel,2013.000,1.050
United States,2013.000,-3.000
China,2013.000,1.050
Spain,2013.000,1.050
France,2013.000,-2.000
Kuwait,2013.000,-2.000
Poland,2013.000,-2.000
Poland,2013.000,-3.000
Poland,2013.000,-4.000
China,2013.000,-3.000
Denmark,2013.000,-3.000
Denmark,2013.000,-3.000
Denmark,2013.000,-2.000
Malaysia,2013.000,-4.000
Malaysia,2013.000,1.050
Malaysia,2013.000,-3.000
Russia,2013.000,-4.000
Russia,2013.000,-3.000
Russia,2013.000,-4.000
Belgium,2013.000,-3.000
Belgium,2013.000,-2.000
Italy,2013.000,-2.000
Netherlands,2013.000,-4.000
Netherlands,2013.000,-4.000
Argentina,2013.000,-4.000
United States,2013.000,-4.000
Sweden,2013.000,-3.000
Sweden,2013.000,-3.000
Sweden,2013.000,-4.000
Sweden,2013.000,-4.000
Sweden,2013.000,-3.000
France,2013.000,-1.000
Czech Republic,2013.000,-4.000
Spain,2013.000,-3.000
Germany,2013.000,-3.000
United States,2013.000,-4.000
Venezuela,2013.000,-4.000
Philippines,2013.000,-3.000
Spain,2013.000,-3.000
Sweden,2013.000,-3.000
Portugal,2013.000,1.050
Austria,2013.000,-2.000
Austria,2013.000,-3.000
Germany,2013.000,-4.000
Germany,2013.000,-4.000
Germany,2013.000,-3.000
France,2013.000,-3.000
Germany,2013.000,-3.000
Germany,2013.000,-2.000
Germany,2013.000,1.050
Israel,2013.000,1.050
Portugal,2013.000,-2.000
United States,2013.000,-3.000
Taiwan,2013.000,-2.000
Taiwan,2013.000,-2.000
Romania,2013.000,-3.000
United States,2013.000,1.050
United States,2013.000,-3.000
Philippines,2013.000,-2.000
United States,2013.000,1.050
China,2013.000,1.050
China,2013.000,0.000
Colombia,2013.000,-1.000
South Africa,2013.000,0.000
France,2013.000,-2.000
France,2013.000,-2.000
Chile,2013.000,-4.000
Germany,2013.000,-3.000
Germany,2013.000,-4.000
Germany,2013.000,-3.000
Germany,2013.000,-3.000
Russia,2013.000,1.050
Russia,2013.000,1.050
Russia,2013.000,1.050
United States,2013.000,-4.000
United States,2013.000,-3.000
Mexico,2013.000,-4.000
Mexico,2013.000,-4.000
Mexico,2013.000,-4.000
United States,2013.000,-4.000
United States,2013.000,-3.000
United States,2013.000,-2.000
"Korea, South",2013.000,-3.000
Mexico,2013.000,-2.000
Mexico,2013.000,-2.000
Brazil,2013.000,-2.000
Malaysia,2013.000,1.050
Israel,2013.000,-4.000
Japan,2013.000,-3.000
Japan,2013.000,-3.000
Sweden,2013.000,-3.000
Greece,2014.000,1.050
France,2014.000,0.000
South Africa,2014.000,1.050
Venezuela,2014.000,1.050
Kuwait,2014.000,1.000
Germany,2014.000,0.000
Brazil,2014.000,1.050
Thailand,2014.000,1.050
United States,2015.000,-3.000
United States,2015.000,-2.000
United States,2015.000,-2.000
South Africa,2015.000,0.000
Germany,2015.000,-3.000
Germany,2015.000,-1.000
Germany,2015.000,-2.000
Germany,2015.000,-2.000
Germany,2015.000,-2.000
France,2015.000,-2.000
Australia,2015.000,-4.000
Australia,2015.000,-1.000
Australia,2015.000,-3.000
Australia,2015.000,-2.000
Australia,2015.000,-2.000
Chile,2015.000,-3.000
Italy,2015.000,-2.000
Chile,2015.000,-3.000
United States,2015.000,-2.000
Russia,2015.000,-3.000
United States,2015.000,-3.000
France,2015.000,-5.000
Belgium,2015.000,-2.000
Belgium,2015.000,-3.000
Germany,2015.000,-3.000
Germany,2015.000,-3.000
Germany,2015.000,-3.000
Germany,2015.000,-4.000
Czech Republic,2015.000,-3.000
United States,2015.000,-2.000
United States,2015.000,-2.000
United States,2015.000,-3.000
Mexico,2015.000,-3.000
Mexico,2015.000,2.000
United States,2015.000,-3.000
Mexico,2015.000,-2.000
Mexico,2015.000,-2.000
"Korea, South",2015.000,-3.000
United Kingdom,2015.000,-2.000
Italy,2015.000,-3.000
United States,2015.000,-2.000
France,2015.000,-3.000
France,2015.000,-2.000
United States,2015.000,-2.000
United States,2015.000,-2.000
United States,2015.000,-3.000
Denmark,2015.000,-3.000
Taiwan,2015.000,-2.000
Mexico,2015.000,-3.000
Brazil,2015.000,-3.000
Brazil,2015.000,-3.000
South Africa,2015.000,-3.000
United Kingdom,2015.000,-4.000
United States,2015.000,-3.000
United States,2015.000,-3.000
Kuwait,2016.000,-3.000
Mexico,2016.000,-3.000
Mexico,2016.000,-2.000
United States,2016.000,-3.000
United States,2016.000,-3.000
United States,2016.000,-2.000
Spain,2016.000,-3.000
Spain,2016.000,-3.000
Spain,2016.000,-4.000
Italy,2016.000,-3.000
Italy,2016.000,-3.000
Italy,2016.000,-2.000
"Korea, South",2016.000,-1.000
United States,2016.000,-3.000
United States,2016.000,-3.000
United States,2016.000,-3.000
United States,2016.000,-3.000
Germany,2016.000,-1.000
South Africa,2016.000,-3.000
Germany,2016.000,-2.000
Germany,2016.000,-2.000
United States,2016.000,-2.000
France,2016.000,-4.000
France,2016.000,-4.000
France,2016.000,-2.000
France,2016.000,-3.000
Venezuela,2016.000,-3.000
Venezuela,2016.000,-3.000
United Kingdom,2016.000,-2.000
Germany,2016.000,-2.000
Germany,2016.000,-3.000
Germany,2016.000,-3.000
Germany,2016.000,-3.000
Chile,2016.000,-2.000
Chile,2016.000,-3.000
Chile,2016.000,-1.000
United States,2016.000,-3.000
United States,2016.000,-2.000
United States,2016.000,-2.000
France,2016.000,-2.000
France,2016.000,-2.000
Austria,2016.000,-3.000
Taiwan,2016.000,-4.000
Taiwan,2016.000,-3.000
United States,2016.000,-2.000
Australia,2016.000,-2.000
Australia,2016.000,-2.000
France,2016.000,1.000
Brazil,2016.000,2.050
Brazil,2016.000,-3.000
Philippines,2016.000,-1.000
Thailand,2016.000,-3.000
Poland,2016.000,-3.000
Belgium,2016.000,-2.000
France,2016.000,-2.000
France,2016.000,-3.000
France,2016.000,-1.000
Venezuela,2016.000,-3.000
Venezuela,2016.000,-3.000
United States,2016.000,-3.000
United States,2016.000,-2.000
United States,2016.000,-2.000
United States,2016.000,-3.000
United States,2016.000,-2.000
United States,2016.000,0.000
Germany,2016.000,-3.000
Germany,2016.000,-4.000
Germany,2016.000,-2.000
France,2016.000,-5.000
France,2016.000,-3.000
