Country,Year,MIC
Hungary,2006.000,-4.000
Germany,2006.000,-3.000
Germany,2006.000,-5.000
Germany,2006.000,-5.000
Germany,2006.000,-5.000
Germany,2006.000,-5.000
Germany,2006.000,-5.000
Germany,2006.000,-5.000
Germany,2006.000,-5.000
Germany,2006.000,-5.000
Germany,2006.000,-5.000
Germany,2006.000,-5.000
Germany,2006.000,-5.000
France,2006.000,-4.000
France,2006.000,-4.000
France,2006.000,-5.000
France,2006.000,-5.000
France,2006.000,-6.000
Czech Republic,2007.000,0.000
Czech Republic,2007.000,0.000
Czech Republic,2007.000,1.000
Belgium,2007.000,0.000
Belgium,2007.000,-2.000
Hungary,2007.000,-3.000
Hungary,2007.000,-3.000
Hungary,2007.000,-1.000
Hungary,2007.000,-3.000
Hungary,2007.000,-3.000
Hungary,2007.000,-3.000
Hungary,2007.000,1.000
Hungary,2007.000,-3.000
Hungary,2007.000,-2.000
Hungary,2007.000,-3.000
Hungary,2007.000,-1.000
Hungary,2007.000,-2.000
Hungary,2007.000,-1.000
Hungary,2007.000,-3.000
Hungary,2007.000,-2.000
Hungary,2007.000,0.000
Hungary,2007.000,-3.000
Germany,2007.000,-1.000
Germany,2007.000,-3.000
Germany,2007.000,0.000
Germany,2007.000,0.000
France,2007.000,-3.000
France,2007.000,-3.000
France,2007.000,-2.000
France,2007.000,-2.000
France,2007.000,-2.000
France,2007.000,-3.000
France,2007.000,-3.000
France,2007.000,1.000
France,2007.000,-3.000
France,2007.000,1.000
France,2007.000,-3.000
France,2007.000,-2.000
France,2007.000,-3.000
Germany,2007.000,-1.000
Germany,2007.000,-2.000
Germany,2007.000,1.050
France,2007.000,-2.000
Germany,2007.000,-1.000
Germany,2007.000,-1.000
Germany,2007.000,-1.000
Germany,2008.000,0.000
Germany,2008.000,0.000
Hungary,2008.000,-3.000
Hungary,2008.000,-1.000
France,2008.000,0.000
Germany,2008.000,0.000
Germany,2008.000,-3.000
France,2008.000,-2.000
France,2008.000,-2.000
France,2008.000,-3.000
France,2008.000,-3.000
France,2008.000,-3.000
Germany,2008.000,-1.000
Germany,2008.000,0.000
France,2008.000,-2.000
France,2008.000,-2.000
France,2008.000,-2.000
Hungary,2008.000,-2.000
Belgium,2008.000,0.000
Czech Republic,2008.000,1.050
Czech Republic,2008.000,-3.000
Czech Republic,2008.000,-1.000
Germany,2008.000,0.000
Germany,2008.000,0.000
Hungary,2008.000,0.000
Hungary,2008.000,-3.000
United Kingdom,2008.000,-2.000
United Kingdom,2008.000,-3.000
United Kingdom,2008.000,-3.000
United Kingdom,2008.000,-2.000
United Kingdom,2008.000,0.000
United Kingdom,2008.000,1.050
France,2008.000,1.000
France,2008.000,-3.000
United Kingdom,2009.000,1.050
Hungary,2009.000,-1.000
Hungary,2009.000,-3.000
Hungary,2009.000,-3.000
Hungary,2009.000,0.000
Germany,2009.000,-1.000
Germany,2009.000,-2.000
France,2009.000,-3.000
France,2009.000,-3.000
France,2009.000,-3.000
France,2009.000,-1.000
France,2009.000,1.000
Germany,2009.000,-1.000
Germany,2009.000,1.000
Germany,2009.000,1.050
Germany,2009.000,0.000
Germany,2009.000,-3.000
Germany,2009.000,0.000
France,2009.000,-1.000
France,2009.000,1.050
Hungary,2009.000,1.000
Belgium,2009.000,-3.000
Belgium,2009.000,-3.000
Belgium,2009.000,-3.000
Belgium,2009.000,1.000
Belgium,2009.000,1.050
Germany,2009.000,0.000
Germany,2009.000,-1.000
Hungary,2009.000,0.000
Hungary,2009.000,0.000
France,2009.000,1.050
France,2009.000,0.000
France,2009.000,1.050
France,2009.000,-3.000
France,2009.000,-2.000
France,2009.000,1.000
France,2009.000,0.000
France,2009.000,0.000
France,2009.000,0.000
France,2009.000,1.000
France,2009.000,0.000
France,2009.000,-1.000
Hungary,2009.000,-3.000
Hungary,2009.000,-2.000
Hungary,2009.000,-3.000
France,2009.000,-3.000
France,2009.000,-3.000
France,2009.000,1.000
France,2009.000,1.050
France,2009.000,-2.000
Germany,2009.000,-2.000
France,2009.000,-3.000
France,2009.000,-3.000
Belgium,2010.000,-3.000
Belgium,2010.000,-3.000
France,2010.000,0.000
France,2010.000,1.000
France,2010.000,-2.000
France,2010.000,-1.000
Germany,2010.000,1.000
France,2010.000,1.000
France,2010.000,-2.000
France,2010.000,1.050
France,2010.000,1.050
France,2010.000,1.050
France,2010.000,1.050
Germany,2010.000,0.000
Hungary,2010.000,0.000
Hungary,2010.000,-3.000
Hungary,2010.000,-1.000
Hungary,2010.000,0.000
Germany,2010.000,-2.000
France,2010.000,0.000
France,2010.000,-2.000
France,2010.000,-3.000
France,2010.000,-3.000
Czech Republic,2010.000,0.000
Germany,2010.000,1.000
Germany,2010.000,0.000
Germany,2010.000,0.000
Germany,2010.000,0.000
Germany,2010.000,0.000
Germany,2010.000,-3.000
Germany,2010.000,-3.000
Czech Republic,2010.000,-1.000
Germany,2010.000,-2.000
Germany,2010.000,-3.000
Germany,2010.000,1.050
Germany,2010.000,-3.000
Germany,2010.000,-1.000
Germany,2010.000,1.050
Czech Republic,2011.000,-2.000
Czech Republic,2011.000,-2.000
Czech Republic,2011.000,1.050
Germany,2011.000,-2.000
Belgium,2011.000,-3.000
Belgium,2011.000,-3.000
Belgium,2011.000,-2.000
Germany,2011.000,-1.000
Germany,2011.000,-2.000
Germany,2011.000,-3.000
Germany,2011.000,-2.000
Hungary,2011.000,0.000
Hungary,2011.000,-1.000
Germany,2011.000,0.000
Germany,2011.000,-1.000
Germany,2011.000,-2.000
Germany,2011.000,-3.000
France,2011.000,-3.000
France,2011.000,-2.000
France,2011.000,0.000
France,2011.000,0.000
France,2011.000,0.000
France,2011.000,-3.000
France,2011.000,-2.000
France,2011.000,-2.000
France,2011.000,1.050
France,2011.000,-2.000
France,2011.000,-1.000
France,2011.000,-3.000
France,2011.000,-3.000
United Kingdom,2011.000,-1.000
United Kingdom,2011.000,-3.000
United Kingdom,2011.000,-3.000
United Kingdom,2011.000,-2.000
Germany,2011.000,-2.000
Germany,2011.000,-2.000
Germany,2011.000,-3.000
France,2011.000,-3.000
Czech Republic,2012.000,-3.000
Czech Republic,2012.000,1.050
Germany,2012.000,1.050
Germany,2012.000,1.050
Germany,2012.000,-2.000
Germany,2012.000,-2.000
Germany,2012.000,-1.000
Germany,2012.000,-2.000
France,2012.000,-3.000
France,2012.000,-3.000
France,2012.000,-2.000
France,2012.000,-2.000
France,2012.000,-2.000
France,2012.000,-1.000
France,2012.000,-3.000
France,2012.000,-2.000
France,2012.000,-2.000
France,2012.000,-2.000
France,2012.000,-3.000
France,2012.000,-3.000
France,2012.000,-3.000
France,2012.000,1.050
France,2012.000,-1.000
France,2012.000,-3.000
France,2012.000,1.050
France,2012.000,-3.000
France,2012.000,-3.000
France,2012.000,-3.000
France,2012.000,-3.000
France,2012.000,0.000
France,2012.000,-2.000
France,2012.000,-3.000
France,2012.000,1.000
France,2012.000,-3.000
France,2012.000,1.050
France,2012.000,1.000
France,2012.000,0.000
France,2012.000,0.000
France,2012.000,0.000
France,2012.000,-3.000
France,2012.000,1.000
France,2012.000,1.000
France,2012.000,-1.000
France,2012.000,-3.000
France,2012.000,1.050
France,2012.000,-3.000
France,2012.000,-3.000
France,2012.000,-2.000
France,2012.000,-2.000
France,2012.000,-2.000
Hungary,2012.000,1.050
Hungary,2012.000,0.000
France,2012.000,1.000
France,2012.000,1.000
Hungary,2012.000,0.000
Hungary,2012.000,-2.000
Belgium,2013.000,1.000
Belgium,2013.000,1.000
Belgium,2013.000,0.000
Germany,2013.000,-1.000
Germany,2013.000,-1.000
Germany,2013.000,-1.000
France,2013.000,-1.000
Germany,2013.000,0.000
Czech Republic,2013.000,1.050
Czech Republic,2013.000,-1.000
France,2013.000,-1.000
France,2013.000,-1.000
France,2013.000,0.000
Germany,2013.000,0.000
Belgium,2013.000,0.000
Belgium,2013.000,-2.000
France,2013.000,-2.000
France,2013.000,-1.000
France,2013.000,0.000
France,2013.000,-2.000
Hungary,2013.000,-1.000
Hungary,2013.000,-1.000
Hungary,2013.000,-2.000
Hungary,2013.000,1.050
Hungary,2013.000,0.000
Spain,2013.000,0.000
Hungary,2014.000,0.000
Hungary,2014.000,0.000
Belgium,2014.000,1.000
Belgium,2014.000,-3.000
Belgium,2014.000,1.000
Belgium,2014.000,-1.000
Spain,2014.000,-2.000
Spain,2014.000,-3.000
Spain,2014.000,-2.000
Germany,2014.000,0.000
Germany,2014.000,1.000
France,2014.000,-2.000
France,2014.000,0.000
France,2014.000,-2.000
France,2014.000,-3.000
France,2014.000,-2.000
France,2014.000,-2.000
France,2014.000,-3.000
France,2014.000,-3.000
France,2014.000,-3.000
France,2014.000,-3.000
Spain,2014.000,0.000
Spain,2014.000,-3.000
France,2014.000,-3.000
Germany,2014.000,0.000
Germany,2014.000,-1.000
France,2014.000,-3.000
Spain,2014.000,-3.000
Spain,2014.000,-3.000
Spain,2014.000,-1.000
Germany,2014.000,-3.000
Spain,2014.000,1.050
Spain,2014.000,1.000
Germany,2014.000,-3.000
Germany,2014.000,0.000
Germany,2014.000,0.000
Germany,2014.000,0.000
Germany,2014.000,0.000
Sweden,2015.000,-1.000
Sweden,2015.000,-1.000
Spain,2015.000,1.000
Spain,2015.000,1.000
Spain,2015.000,1.000
Spain,2015.000,-2.000
Czech Republic,2015.000,1.000
Czech Republic,2015.000,1.000
France,2015.000,-2.000
France,2015.000,1.000
France,2015.000,1.000
Belgium,2015.000,-2.000
Hungary,2015.000,1.000
Hungary,2015.000,0.000
Hungary,2015.000,0.000
Germany,2015.000,-2.000
Germany,2015.000,-1.000
Germany,2015.000,-1.000
Germany,2015.000,1.050
Germany,2015.000,-2.000
Germany,2015.000,1.050
Germany,2015.000,1.000
Germany,2015.000,1.050
Germany,2015.000,0.000
France,2015.000,-2.000
France,2015.000,-1.000
France,2015.000,-1.000
Germany,2015.000,0.000
Germany,2015.000,1.050
France,2015.000,1.000
Belgium,2015.000,1.000
Belgium,2015.000,0.000
Germany,2015.000,0.000
Germany,2015.000,-2.000
Hungary,2015.000,0.000
Hungary,2015.000,0.000
Hungary,2015.000,0.000
Germany,2015.000,0.000
Germany,2015.000,0.000
Germany,2015.000,0.000
Germany,2015.000,0.000
Spain,2015.000,-2.000
Spain,2015.000,-2.000
Spain,2015.000,-2.000
Czech Republic,2016.000,-1.000
Czech Republic,2016.000,1.050
Czech Republic,2016.000,-1.000
France,2016.000,1.000
France,2016.000,0.000
France,2016.000,-2.000
France,2016.000,0.000
Belgium,2016.000,1.050
Belgium,2016.000,-2.000
Belgium,2016.000,-2.000
Belgium,2016.000,1.050
Hungary,2016.000,0.000
Spain,2016.000,0.000
Spain,2016.000,0.000
Germany,2016.000,-2.000
Germany,2016.000,-2.000
Germany,2016.000,-2.000
Germany,2016.000,0.000
Germany,2016.000,0.000
Germany,2016.000,-1.000
Germany,2016.000,-1.000
Czech Republic,2016.000,1.050
Belgium,2016.000,-1.000
Belgium,2016.000,0.000
Belgium,2016.000,0.000
Belgium,2016.000,1.000
Belgium,2016.000,1.000
Czech Republic,2016.000,1.000
Czech Republic,2016.000,1.000
Belgium,2017.000,1.050
Belgium,2017.000,0.000
Hungary,2017.000,0.000
Czech Republic,2017.000,1.050
Czech Republic,2017.000,1.050
Czech Republic,2017.000,0.000
Germany,2017.000,1.050
France,2017.000,-1.000
Czech Republic,2017.000,0.000
