Country,Year,MIC
Argentina,2012.000,-2.000
Portugal,2012.000,-2.000
South Africa,2012.000,-1.000
Germany,2012.000,-2.000
United States,2012.000,2.000
Philippines,2012.000,-2.000
Greece,2012.000,2.050
Colombia,2012.000,0.000
Czech Republic,2012.000,-2.000
Spain,2012.000,-2.000
United States,2012.000,-2.000
United States,2012.000,-2.000
United States,2012.000,-1.000
Russia,2012.000,-2.000
Spain,2012.000,2.050
United States,2013.000,0.000
Taiwan,2013.000,0.000
Taiwan,2013.000,1.000
Portugal,2013.000,-1.000
Taiwan,2013.000,2.000
United States,2013.000,2.050
United States,2013.000,-1.000
China,2013.000,2.050
Israel,2013.000,2.050
Philippines,2014.000,2.050
Philippines,2014.000,2.050
Mexico,2014.000,2.050
Italy,2014.000,2.050
Italy,2014.000,2.050
Venezuela,2014.000,2.000
Hungary,2014.000,-1.000
Colombia,2014.000,-1.000
Colombia,2014.000,0.000
Turkey,2015.000,2.000
Turkey,2015.000,2.000
Turkey,2015.000,2.000
Turkey,2015.000,2.000
Turkey,2015.000,3.000
Germany,2015.000,0.000
Austria,2015.000,2.000
Germany,2015.000,-1.000
"Korea, South",2015.000,-1.000
Colombia,2015.000,0.000
Colombia,2015.000,2.000
Colombia,2015.000,-1.000
Taiwan,2015.000,-1.000
Taiwan,2015.000,-1.000
Belgium,2015.000,0.000
Colombia,2015.000,3.050
Belgium,2015.000,-1.000
United States,2015.000,3.000
Argentina,2016.000,1.000
China,2016.000,3.050
Italy,2016.000,3.000
South Africa,2016.000,1.000
United States,2016.000,0.000
Thailand,2016.000,3.050
United States,2016.000,1.000
United States,2016.000,3.050
Poland,2016.000,3.000
Taiwan,2016.000,1.000
Taiwan,2016.000,1.000
Spain,2016.000,2.000
Australia,2016.000,2.000
Australia,2016.000,2.000
Australia,2016.000,2.000
Australia,2016.000,2.000
Australia,2016.000,2.000
Australia,2016.000,3.000
Australia,2016.000,3.000
Thailand,2016.000,3.050
Philippines,2016.000,3.050
Taiwan,2016.000,0.000
Italy,2016.000,2.000
Italy,2016.000,3.050
Italy,2016.000,3.000
Italy,2016.000,3.000
Italy,2016.000,3.050
China,2016.000,2.000
Thailand,2017.000,3.050
Hungary,2017.000,3.000
Belgium,2017.000,-1.000
Belgium,2017.000,2.000
South Africa,2017.000,3.050
Taiwan,2017.000,0.000
Taiwan,2017.000,1.000
Taiwan,2017.000,1.000
Taiwan,2017.000,0.000
Italy,2017.000,3.000
Italy,2017.000,3.000
Italy,2017.000,2.000
Italy,2017.000,-1.000
Italy,2017.000,3.050
Taiwan,2017.000,2.000
Taiwan,2017.000,1.000
Philippines,2017.000,3.050
Philippines,2017.000,3.050
Brazil,2017.000,1.000
