Country,Year,MIC
Israel,2013.000,-3.000
Israel,2013.000,-2.000
Israel,2013.000,-2.000
Israel,2013.000,-3.000
Israel,2013.000,-3.000
Israel,2013.000,-3.000
Israel,2013.000,-3.000
Greece,2013.000,-2.000
Greece,2013.000,-1.000
Greece,2013.000,-2.000
United States,2013.000,-2.000
United States,2013.000,-4.000
United States,2013.000,-2.000
China,2013.000,-2.000
China,2013.000,-3.000
Spain,2013.000,-3.000
Spain,2013.000,-2.000
France,2013.000,-3.000
France,2013.000,-2.000
Kuwait,2013.000,-2.000
Kuwait,2013.000,-1.000
Kuwait,2013.000,-2.000
Kuwait,2013.000,-3.000
Hungary,2013.000,-2.000
Ireland,2013.000,-3.000
Austria,2013.000,-2.000
Austria,2013.000,-2.000
Austria,2013.000,-2.000
Austria,2013.000,-2.000
Austria,2013.000,-3.000
China,2013.000,-3.000
Hungary,2013.000,-4.000
China,2013.000,-3.000
China,2013.000,-2.000
China,2013.000,-3.000
China,2013.000,-2.000
China,2013.000,-3.000
Australia,2013.000,-3.000
Australia,2013.000,-3.000
Australia,2013.000,-2.000
Australia,2013.000,-2.000
Denmark,2013.000,-4.000
Denmark,2013.000,-2.000
Sweden,2013.000,-3.000
Hong Kong,2013.000,-2.000
Hong Kong,2013.000,-2.000
Hong Kong,2013.000,-3.000
Hong Kong,2013.000,-2.000
Hong Kong,2013.000,-2.000
Japan,2013.000,-2.000
Japan,2013.000,-2.000
Japan,2013.000,-2.000
Spain,2013.000,-3.000
Malaysia,2013.000,-2.000
Malaysia,2013.000,-3.000
Malaysia,2013.000,-2.000
Malaysia,2013.000,-2.000
Malaysia,2013.000,-2.000
France,2013.000,-3.000
France,2013.000,-3.000
Sweden,2013.000,-3.000
Sweden,2013.000,-3.000
Sweden,2013.000,-3.000
Sweden,2013.000,-3.000
Sweden,2013.000,-3.000
Sweden,2013.000,-3.000
Belgium,2013.000,-3.000
Belgium,2013.000,-3.000
Belgium,2013.000,-1.000
Belgium,2013.000,-2.000
Italy,2013.000,-1.000
Italy,2013.000,-3.000
Netherlands,2013.000,-3.000
Netherlands,2013.000,-2.000
Netherlands,2013.000,-1.000
Netherlands,2013.000,-3.000
Argentina,2013.000,-3.000
Argentina,2013.000,-2.000
Italy,2013.000,-3.000
Italy,2013.000,-3.000
Italy,2013.000,-3.000
United States,2013.000,-2.000
United States,2013.000,-2.000
United Kingdom,2013.000,-3.000
United Kingdom,2013.000,-3.000
United Kingdom,2013.000,-3.000
United Kingdom,2013.000,-4.000
United Kingdom,2013.000,-2.000
Sweden,2013.000,-3.000
Sweden,2013.000,-2.000
Hungary,2013.000,-3.000
Hungary,2013.000,-2.000
Hungary,2013.000,-2.000
United States,2013.000,-3.000
Thailand,2013.000,-2.000
Thailand,2013.000,-1.000
Turkey,2013.000,-1.000
Mexico,2013.000,-3.000
Mexico,2013.000,-3.000
Greece,2013.000,-1.000
Greece,2013.000,-2.000
United States,2013.000,-2.000
United States,2013.000,-3.000
Belgium,2013.000,-3.000
Belgium,2013.000,-3.000
Belgium,2013.000,-3.000
Belgium,2013.000,-2.000
Venezuela,2013.000,-3.000
Venezuela,2013.000,-3.000
Venezuela,2013.000,-3.000
Venezuela,2013.000,-2.000
Taiwan,2013.000,-1.000
Taiwan,2013.000,-1.000
Taiwan,2013.000,-3.000
Taiwan,2013.000,-2.000
Taiwan,2013.000,-3.000
Taiwan,2013.000,-2.000
Taiwan,2013.000,-2.000
Belgium,2013.000,-3.000
Belgium,2013.000,-3.000
Israel,2013.000,-2.000
Israel,2013.000,-2.000
Israel,2013.000,-3.000
Israel,2013.000,-2.000
Israel,2013.000,-2.000
Israel,2013.000,-3.000
Philippines,2013.000,-2.000
Philippines,2013.000,-2.000
Philippines,2013.000,-3.000
Philippines,2013.000,-2.000
Philippines,2013.000,-3.000
Philippines,2013.000,-3.000
Philippines,2013.000,-3.000
Philippines,2013.000,-2.000
Portugal,2013.000,-2.000
Portugal,2013.000,-3.000
Portugal,2013.000,-3.000
Romania,2013.000,-2.000
Czech Republic,2013.000,-3.000
China,2013.000,-3.000
China,2013.000,-2.000
Spain,2013.000,-3.000
Sweden,2013.000,-1.000
Sweden,2013.000,-2.000
United States,2013.000,-2.000
United States,2013.000,-3.000
Portugal,2013.000,-3.000
United Kingdom,2013.000,-3.000
United Kingdom,2013.000,-3.000
United Kingdom,2013.000,-4.000
United Kingdom,2013.000,-4.000
Austria,2013.000,-2.000
Austria,2013.000,-2.000
United States,2013.000,-4.000
Germany,2013.000,-2.000
Germany,2013.000,-1.000
Germany,2013.000,-3.000
Germany,2013.000,-2.000
Italy,2013.000,-3.000
Australia,2013.000,-3.000
Australia,2013.000,-2.000
Italy,2013.000,-3.000
Italy,2013.000,-2.000
Italy,2013.000,-1.000
Italy,2013.000,-2.000
France,2013.000,-2.000
France,2013.000,-2.000
France,2013.000,-3.000
Germany,2013.000,-2.000
Israel,2013.000,-3.000
Israel,2013.000,-3.000
Portugal,2013.000,-3.000
Portugal,2013.000,-3.000
Portugal,2013.000,-3.000
Portugal,2013.000,-2.000
Portugal,2013.000,-2.000
Portugal,2013.000,-2.000
Portugal,2013.000,-2.000
United States,2013.000,-4.000
Thailand,2013.000,-2.000
Taiwan,2013.000,-1.000
Taiwan,2013.000,-3.000
Germany,2013.000,-3.000
Kuwait,2013.000,-3.000
Kuwait,2013.000,-2.000
Kuwait,2013.000,-3.000
Australia,2013.000,-4.000
Australia,2013.000,-4.000
Australia,2013.000,-4.000
United States,2013.000,-3.000
United States,2013.000,-3.000
United States,2013.000,-2.000
Venezuela,2013.000,-3.000
Venezuela,2013.000,-3.000
Venezuela,2013.000,-2.000
Venezuela,2013.000,-2.000
Portugal,2013.000,-4.000
United States,2013.000,-3.000
Philippines,2013.000,-2.000
Taiwan,2013.000,-3.000
Taiwan,2013.000,-2.000
United Kingdom,2013.000,-3.000
United Kingdom,2013.000,-2.000
United Kingdom,2013.000,-2.000
Spain,2013.000,-2.000
Spain,2013.000,-3.000
Colombia,2013.000,-2.000
United States,2013.000,-2.000
China,2013.000,-3.000
Thailand,2013.000,-2.000
Thailand,2013.000,-2.000
Thailand,2013.000,-3.000
Thailand,2013.000,-2.000
Thailand,2013.000,-2.000
Colombia,2013.000,-2.000
Colombia,2013.000,-2.000
Colombia,2013.000,-2.000
South Africa,2013.000,-2.000
Colombia,2013.000,-3.000
Colombia,2013.000,-2.000
Australia,2013.000,-2.000
Australia,2013.000,-3.000
Australia,2013.000,-3.000
United States,2013.000,-3.000
South Africa,2013.000,-3.000
South Africa,2013.000,-4.000
Philippines,2013.000,-2.000
France,2013.000,-2.000
France,2013.000,-3.000
France,2013.000,-3.000
Italy,2013.000,-3.000
South Africa,2013.000,-2.000
South Africa,2013.000,-3.000
South Africa,2013.000,-2.000
Netherlands,2013.000,-4.000
Germany,2013.000,-2.000
Germany,2013.000,-3.000
United States,2013.000,-4.000
United States,2013.000,-3.000
United States,2013.000,-3.000
United States,2013.000,-3.000
Belgium,2013.000,-3.000
Belgium,2013.000,-3.000
Belgium,2013.000,-2.000
Mexico,2013.000,-2.000
Mexico,2013.000,-3.000
Mexico,2013.000,-2.000
United States,2013.000,-3.000
United States,2013.000,-3.000
United States,2013.000,-2.000
United States,2013.000,-3.000
Kuwait,2013.000,-2.000
Kuwait,2013.000,-2.000
Kuwait,2013.000,-2.000
Kuwait,2013.000,-2.000
Kuwait,2013.000,-3.000
Venezuela,2013.000,-1.000
"Korea, South",2013.000,-2.000
Italy,2013.000,-2.000
Italy,2013.000,-3.000
Italy,2013.000,-3.000
Italy,2013.000,-2.000
China,2013.000,-2.000
Brazil,2013.000,-2.000
Brazil,2013.000,-3.000
Brazil,2013.000,-4.000
Malaysia,2013.000,-2.000
Malaysia,2013.000,-1.000
Malaysia,2013.000,-2.000
Israel,2013.000,-2.000
Czech Republic,2013.000,-2.000
Czech Republic,2013.000,-2.000
Czech Republic,2013.000,-3.000
Czech Republic,2013.000,-2.000
Malaysia,2013.000,-3.000
Denmark,2013.000,-2.000
Denmark,2013.000,-4.000
