Country,Year,MIC
Israel,2013.000,-5.000
Israel,2013.000,-4.000
Israel,2013.000,-5.000
Israel,2013.000,-4.000
Israel,2013.000,-5.000
Israel,2013.000,-5.000
Israel,2013.000,-4.000
Greece,2013.000,-5.000
Greece,2013.000,-5.000
Greece,2013.000,-5.000
United States,2013.000,-4.000
United States,2013.000,-5.000
United States,2013.000,-5.000
China,2013.000,-4.000
China,2013.000,-4.000
Spain,2013.000,-5.000
Spain,2013.000,-4.000
France,2013.000,-5.000
France,2013.000,-5.000
Kuwait,2013.000,-5.000
Kuwait,2013.000,-3.000
Kuwait,2013.000,-5.000
Kuwait,2013.000,-5.000
Hungary,2013.000,-5.000
Ireland,2013.000,-5.000
Austria,2013.000,-4.000
Austria,2013.000,-4.000
Austria,2013.000,-4.000
Austria,2013.000,-4.000
Austria,2013.000,-4.000
China,2013.000,-5.000
Hungary,2013.000,-5.000
China,2013.000,-4.000
China,2013.000,-4.000
China,2013.000,-5.000
China,2013.000,-5.000
China,2013.000,-5.000
Australia,2013.000,-4.000
Australia,2013.000,-4.000
Australia,2013.000,-3.000
Australia,2013.000,-4.000
Denmark,2013.000,-5.000
Denmark,2013.000,-4.000
Denmark,2013.000,-4.000
Sweden,2013.000,-5.000
Hong Kong,2013.000,-4.000
Hong Kong,2013.000,-4.000
Hong Kong,2013.000,-5.000
Hong Kong,2013.000,-3.000
Hong Kong,2013.000,-4.000
Japan,2013.000,-5.000
Japan,2013.000,-4.000
Japan,2013.000,-5.000
Spain,2013.000,-5.000
Malaysia,2013.000,-5.000
Malaysia,2013.000,-5.000
Malaysia,2013.000,-4.000
Malaysia,2013.000,-5.000
Malaysia,2013.000,-4.000
France,2013.000,-5.000
France,2013.000,-5.000
Sweden,2013.000,-5.000
Sweden,2013.000,-5.000
Sweden,2013.000,-5.000
Sweden,2013.000,-5.000
Sweden,2013.000,-4.000
Sweden,2013.000,-4.000
Belgium,2013.000,-5.000
Belgium,2013.000,-5.000
Belgium,2013.000,-4.000
Belgium,2013.000,-4.000
Italy,2013.000,-4.000
Italy,2013.000,-5.000
Netherlands,2013.000,-5.000
Netherlands,2013.000,-4.000
Netherlands,2013.000,-4.000
Netherlands,2013.000,-5.000
Argentina,2013.000,-5.000
Argentina,2013.000,-5.000
Italy,2013.000,-5.000
Italy,2013.000,-5.000
Italy,2013.000,-4.000
United States,2013.000,-4.000
United States,2013.000,-4.000
United Kingdom,2013.000,-5.000
United Kingdom,2013.000,-6.000
United Kingdom,2013.000,-5.000
United Kingdom,2013.000,-6.000
United Kingdom,2013.000,-5.000
Sweden,2013.000,-6.000
Sweden,2013.000,-6.000
Sweden,2013.000,-5.000
Hungary,2013.000,-5.000
Hungary,2013.000,-4.000
Hungary,2013.000,-4.000
United States,2013.000,-5.000
Thailand,2013.000,-5.000
Thailand,2013.000,-4.000
Turkey,2013.000,-4.000
Mexico,2013.000,-6.000
Mexico,2013.000,-5.000
Greece,2013.000,-5.000
United States,2013.000,-5.000
United States,2013.000,-5.000
Belgium,2013.000,-4.000
Belgium,2013.000,-5.000
Belgium,2013.000,-5.000
Belgium,2013.000,-5.000
Venezuela,2013.000,-5.000
Venezuela,2013.000,-6.000
Venezuela,2013.000,-6.000
Venezuela,2013.000,-4.000
Taiwan,2013.000,-3.000
Taiwan,2013.000,-5.000
Taiwan,2013.000,-5.000
Taiwan,2013.000,-5.000
Taiwan,2013.000,-5.000
Taiwan,2013.000,-5.000
Belgium,2013.000,-6.000
Belgium,2013.000,-6.000
Israel,2013.000,-4.000
Israel,2013.000,-4.000
Israel,2013.000,-5.000
Israel,2013.000,-5.000
Israel,2013.000,-5.000
Israel,2013.000,-4.000
Philippines,2013.000,-4.000
Philippines,2013.000,-5.000
Philippines,2013.000,-5.000
Philippines,2013.000,-5.000
Philippines,2013.000,-5.000
Philippines,2013.000,-6.000
Philippines,2013.000,-5.000
Philippines,2013.000,-6.000
Portugal,2013.000,-4.000
Portugal,2013.000,-6.000
Portugal,2013.000,-6.000
Romania,2013.000,-4.000
Czech Republic,2013.000,-5.000
China,2013.000,-5.000
China,2013.000,-5.000
Spain,2013.000,-5.000
Sweden,2013.000,-4.000
Sweden,2013.000,-3.000
United States,2013.000,-5.000
United States,2013.000,-5.000
Portugal,2013.000,-5.000
United Kingdom,2013.000,-5.000
United Kingdom,2013.000,-5.000
United Kingdom,2013.000,-5.000
United Kingdom,2013.000,-4.000
Austria,2013.000,-5.000
Austria,2013.000,-4.000
United States,2013.000,-5.000
Germany,2013.000,-5.000
Germany,2013.000,-4.000
Germany,2013.000,-5.000
Germany,2013.000,-5.000
Italy,2013.000,-5.000
Australia,2013.000,-4.000
Australia,2013.000,-5.000
Italy,2013.000,-5.000
Italy,2013.000,-4.000
Italy,2013.000,-3.000
Italy,2013.000,-5.000
France,2013.000,-5.000
France,2013.000,-5.000
France,2013.000,-4.000
Germany,2013.000,-5.000
Israel,2013.000,-6.000
Israel,2013.000,-5.000
Israel,2013.000,-5.000
Portugal,2013.000,-4.000
Portugal,2013.000,-4.000
Portugal,2013.000,-5.000
Portugal,2013.000,-4.000
Portugal,2013.000,-5.000
Portugal,2013.000,-5.000
Portugal,2013.000,-5.000
United States,2013.000,-5.000
Thailand,2013.000,-4.000
Taiwan,2013.000,-3.000
Taiwan,2013.000,-4.000
Germany,2013.000,-5.000
Kuwait,2013.000,-5.000
Kuwait,2013.000,-5.000
Kuwait,2013.000,-5.000
Australia,2013.000,-5.000
Australia,2013.000,-5.000
Australia,2013.000,-5.000
United States,2013.000,-5.000
United States,2013.000,-5.000
United States,2013.000,-4.000
Venezuela,2013.000,-5.000
Venezuela,2013.000,-5.000
Venezuela,2013.000,-5.000
Venezuela,2013.000,-5.000
Portugal,2013.000,-6.000
United States,2013.000,-5.000
Philippines,2013.000,-5.000
Taiwan,2013.000,-5.000
Taiwan,2013.000,-5.000
United Kingdom,2013.000,-5.000
United Kingdom,2013.000,-3.000
United Kingdom,2013.000,-4.000
Spain,2013.000,-4.000
Spain,2013.000,-5.000
Colombia,2013.000,-5.000
United States,2013.000,-5.000
China,2013.000,-5.000
Thailand,2013.000,-4.000
Thailand,2013.000,-5.000
Thailand,2013.000,-4.000
Thailand,2013.000,-5.000
Thailand,2013.000,-4.000
Colombia,2013.000,-4.000
Colombia,2013.000,-4.000
Colombia,2013.000,-4.000
South Africa,2013.000,-5.000
Colombia,2013.000,-6.000
Colombia,2013.000,-4.000
Australia,2013.000,-4.000
Australia,2013.000,-5.000
Australia,2013.000,-5.000
United States,2013.000,-6.000
South Africa,2013.000,-5.000
South Africa,2013.000,-5.000
Philippines,2013.000,-4.000
France,2013.000,-5.000
France,2013.000,-5.000
France,2013.000,-5.000
Italy,2013.000,-4.000
South Africa,2013.000,-4.000
South Africa,2013.000,-4.000
South Africa,2013.000,-4.000
Netherlands,2013.000,-5.000
Germany,2013.000,-5.000
Germany,2013.000,-5.000
Argentina,2013.000,-3.000
United States,2013.000,-5.000
United States,2013.000,-5.000
United States,2013.000,-6.000
United States,2013.000,-5.000
Belgium,2013.000,-6.000
Belgium,2013.000,-5.000
Belgium,2013.000,-4.000
Mexico,2013.000,-4.000
Mexico,2013.000,-5.000
Mexico,2013.000,-4.000
United States,2013.000,-5.000
United States,2013.000,-5.000
United States,2013.000,-3.000
United States,2013.000,-5.000
United States,2013.000,-3.000
Kuwait,2013.000,-4.000
Kuwait,2013.000,-5.000
Kuwait,2013.000,-5.000
Kuwait,2013.000,-4.000
Kuwait,2013.000,-5.000
Venezuela,2013.000,-5.000
"Korea, South",2013.000,-4.000
Italy,2013.000,-4.000
Italy,2013.000,-5.000
Italy,2013.000,-4.000
Italy,2013.000,-3.000
China,2013.000,-5.000
Brazil,2013.000,-5.000
Brazil,2013.000,-5.000
Brazil,2013.000,-5.000
Malaysia,2013.000,-5.000
Malaysia,2013.000,-5.000
Malaysia,2013.000,-5.000
Israel,2013.000,-5.000
Czech Republic,2013.000,-5.000
Czech Republic,2013.000,-4.000
Czech Republic,2013.000,-6.000
Czech Republic,2013.000,-5.000
Malaysia,2013.000,-4.000
Denmark,2013.000,-4.000
Denmark,2013.000,-5.000
Kuwait,2016.000,-5.000
Kuwait,2016.000,-5.000
Kuwait,2016.000,-4.000
Kuwait,2016.000,-4.000
Kuwait,2016.000,-5.000
Kuwait,2016.000,-5.000
Argentina,2016.000,-5.000
Argentina,2016.000,-4.000
Argentina,2016.000,-4.000
Argentina,2016.000,-5.000
Argentina,2016.000,-5.000
Argentina,2016.000,-5.000
Greece,2016.000,-5.000
Greece,2016.000,-4.000
Greece,2016.000,-4.000
Kuwait,2016.000,-5.000
Kuwait,2016.000,-5.000
Kuwait,2016.000,-4.000
Kuwait,2016.000,-5.000
Kuwait,2016.000,-4.000
Kuwait,2016.000,-5.000
Kuwait,2016.000,-4.000
Kuwait,2016.000,-5.000
Argentina,2016.000,-4.000
Argentina,2016.000,-5.000
Argentina,2016.000,-5.000
Argentina,2016.000,-5.000
Argentina,2016.000,-4.000
Argentina,2016.000,-4.000
Mexico,2016.000,-5.000
Mexico,2016.000,-4.000
Mexico,2016.000,-4.000
Mexico,2016.000,-5.000
Mexico,2016.000,-4.000
Mexico,2016.000,-4.000
Mexico,2016.000,-5.000
Mexico,2016.000,-5.000
Kuwait,2016.000,-4.000
Kuwait,2016.000,-4.000
Kuwait,2016.000,-5.000
Russia,2016.000,-5.000
Australia,2016.000,-4.000
Australia,2016.000,-5.000
Australia,2016.000,-4.000
Portugal,2016.000,-4.000
Portugal,2016.000,-5.000
Portugal,2016.000,-5.000
Portugal,2016.000,-5.000
Portugal,2016.000,-4.000
Portugal,2016.000,-4.000
Portugal,2016.000,-4.000
Israel,2016.000,-4.000
Israel,2016.000,-4.000
Israel,2016.000,-4.000
Israel,2016.000,-5.000
Israel,2016.000,-5.000
Israel,2016.000,-4.000
Italy,2016.000,-4.000
Italy,2016.000,-4.000
Italy,2016.000,-4.000
Italy,2016.000,-4.000
United States,2016.000,-4.000
United States,2016.000,-4.000
Spain,2016.000,-6.000
Spain,2016.000,-5.000
Spain,2016.000,-4.000
Spain,2016.000,-4.000
Spain,2016.000,-5.000
Spain,2016.000,-5.000
Spain,2016.000,-5.000
Spain,2016.000,-4.000
Belgium,2016.000,-4.000
Belgium,2016.000,-5.000
Belgium,2016.000,-4.000
Belgium,2016.000,-5.000
Italy,2016.000,-4.000
Italy,2016.000,-4.000
Italy,2016.000,-5.000
Hungary,2016.000,-4.000
Hungary,2016.000,-4.000
Hungary,2016.000,-4.000
Hungary,2016.000,-4.000
Hungary,2016.000,-4.000
Hungary,2016.000,-4.000
Hungary,2016.000,-4.000
Israel,2016.000,-4.000
Israel,2016.000,-5.000
Israel,2016.000,-5.000
Israel,2016.000,-5.000
Israel,2016.000,-5.000
Israel,2016.000,-5.000
Israel,2016.000,-5.000
Israel,2016.000,-5.000
Spain,2016.000,-4.000
South Africa,2016.000,-4.000
South Africa,2016.000,-4.000
South Africa,2016.000,-4.000
United States,2016.000,-4.000
United States,2016.000,-4.000
United States,2016.000,-5.000
United States,2016.000,-4.000
United States,2016.000,-4.000
United States,2016.000,-4.000
United States,2016.000,-5.000
United States,2016.000,-4.000
United States,2016.000,-5.000
United States,2016.000,-5.000
United States,2016.000,-5.000
United States,2016.000,-5.000
United States,2016.000,-4.000
United States,2016.000,-5.000
Germany,2016.000,-4.000
Germany,2016.000,-4.000
Germany,2016.000,-5.000
Germany,2016.000,-4.000
France,2016.000,-4.000
France,2016.000,-4.000
France,2016.000,-4.000
France,2016.000,-4.000
France,2016.000,-5.000
South Africa,2016.000,-5.000
South Africa,2016.000,-4.000
South Africa,2016.000,-4.000
United States,2016.000,-5.000
United States,2016.000,-5.000
United States,2016.000,-4.000
United States,2016.000,-5.000
United States,2016.000,-4.000
Thailand,2016.000,-4.000
Thailand,2016.000,-4.000
Thailand,2016.000,-4.000
Thailand,2016.000,-4.000
Thailand,2016.000,-4.000
Thailand,2016.000,-4.000
Thailand,2016.000,-4.000
Chile,2016.000,-4.000
Chile,2016.000,-5.000
Chile,2016.000,-5.000
Chile,2016.000,-5.000
Chile,2016.000,-5.000
Israel,2016.000,-5.000
Israel,2016.000,-4.000
Israel,2016.000,-4.000
Israel,2016.000,-5.000
Israel,2016.000,-4.000
Israel,2016.000,-4.000
Czech Republic,2016.000,-4.000
Czech Republic,2016.000,-4.000
Czech Republic,2016.000,-4.000
Czech Republic,2016.000,-4.000
Czech Republic,2016.000,-4.000
Czech Republic,2016.000,-5.000
France,2016.000,-5.000
France,2016.000,-5.000
France,2016.000,-4.000
France,2016.000,-5.000
France,2016.000,-5.000
United States,2016.000,-4.000
United States,2016.000,-4.000
United States,2016.000,-4.000
United States,2016.000,-5.000
Germany,2016.000,-5.000
Germany,2016.000,-5.000
Germany,2016.000,-5.000
United Kingdom,2016.000,-5.000
United Kingdom,2016.000,-5.000
United States,2016.000,-4.000
United States,2016.000,-5.000
United States,2016.000,-5.000
France,2016.000,-4.000
France,2016.000,-5.000
France,2016.000,-5.000
France,2016.000,-5.000
Venezuela,2016.000,-4.000
Venezuela,2016.000,-5.000
Venezuela,2016.000,-5.000
United Kingdom,2016.000,-5.000
United Kingdom,2016.000,-4.000
United Kingdom,2016.000,-5.000
United Kingdom,2016.000,-4.000
United Kingdom,2016.000,-5.000
United Kingdom,2016.000,-4.000
France,2016.000,-5.000
France,2016.000,-5.000
France,2016.000,-4.000
France,2016.000,-4.000
France,2016.000,-5.000
Germany,2016.000,-4.000
Germany,2016.000,-4.000
Germany,2016.000,-4.000
Germany,2016.000,-4.000
Germany,2016.000,-4.000
Denmark,2016.000,-4.000
Denmark,2016.000,-5.000
Denmark,2016.000,-5.000
Denmark,2016.000,-5.000
Denmark,2016.000,-5.000
Denmark,2016.000,-5.000
Denmark,2016.000,-5.000
Denmark,2016.000,-5.000
Denmark,2016.000,-4.000
Denmark,2016.000,-5.000
Denmark,2016.000,-5.000
Denmark,2016.000,-4.000
Chile,2016.000,-4.000
United States,2016.000,-4.000
United States,2016.000,-5.000
United States,2016.000,-5.000
United States,2016.000,-5.000
United States,2016.000,-5.000
Austria,2016.000,-5.000
Austria,2016.000,-4.000
Austria,2016.000,-5.000
Austria,2016.000,-5.000
Austria,2016.000,-4.000
Austria,2016.000,-5.000
Austria,2016.000,-5.000
Italy,2016.000,-4.000
Italy,2016.000,-5.000
Italy,2016.000,-5.000
Turkey,2016.000,-5.000
Turkey,2016.000,-4.000
France,2016.000,-5.000
France,2016.000,-4.000
France,2016.000,-5.000
Greece,2016.000,-4.000
Greece,2016.000,-5.000
Greece,2016.000,-4.000
Greece,2016.000,-4.000
Greece,2016.000,-4.000
United States,2016.000,-4.000
United States,2016.000,-5.000
United States,2016.000,-5.000
United States,2016.000,-4.000
United States,2016.000,-5.000
Spain,2016.000,-4.000
Spain,2016.000,-4.000
Spain,2016.000,-4.000
Austria,2016.000,-5.000
Austria,2016.000,-5.000
Austria,2016.000,-5.000
Austria,2016.000,-5.000
Japan,2016.000,-5.000
Japan,2016.000,-5.000
Poland,2016.000,-5.000
Poland,2016.000,-5.000
Poland,2016.000,-4.000
Taiwan,2016.000,-5.000
Taiwan,2016.000,-5.000
Taiwan,2016.000,-6.000
Taiwan,2016.000,-5.000
Taiwan,2016.000,-4.000
Taiwan,2016.000,-6.000
United States,2016.000,-4.000
United States,2016.000,-4.000
United States,2016.000,-4.000
United Kingdom,2016.000,-4.000
United Kingdom,2016.000,-4.000
United Kingdom,2016.000,-5.000
United States,2016.000,-4.000
United States,2016.000,-4.000
Australia,2016.000,-5.000
Australia,2016.000,-4.000
Australia,2016.000,-4.000
Australia,2016.000,-5.000
Spain,2016.000,-4.000
Spain,2016.000,-4.000
Spain,2016.000,-5.000
Spain,2016.000,-5.000
Spain,2016.000,-5.000
Spain,2016.000,-4.000
Philippines,2016.000,-5.000
Philippines,2016.000,-4.000
Australia,2016.000,-5.000
Australia,2016.000,-5.000
Australia,2016.000,-4.000
Australia,2016.000,-5.000
Australia,2016.000,-4.000
Taiwan,2016.000,-5.000
Taiwan,2016.000,-5.000
Taiwan,2016.000,-4.000
Taiwan,2016.000,-4.000
Taiwan,2016.000,-4.000
Taiwan,2016.000,-4.000
Germany,2016.000,-5.000
Germany,2016.000,-5.000
Germany,2016.000,-4.000
Belgium,2016.000,-5.000
Belgium,2016.000,-5.000
Belgium,2016.000,-4.000
Belgium,2016.000,-4.000
Belgium,2016.000,-5.000
Belgium,2016.000,-5.000
Germany,2016.000,-4.000
Germany,2016.000,-4.000
Germany,2016.000,-5.000
Chile,2016.000,-5.000
Colombia,2016.000,-4.000
"Korea, South",2016.000,-5.000
"Korea, South",2016.000,-4.000
"Korea, South",2016.000,-4.000
"Korea, South",2016.000,-5.000
"Korea, South",2016.000,-4.000
United States,2016.000,-5.000
United States,2016.000,-5.000
Japan,2016.000,-4.000
Japan,2016.000,-4.000
Japan,2016.000,-5.000
Japan,2016.000,-5.000
Australia,2016.000,-5.000
Australia,2016.000,-4.000
Australia,2016.000,-5.000
United Kingdom,2016.000,-4.000
United Kingdom,2016.000,-4.000
United Kingdom,2016.000,-5.000
United Kingdom,2016.000,-4.000
United Kingdom,2016.000,-4.000
France,2016.000,-5.000
France,2016.000,-5.000
France,2016.000,-4.000
Portugal,2016.000,-4.000
Portugal,2016.000,-4.000
Portugal,2016.000,-4.000
Portugal,2016.000,-4.000
Brazil,2016.000,-4.000
Brazil,2016.000,-5.000
Brazil,2016.000,-5.000
Brazil,2016.000,-4.000
Brazil,2016.000,-4.000
Brazil,2016.000,-4.000
Brazil,2016.000,-5.000
Brazil,2016.000,-5.000
Brazil,2016.000,-4.000
Portugal,2016.000,-5.000
Portugal,2016.000,-5.000
Portugal,2016.000,-5.000
Portugal,2016.000,-5.000
Portugal,2016.000,-5.000
Portugal,2016.000,-5.000
Portugal,2016.000,-5.000
France,2016.000,-4.000
France,2016.000,-4.000
France,2016.000,-4.000
France,2016.000,-4.000
France,2016.000,-4.000
Philippines,2016.000,-5.000
Philippines,2016.000,-4.000
Philippines,2016.000,-4.000
Philippines,2016.000,-4.000
Thailand,2016.000,-4.000
Thailand,2016.000,-5.000
Thailand,2016.000,-5.000
Thailand,2016.000,-5.000
Thailand,2016.000,-5.000
Thailand,2016.000,-4.000
Belgium,2016.000,-4.000
Belgium,2016.000,-4.000
Belgium,2016.000,-4.000
Belgium,2016.000,-4.000
Belgium,2016.000,-4.000
Belgium,2016.000,-4.000
Hungary,2016.000,-5.000
Hungary,2016.000,-5.000
Hungary,2016.000,-5.000
Hungary,2016.000,-5.000
Hungary,2016.000,-5.000
Hungary,2016.000,-4.000
Hungary,2016.000,-5.000
Hungary,2016.000,-5.000
Hungary,2016.000,-5.000
Hungary,2016.000,-5.000
Hungary,2016.000,-5.000
France,2016.000,-5.000
France,2016.000,-4.000
France,2016.000,-5.000
France,2016.000,-4.000
"Korea, South",2016.000,-4.000
"Korea, South",2016.000,-5.000
Australia,2016.000,-4.000
Australia,2016.000,-4.000
Netherlands,2016.000,-4.000
Netherlands,2016.000,-4.000
Netherlands,2016.000,-4.000
Netherlands,2016.000,-4.000
Netherlands,2016.000,-4.000
Netherlands,2016.000,-4.000
Netherlands,2016.000,-4.000
Netherlands,2016.000,-5.000
Netherlands,2016.000,-4.000
Netherlands,2016.000,-4.000
Netherlands,2016.000,-4.000
Netherlands,2016.000,-4.000
Czech Republic,2016.000,-4.000
United States,2016.000,-5.000
United States,2016.000,-5.000
Philippines,2016.000,-4.000
Philippines,2016.000,-4.000
Philippines,2016.000,-4.000
Philippines,2016.000,-5.000
Philippines,2016.000,-5.000
Philippines,2016.000,-5.000
Philippines,2016.000,-4.000
Venezuela,2016.000,-5.000
Venezuela,2016.000,-4.000
Venezuela,2016.000,-4.000
Venezuela,2016.000,-4.000
Turkey,2016.000,-5.000
United States,2016.000,-4.000
United States,2016.000,-4.000
United States,2016.000,-5.000
South Africa,2016.000,-4.000
United States,2016.000,-4.000
United States,2016.000,-4.000
Thailand,2016.000,-5.000
Thailand,2016.000,-5.000
Thailand,2016.000,-4.000
Thailand,2016.000,-4.000
Hungary,2016.000,-4.000
Hungary,2016.000,-5.000
Hungary,2016.000,-5.000
Hungary,2016.000,-5.000
Hungary,2016.000,-5.000
Philippines,2016.000,-5.000
Philippines,2016.000,-4.000
Philippines,2016.000,-5.000
Philippines,2016.000,-5.000
Philippines,2016.000,-5.000
Taiwan,2016.000,-4.000
Taiwan,2016.000,-4.000
Taiwan,2016.000,-4.000
Taiwan,2016.000,-5.000
Taiwan,2016.000,-4.000
Taiwan,2016.000,-4.000
Italy,2016.000,-4.000
Italy,2016.000,-4.000
United States,2016.000,-4.000
United States,2016.000,-5.000
United States,2016.000,-5.000
United States,2016.000,-5.000
Germany,2016.000,-5.000
Germany,2016.000,-5.000
Belgium,2016.000,-4.000
Belgium,2016.000,-4.000
Portugal,2016.000,-5.000
Portugal,2016.000,-4.000
Portugal,2016.000,-5.000
Netherlands,2016.000,-5.000
Netherlands,2016.000,-5.000
Netherlands,2016.000,-5.000
Thailand,2016.000,-4.000
South Africa,2016.000,-5.000
Turkey,2016.000,-6.000
Turkey,2016.000,-5.000
Turkey,2016.000,-5.000
Turkey,2016.000,-5.000
Turkey,2016.000,-5.000
