Country,Year,MIC
United States,2004.000,4.050
Italy,2005.000,0.000
Singapore,2005.000,0.000
United States,2005.000,1.000
Italy,2005.000,0.000
United States,2005.000,-1.000
Canada,2005.000,4.000
Italy,2005.000,4.050
United States,2006.000,-1.000
United States,2006.000,-1.000
United States,2006.000,-1.000
United States,2006.000,-1.000
United States,2006.000,-1.000
United States,2006.000,0.000
United States,2006.000,-1.000
United States,2006.000,-1.000
United States,2006.000,-1.000
United States,2006.000,-1.000
United States,2006.000,-1.000
Chile,2006.000,4.050
United States,2006.000,-1.000
Greece,2006.000,2.000
Greece,2006.000,3.000
United States,2006.000,3.000
Taiwan,2006.000,-1.000
Taiwan,2006.000,0.000
Taiwan,2006.000,-1.000
Taiwan,2006.000,-1.000
United States,2006.000,-1.000
United States,2006.000,-1.000
United States,2006.000,-1.000
United States,2006.000,-1.000
United States,2006.000,4.000
United States,2006.000,-1.000
United States,2006.000,-1.000
United States,2006.000,0.000
Puerto Rico,2006.000,1.000
United States,2006.000,-1.000
United States,2006.000,0.000
United States,2006.000,-1.000
United States,2006.000,-1.000
United States,2006.000,-1.000
United States,2006.000,-1.000
United States,2006.000,-1.000
United States,2006.000,-1.000
United States,2006.000,-1.000
United States,2006.000,-1.000
United States,2006.000,-1.000
United States,2006.000,-1.000
United States,2006.000,-1.000
United States,2006.000,-1.000
United States,2006.000,-1.000
United States,2006.000,-1.000
Taiwan,2006.000,0.000
Taiwan,2006.000,-1.000
Argentina,2006.000,0.000
Argentina,2006.000,1.000
United States,2006.000,0.000
United States,2006.000,-1.000
United States,2006.000,-1.000
United States,2006.000,-1.000
South Africa,2006.000,-1.000
South Africa,2006.000,-1.000
United States,2006.000,-1.000
Israel,2006.000,-1.000
United States,2006.000,0.000
United States,2006.000,0.000
United States,2006.000,0.000
United States,2006.000,-1.000
United States,2006.000,-1.000
United States,2006.000,3.000
United States,2006.000,-1.000
United States,2006.000,1.000
United States,2006.000,-1.000
Slovenia,2006.000,2.000
Slovenia,2006.000,0.000
Slovenia,2006.000,2.000
United States,2006.000,-1.000
United States,2006.000,4.050
United States,2006.000,-1.000
United States,2006.000,-1.000
Brazil,2006.000,-1.000
Brazil,2006.000,-1.000
Brazil,2006.000,-1.000
Italy,2006.000,0.000
Italy,2006.000,2.000
Italy,2006.000,3.000
Italy,2006.000,2.000
Italy,2006.000,2.000
Italy,2006.000,2.000
Italy,2006.000,0.000
United States,2006.000,1.000
United States,2006.000,1.000
Panama,2006.000,0.000
Panama,2006.000,-1.000
Panama,2006.000,0.000
Panama,2006.000,-1.000
Panama,2006.000,0.000
Panama,2006.000,-1.000
Panama,2006.000,0.000
Panama,2006.000,-1.000
Italy,2006.000,3.000
Australia,2006.000,-1.000
Croatia,2006.000,0.000
Croatia,2006.000,2.000
Guatemala,2006.000,-1.000
Guatemala,2006.000,0.000
Guatemala,2006.000,1.000
Guatemala,2006.000,2.000
Guatemala,2006.000,2.000
Guatemala,2006.000,2.000
Guatemala,2006.000,1.000
Germany,2006.000,0.000
Australia,2006.000,-1.000
India,2006.000,1.000
Mexico,2006.000,0.000
Mexico,2006.000,-1.000
Mexico,2006.000,-1.000
Mexico,2006.000,0.000
Mexico,2006.000,4.000
Mexico,2006.000,-1.000
Mexico,2006.000,3.000
United States,2007.000,1.000
United States,2007.000,1.000
Honduras,2007.000,0.000
Italy,2007.000,0.000
Italy,2007.000,0.000
Italy,2007.000,1.000
Italy,2007.000,0.000
Chile,2007.000,0.000
Guatemala,2007.000,4.000
Guatemala,2007.000,4.000
Ireland,2007.000,2.000
Argentina,2007.000,0.000
Argentina,2007.000,3.000
Argentina,2007.000,1.000
Argentina,2007.000,0.000
Mexico,2007.000,0.000
Spain,2007.000,1.000
Germany,2007.000,4.050
India,2007.000,2.000
India,2007.000,3.000
France,2007.000,1.000
Italy,2007.000,0.000
Greece,2007.000,1.000
Greece,2007.000,1.000
Greece,2007.000,1.000
Germany,2007.000,4.050
United States,2007.000,2.000
United States,2007.000,3.000
South Africa,2007.000,4.000
South Africa,2007.000,2.000
South Africa,2007.000,1.000
South Africa,2007.000,2.000
South Africa,2007.000,4.000
South Africa,2007.000,4.000
South Africa,2007.000,2.000
South Africa,2007.000,3.000
South Africa,2007.000,2.000
South Africa,2007.000,0.000
Singapore,2007.000,0.000
United States,2007.000,1.000
United States,2007.000,0.000
United States,2007.000,4.050
Israel,2007.000,2.000
India,2007.000,1.000
India,2007.000,0.000
India,2007.000,3.000
India,2007.000,1.000
Mexico,2007.000,0.000
Mexico,2007.000,0.000
Italy,2007.000,3.000
Mexico,2007.000,0.000
Italy,2007.000,1.000
United States,2007.000,4.050
United States,2007.000,3.000
India,2007.000,2.000
India,2007.000,3.000
India,2007.000,4.000
India,2007.000,3.000
India,2007.000,4.000
India,2007.000,2.000
United States,2007.000,0.000
Italy,2007.000,0.000
Italy,2007.000,3.000
Slovak Republic,2007.000,1.000
Israel,2007.000,3.000
Guatemala,2007.000,2.000
Guatemala,2007.000,0.000
Ireland,2007.000,4.050
United States,2007.000,0.000
United States,2007.000,0.000
Panama,2007.000,4.050
Argentina,2007.000,0.000
United States,2007.000,0.000
United States,2007.000,0.000
United States,2007.000,0.000
United States,2007.000,0.000
United States,2007.000,0.000
South Africa,2007.000,1.000
United States,2007.000,2.000
United States,2007.000,2.000
United States,2007.000,3.000
United States,2007.000,4.000
United States,2007.000,4.000
India,2007.000,0.000
India,2007.000,4.050
India,2007.000,3.000
India,2007.000,3.000
United States,2007.000,4.050
Oman,2007.000,3.000
United States,2007.000,4.050
United States,2007.000,0.000
United States,2007.000,0.000
United States,2007.000,2.000
United States,2007.000,0.000
Singapore,2007.000,1.000
United States,2007.000,0.000
Canada,2007.000,2.000
Mexico,2007.000,4.050
United States,2007.000,0.000
United States,2007.000,0.000
Chile,2007.000,2.000
Chile,2007.000,1.000
Italy,2007.000,4.000
Italy,2007.000,0.000
Sweden,2007.000,4.050
United States,2007.000,0.000
Croatia,2007.000,4.000
Croatia,2007.000,0.000
Croatia,2007.000,1.000
India,2007.000,2.000
Greece,2007.000,0.000
United States,2007.000,0.000
United States,2007.000,4.050
United States,2007.000,1.000
United States,2007.000,0.000
Mexico,2007.000,1.000
Mexico,2007.000,4.000
United States,2007.000,1.000
Israel,2007.000,2.000
France,2008.000,4.000
France,2008.000,1.000
Colombia,2008.000,0.000
Colombia,2008.000,4.050
India,2008.000,3.000
Taiwan,2008.000,0.000
Taiwan,2008.000,0.000
Germany,2008.000,1.000
Turkey,2008.000,1.000
Italy,2008.000,3.000
Spain,2008.000,0.000
Spain,2008.000,0.000
Spain,2008.000,0.000
Spain,2008.000,2.000
Colombia,2008.000,0.000
Colombia,2008.000,0.000
Mexico,2008.000,4.050
Greece,2008.000,2.000
Greece,2008.000,0.000
Greece,2008.000,1.000
United States,2008.000,1.000
United States,2008.000,2.000
United States,2008.000,0.000
United States,2008.000,3.000
United States,2008.000,2.000
Mexico,2008.000,0.000
France,2008.000,4.050
Turkey,2008.000,0.000
United States,2008.000,4.000
United States,2008.000,0.000
United States,2008.000,0.000
United States,2008.000,1.000
United States,2008.000,1.000
United States,2008.000,1.000
United States,2008.000,1.000
United States,2008.000,1.000
United States,2008.000,1.000
Italy,2008.000,1.000
Italy,2008.000,4.000
Italy,2008.000,3.000
Australia,2008.000,2.000
Italy,2008.000,0.000
Italy,2008.000,0.000
Italy,2008.000,0.000
Italy,2008.000,1.000
Italy,2008.000,0.000
Italy,2008.000,1.000
Italy,2008.000,0.000
Italy,2008.000,0.000
Spain,2008.000,4.000
India,2008.000,0.000
India,2008.000,0.000
India,2008.000,2.000
India,2008.000,1.000
India,2008.000,1.000
India,2008.000,1.000
India,2008.000,1.000
Hungary,2008.000,1.000
Austria,2008.000,3.000
Spain,2008.000,0.000
Spain,2008.000,2.000
Italy,2008.000,2.000
Italy,2008.000,2.000
Netherlands,2008.000,4.050
Netherlands,2008.000,4.050
Netherlands,2008.000,4.050
Ireland,2008.000,3.000
United States,2008.000,1.000
United States,2008.000,2.000
United States,2008.000,3.000
United States,2008.000,2.000
United States,2008.000,4.050
Argentina,2008.000,1.000
Argentina,2008.000,0.000
Argentina,2008.000,0.000
Argentina,2008.000,0.000
Mexico,2008.000,3.000
Germany,2008.000,0.000
Argentina,2008.000,0.000
United States,2008.000,4.050
Colombia,2008.000,3.000
Colombia,2008.000,3.000
Colombia,2008.000,4.000
Colombia,2008.000,4.000
Colombia,2008.000,4.000
Colombia,2008.000,4.000
Colombia,2008.000,4.000
Colombia,2008.000,4.000
Colombia,2008.000,4.000
Colombia,2008.000,4.000
Colombia,2008.000,4.000
Colombia,2008.000,4.000
Colombia,2008.000,4.000
Colombia,2008.000,4.000
Turkey,2008.000,2.000
Israel,2008.000,0.000
"Korea, South",2008.000,0.000
"Korea, South",2008.000,0.000
United States,2008.000,0.000
Latvia,2008.000,2.000
Latvia,2008.000,2.000
Mexico,2008.000,0.000
France,2008.000,0.000
France,2008.000,0.000
Portugal,2008.000,0.000
Czech Republic,2008.000,1.000
Croatia,2008.000,0.000
Croatia,2008.000,2.000
Italy,2008.000,0.000
Belgium,2008.000,4.050
Belgium,2008.000,2.000
Switzerland,2008.000,0.000
Switzerland,2008.000,3.000
France,2008.000,0.000
Italy,2008.000,4.050
United States,2008.000,0.000
United States,2008.000,2.000
Czech Republic,2008.000,1.000
Finland,2008.000,1.000
Finland,2008.000,1.000
Finland,2008.000,1.000
Finland,2008.000,1.000
Finland,2008.000,0.000
Finland,2008.000,0.000
Finland,2008.000,1.000
Finland,2008.000,1.000
Finland,2008.000,2.000
Finland,2008.000,1.000
Finland,2008.000,2.000
Finland,2008.000,2.000
Colombia,2008.000,4.050
Colombia,2008.000,0.000
France,2008.000,2.000
Italy,2008.000,0.000
Croatia,2008.000,4.050
Croatia,2008.000,3.000
Croatia,2008.000,3.000
Croatia,2008.000,3.000
Greece,2008.000,4.000
Greece,2008.000,4.050
Greece,2008.000,2.000
Greece,2008.000,2.000
Greece,2008.000,2.000
Greece,2008.000,1.000
Greece,2008.000,3.000
France,2008.000,0.000
Israel,2008.000,3.000
Chile,2008.000,0.000
Chile,2008.000,0.000
Indonesia,2008.000,0.000
Indonesia,2008.000,0.000
Indonesia,2008.000,4.050
Indonesia,2008.000,4.000
Indonesia,2008.000,2.000
Indonesia,2008.000,1.000
Indonesia,2008.000,4.050
Portugal,2008.000,1.000
France,2008.000,4.000
Slovak Republic,2008.000,0.000
France,2008.000,0.000
Slovenia,2008.000,1.000
Slovenia,2008.000,1.000
Slovenia,2008.000,2.000
Slovenia,2008.000,1.000
Slovenia,2008.000,1.000
Slovenia,2008.000,2.000
Slovenia,2008.000,0.000
Slovenia,2008.000,0.000
Spain,2008.000,4.050
Spain,2008.000,4.000
Spain,2008.000,4.000
Spain,2008.000,4.000
Spain,2008.000,4.000
Spain,2008.000,4.000
Spain,2008.000,4.000
Spain,2008.000,4.000
Mexico,2008.000,1.000
Mexico,2008.000,1.000
Mexico,2008.000,1.000
Mexico,2008.000,0.000
Mexico,2008.000,1.000
Mexico,2008.000,1.000
Mexico,2008.000,2.000
Mexico,2008.000,0.000
Mexico,2008.000,0.000
Mexico,2008.000,2.000
Brazil,2008.000,0.000
France,2008.000,0.000
Brazil,2008.000,1.000
Mexico,2008.000,0.000
Mexico,2008.000,3.000
Mexico,2008.000,1.000
Mexico,2008.000,0.000
Hungary,2008.000,1.000
Ireland,2008.000,2.000
France,2008.000,0.000
France,2008.000,4.050
France,2008.000,4.050
Turkey,2008.000,2.000
Turkey,2008.000,1.000
Denmark,2008.000,0.000
Thailand,2008.000,0.000
Venezuela,2008.000,4.050
Venezuela,2008.000,4.050
Greece,2008.000,0.000
Greece,2008.000,0.000
Greece,2008.000,2.000
Greece,2008.000,0.000
Israel,2008.000,0.000
Spain,2008.000,0.000
Guatemala,2008.000,4.050
Guatemala,2008.000,4.050
Guatemala,2008.000,1.000
Guatemala,2008.000,0.000
Italy,2008.000,0.000
Germany,2008.000,2.000
Germany,2008.000,2.000
Germany,2008.000,2.000
Germany,2008.000,0.000
Germany,2008.000,0.000
Germany,2008.000,3.000
Poland,2008.000,4.050
Guatemala,2008.000,4.050
Guatemala,2008.000,1.000
United States,2008.000,4.050
Italy,2008.000,4.050
Italy,2008.000,4.050
Mexico,2008.000,2.000
Mexico,2008.000,3.000
Mexico,2008.000,0.000
Spain,2008.000,1.000
Italy,2008.000,0.000
Italy,2008.000,2.000
Israel,2008.000,4.050
Israel,2008.000,4.000
United States,2009.000,4.000
United States,2009.000,3.000
Finland,2009.000,2.000
Finland,2009.000,0.000
Colombia,2009.000,-1.000
Colombia,2009.000,-1.000
Colombia,2009.000,-1.000
Colombia,2009.000,4.050
Colombia,2009.000,4.000
Colombia,2009.000,4.050
Mexico,2009.000,-1.000
Greece,2009.000,1.000
Greece,2009.000,2.000
Mexico,2009.000,0.000
Venezuela,2009.000,1.000
Venezuela,2009.000,0.000
Romania,2009.000,1.000
South Africa,2009.000,0.000
South Africa,2009.000,1.000
Venezuela,2009.000,-1.000
Venezuela,2009.000,3.000
Venezuela,2009.000,4.000
Venezuela,2009.000,0.000
Greece,2009.000,-1.000
Spain,2009.000,-1.000
Spain,2009.000,2.000
Spain,2009.000,-1.000
"Korea, South",2009.000,0.000
"Korea, South",2009.000,1.000
"Korea, South",2009.000,-1.000
Turkey,2009.000,1.000
Turkey,2009.000,3.000
Turkey,2009.000,4.050
Turkey,2009.000,1.000
Bulgaria,2009.000,-1.000
France,2009.000,-1.000
Ireland,2009.000,-1.000
United States,2009.000,1.000
United States,2009.000,0.000
United States,2009.000,-1.000
Italy,2009.000,-1.000
Italy,2009.000,0.000
Italy,2009.000,0.000
Italy,2009.000,4.050
Spain,2009.000,3.000
Spain,2009.000,4.000
Spain,2009.000,2.000
United States,2009.000,-1.000
United States,2009.000,0.000
Spain,2009.000,-1.000
France,2009.000,-1.000
France,2009.000,-1.000
Argentina,2009.000,-1.000
Argentina,2009.000,1.000
United States,2009.000,1.000
United States,2009.000,2.000
United States,2009.000,4.000
United States,2009.000,-1.000
United States,2009.000,4.050
United States,2009.000,1.000
United States,2009.000,2.000
United States,2009.000,2.000
United States,2009.000,2.000
United States,2009.000,4.000
United States,2009.000,4.000
United States,2009.000,1.000
United States,2009.000,3.000
United States,2009.000,3.000
United States,2009.000,-1.000
United States,2009.000,1.000
United States,2009.000,4.000
United States,2009.000,4.050
United States,2009.000,1.000
United States,2009.000,3.000
United States,2009.000,1.000
United States,2009.000,4.050
United States,2009.000,4.050
United States,2009.000,2.000
United States,2009.000,-1.000
Mexico,2009.000,-1.000
Mexico,2009.000,4.050
Spain,2009.000,2.000
Spain,2009.000,-1.000
Spain,2009.000,4.000
Spain,2009.000,2.000
Spain,2009.000,1.000
Malaysia,2009.000,-1.000
Malaysia,2009.000,-1.000
Canada,2009.000,-1.000
Canada,2009.000,0.000
Italy,2009.000,4.050
Italy,2009.000,4.050
Italy,2009.000,-1.000
Italy,2009.000,-1.000
Italy,2009.000,-1.000
Romania,2009.000,4.000
Portugal,2009.000,-1.000
Portugal,2009.000,3.000
Portugal,2009.000,-1.000
Portugal,2009.000,-1.000
Bulgaria,2009.000,1.000
Spain,2009.000,1.000
Spain,2009.000,3.000
Spain,2009.000,1.000
Spain,2009.000,-1.000
Spain,2009.000,0.000
Spain,2009.000,1.000
Spain,2009.000,0.000
China,2009.000,2.000
Bulgaria,2009.000,-1.000
Spain,2009.000,2.000
United States,2009.000,-1.000
Spain,2009.000,1.000
Colombia,2009.000,-1.000
Colombia,2009.000,0.000
Colombia,2009.000,-1.000
Colombia,2009.000,2.000
Colombia,2009.000,2.000
Colombia,2009.000,4.050
Colombia,2009.000,1.000
Colombia,2009.000,-1.000
Colombia,2009.000,1.000
Colombia,2009.000,0.000
Colombia,2009.000,2.000
Colombia,2009.000,-1.000
Colombia,2009.000,1.000
Colombia,2009.000,1.000
Colombia,2009.000,1.000
Colombia,2009.000,1.000
Colombia,2009.000,1.000
Colombia,2009.000,1.000
Colombia,2009.000,1.000
Germany,2009.000,4.050
Argentina,2009.000,-1.000
Poland,2009.000,-1.000
Poland,2009.000,0.000
Poland,2009.000,0.000
Poland,2009.000,-1.000
Poland,2009.000,0.000
Greece,2009.000,-1.000
Greece,2009.000,0.000
United States,2009.000,-1.000
United States,2009.000,-1.000
United States,2009.000,-1.000
Portugal,2009.000,-1.000
Portugal,2009.000,1.000
Spain,2009.000,2.000
Spain,2009.000,1.000
Argentina,2009.000,-1.000
Argentina,2009.000,-1.000
Germany,2009.000,-1.000
Germany,2009.000,-1.000
France,2009.000,-1.000
Sweden,2009.000,-1.000
Mauritius,2009.000,4.050
Mauritius,2009.000,-1.000
United States,2009.000,-1.000
Croatia,2009.000,-1.000
Latvia,2009.000,-1.000
United States,2009.000,1.000
United States,2009.000,1.000
Singapore,2009.000,1.000
United States,2009.000,2.000
France,2009.000,-1.000
France,2009.000,-1.000
France,2009.000,-1.000
Chile,2009.000,1.000
Chile,2009.000,4.000
Chile,2009.000,1.000
Chile,2009.000,3.000
Chile,2009.000,-1.000
Venezuela,2009.000,1.000
Venezuela,2009.000,-1.000
Italy,2009.000,-1.000
Italy,2009.000,3.000
Poland,2009.000,-1.000
Poland,2009.000,-1.000
Poland,2009.000,-1.000
Poland,2009.000,0.000
Poland,2009.000,3.000
Poland,2009.000,0.000
Poland,2009.000,-1.000
Poland,2009.000,-1.000
Poland,2009.000,0.000
Poland,2009.000,4.000
Poland,2009.000,-1.000
Poland,2009.000,2.000
Poland,2009.000,2.000
Poland,2009.000,2.000
Poland,2009.000,3.000
Poland,2009.000,0.000
Poland,2009.000,2.000
Poland,2009.000,4.000
Poland,2009.000,1.000
Poland,2009.000,2.000
Poland,2009.000,4.000
Poland,2009.000,1.000
Romania,2009.000,2.000
Israel,2009.000,2.000
Israel,2009.000,2.000
Belgium,2009.000,0.000
France,2009.000,0.000
United States,2009.000,0.000
United States,2009.000,4.050
France,2009.000,-1.000
France,2009.000,1.000
Mexico,2009.000,0.000
Italy,2009.000,0.000
Canada,2009.000,4.000
United States,2009.000,2.000
Bulgaria,2009.000,-1.000
Canada,2009.000,-1.000
Mexico,2009.000,0.000
Mexico,2009.000,2.000
Mexico,2009.000,2.000
Mexico,2009.000,-1.000
Mexico,2009.000,-1.000
Mexico,2009.000,0.000
Mexico,2009.000,-1.000
Mexico,2009.000,0.000
Mexico,2009.000,-1.000
Mexico,2009.000,1.000
Mexico,2009.000,-1.000
Mexico,2009.000,1.000
Mexico,2009.000,0.000
Mexico,2009.000,0.000
Mexico,2009.000,-1.000
Mexico,2009.000,0.000
Argentina,2009.000,4.050
Argentina,2009.000,0.000
Argentina,2009.000,0.000
Argentina,2009.000,-1.000
Greece,2009.000,1.000
Greece,2009.000,2.000
Greece,2009.000,1.000
Italy,2009.000,0.000
Italy,2009.000,0.000
Hungary,2009.000,0.000
Hungary,2009.000,-1.000
Hungary,2009.000,-1.000
United States,2009.000,0.000
United States,2009.000,0.000
United States,2009.000,4.050
United States,2009.000,0.000
United States,2009.000,-1.000
United States,2009.000,2.000
United States,2009.000,3.000
Israel,2009.000,1.000
Israel,2009.000,3.000
Mexico,2009.000,0.000
United States,2009.000,0.000
United States,2009.000,-1.000
United States,2009.000,0.000
United States,2009.000,0.000
"Korea, South",2009.000,1.000
Portugal,2009.000,-1.000
Slovak Republic,2009.000,-1.000
Switzerland,2009.000,-1.000
France,2009.000,-1.000
Czech Republic,2009.000,-1.000
"Korea, South",2009.000,-1.000
Germany,2009.000,-1.000
France,2009.000,0.000
Belgium,2009.000,-1.000
Germany,2009.000,2.000
Saudi Arabia,2009.000,0.000
Chile,2009.000,1.000
Germany,2009.000,-1.000
Germany,2009.000,-1.000
Honduras,2009.000,4.000
Honduras,2009.000,-1.000
Honduras,2009.000,-1.000
Guatemala,2009.000,2.000
Guatemala,2009.000,-1.000
Guatemala,2009.000,-1.000
Guatemala,2009.000,-1.000
Guatemala,2009.000,1.000
Guatemala,2009.000,4.050
El Salvador,2009.000,1.000
El Salvador,2009.000,-1.000
Netherlands,2009.000,-1.000
Greece,2009.000,-1.000
Greece,2009.000,0.000
Greece,2009.000,0.000
Greece,2009.000,0.000
Greece,2009.000,-1.000
Greece,2009.000,3.000
United States,2009.000,0.000
Israel,2009.000,0.000
Israel,2009.000,2.000
Israel,2009.000,2.000
Israel,2009.000,2.000
Israel,2009.000,1.000
Spain,2009.000,4.000
Spain,2009.000,0.000
United States,2009.000,-1.000
United States,2009.000,0.000
Brazil,2009.000,4.050
Spain,2009.000,-1.000
Mexico,2009.000,0.000
Guatemala,2009.000,2.000
Guatemala,2009.000,1.000
Italy,2010.000,2.000
Poland,2010.000,2.000
Mexico,2010.000,0.000
Mexico,2010.000,-1.000
Belgium,2010.000,-2.000
Belgium,2010.000,-2.000
Mexico,2010.000,0.000
Spain,2010.000,-2.000
Ireland,2010.000,-1.000
Bulgaria,2010.000,1.000
Bulgaria,2010.000,-1.000
Bulgaria,2010.000,1.000
Bulgaria,2010.000,-2.000
Bulgaria,2010.000,-1.000
Bulgaria,2010.000,2.000
Brazil,2010.000,-1.000
Brazil,2010.000,-2.000
Brazil,2010.000,-2.000
Spain,2010.000,-2.000
United States,2010.000,0.000
United States,2010.000,-1.000
Canada,2010.000,-2.000
Jordan,2010.000,-2.000
Jordan,2010.000,-2.000
Slovenia,2010.000,-1.000
Slovenia,2010.000,-1.000
Slovenia,2010.000,1.000
Slovenia,2010.000,0.000
Slovenia,2010.000,0.000
Slovenia,2010.000,-1.000
Slovenia,2010.000,-1.000
Slovenia,2010.000,-1.000
United States,2010.000,-2.000
United States,2010.000,-1.000
United States,2010.000,-2.000
United States,2010.000,0.000
Italy,2010.000,-1.000
Italy,2010.000,-1.000
Italy,2010.000,-1.000
France,2010.000,2.000
France,2010.000,-2.000
France,2010.000,-2.000
France,2010.000,-2.000
United States,2010.000,-1.000
United States,2010.000,-2.000
United States,2010.000,0.000
United States,2010.000,-2.000
Venezuela,2010.000,-2.000
Venezuela,2010.000,-2.000
Venezuela,2010.000,-1.000
Venezuela,2010.000,-2.000
Venezuela,2010.000,-1.000
United States,2010.000,1.000
Germany,2010.000,-1.000
Germany,2010.000,-2.000
Israel,2010.000,-2.000
Australia,2010.000,-2.000
Australia,2010.000,-2.000
Australia,2010.000,-2.000
United States,2010.000,-2.000
United States,2010.000,-2.000
United States,2010.000,-2.000
United States,2010.000,-1.000
China,2010.000,-1.000
Belgium,2010.000,-2.000
Italy,2010.000,-1.000
United States,2010.000,-2.000
United States,2010.000,1.000
United States,2010.000,0.000
United States,2010.000,0.000
United States,2010.000,1.000
United States,2010.000,-1.000
United States,2010.000,0.000
United States,2010.000,1.000
United States,2010.000,-2.000
United States,2010.000,0.000
Belgium,2010.000,0.000
Canada,2010.000,-2.000
Canada,2010.000,-2.000
Canada,2010.000,2.000
Spain,2010.000,-2.000
Spain,2010.000,-2.000
Spain,2010.000,-1.000
United States,2010.000,-1.000
United States,2010.000,-1.000
United States,2010.000,4.050
United States,2010.000,-1.000
United States,2010.000,-1.000
United States,2010.000,0.000
United States,2010.000,-2.000
United States,2010.000,4.050
Spain,2010.000,-2.000
Belgium,2010.000,-2.000
Belgium,2010.000,0.000
Mexico,2010.000,-2.000
Spain,2010.000,-2.000
Spain,2010.000,4.050
Spain,2010.000,0.000
Spain,2010.000,-2.000
Croatia,2010.000,-1.000
Croatia,2010.000,1.000
Croatia,2010.000,-1.000
Croatia,2010.000,-1.000
Spain,2010.000,-2.000
Spain,2010.000,-2.000
Spain,2010.000,-2.000
France,2010.000,-2.000
France,2010.000,-2.000
France,2010.000,-2.000
France,2010.000,-1.000
France,2010.000,-2.000
France,2010.000,-2.000
Sweden,2010.000,-1.000
Romania,2010.000,-2.000
Romania,2010.000,-2.000
Romania,2010.000,-2.000
Romania,2010.000,-1.000
Romania,2010.000,-2.000
Italy,2010.000,1.000
Italy,2010.000,-1.000
Italy,2010.000,-2.000
Italy,2010.000,-2.000
Italy,2010.000,-2.000
Italy,2010.000,1.000
Italy,2010.000,-2.000
Italy,2010.000,-2.000
Italy,2010.000,0.000
Italy,2010.000,1.000
Israel,2010.000,-2.000
Israel,2010.000,-2.000
United States,2010.000,-1.000
United States,2010.000,-2.000
United States,2010.000,-2.000
United States,2010.000,-2.000
United States,2010.000,-2.000
United States,2010.000,-1.000
United States,2010.000,-1.000
United States,2010.000,-2.000
United States,2010.000,-2.000
United States,2010.000,-2.000
United States,2010.000,-2.000
United States,2010.000,-1.000
United States,2010.000,-2.000
United States,2010.000,-2.000
United States,2010.000,-1.000
United States,2010.000,-2.000
United States,2010.000,-2.000
United States,2010.000,-2.000
United States,2010.000,-2.000
Spain,2010.000,-2.000
France,2010.000,-1.000
France,2010.000,-2.000
Belgium,2010.000,-1.000
Portugal,2010.000,-2.000
Portugal,2010.000,-1.000
Portugal,2010.000,-2.000
Italy,2010.000,-1.000
Italy,2010.000,-1.000
France,2010.000,-2.000
France,2010.000,-2.000
China,2010.000,3.000
Ireland,2010.000,-2.000
Ireland,2010.000,-2.000
Latvia,2010.000,0.000
Latvia,2010.000,-2.000
Latvia,2010.000,-2.000
Canada,2010.000,-2.000
Germany,2010.000,-2.000
Germany,2010.000,-1.000
United States,2010.000,0.000
United States,2010.000,-2.000
United States,2010.000,-1.000
Bulgaria,2010.000,-2.000
Bulgaria,2010.000,-2.000
Bulgaria,2010.000,-2.000
Bulgaria,2010.000,-2.000
United States,2010.000,-2.000
"Korea, South",2010.000,-2.000
France,2010.000,-2.000
France,2010.000,-2.000
Canada,2010.000,-2.000
Italy,2010.000,-2.000
Italy,2010.000,-2.000
Italy,2010.000,-1.000
Israel,2010.000,-2.000
Germany,2010.000,-2.000
Germany,2010.000,-2.000
Greece,2010.000,3.000
Greece,2010.000,1.000
Greece,2010.000,-1.000
Greece,2010.000,0.000
Greece,2010.000,-1.000
Greece,2010.000,0.000
Greece,2010.000,-2.000
France,2010.000,4.050
France,2010.000,-2.000
France,2010.000,3.000
France,2010.000,1.000
France,2010.000,-2.000
France,2010.000,-1.000
France,2010.000,0.000
France,2010.000,0.000
France,2010.000,0.000
Italy,2010.000,0.000
Italy,2010.000,-2.000
Italy,2010.000,0.000
Italy,2010.000,-1.000
Italy,2010.000,0.000
Italy,2010.000,-1.000
Italy,2010.000,-1.000
Germany,2010.000,-2.000
Germany,2010.000,-2.000
Belgium,2010.000,-1.000
Germany,2010.000,0.000
Germany,2010.000,-1.000
Germany,2010.000,-2.000
Ireland,2010.000,-2.000
Ireland,2010.000,-2.000
Ireland,2010.000,3.000
Austria,2010.000,-1.000
United Kingdom,2010.000,3.000
United Kingdom,2010.000,0.000
Germany,2010.000,-2.000
Mexico,2010.000,-1.000
Mexico,2010.000,-1.000
Mexico,2010.000,-2.000
Mexico,2010.000,-1.000
Mexico,2010.000,1.000
"Korea, South",2010.000,-2.000
"Korea, South",2010.000,-1.000
"Korea, South",2010.000,-1.000
Argentina,2010.000,-1.000
Argentina,2010.000,-2.000
Argentina,2010.000,-1.000
Argentina,2010.000,-1.000
Argentina,2010.000,0.000
Colombia,2010.000,-2.000
Colombia,2010.000,-2.000
Colombia,2010.000,0.000
Colombia,2010.000,-2.000
Colombia,2010.000,-1.000
Colombia,2010.000,-1.000
Colombia,2010.000,-2.000
Colombia,2010.000,-2.000
Romania,2010.000,-1.000
Romania,2010.000,0.000
Romania,2010.000,-2.000
United States,2010.000,-1.000
United States,2010.000,-2.000
Singapore,2010.000,-2.000
Hungary,2010.000,-2.000
Croatia,2010.000,0.000
Croatia,2010.000,-2.000
Croatia,2010.000,-2.000
Israel,2010.000,-2.000
Poland,2010.000,-1.000
Poland,2010.000,-1.000
Poland,2010.000,1.000
Poland,2010.000,0.000
Poland,2010.000,-1.000
Poland,2010.000,-1.000
Poland,2010.000,-1.000
Poland,2010.000,-1.000
Poland,2010.000,-1.000
Poland,2010.000,-1.000
Mexico,2010.000,-1.000
Mexico,2010.000,-2.000
Mexico,2010.000,-2.000
Mexico,2010.000,-1.000
Mexico,2010.000,-1.000
Mexico,2010.000,-1.000
Mexico,2010.000,-2.000
Mexico,2010.000,-2.000
Mexico,2010.000,-2.000
Mexico,2010.000,-2.000
Mexico,2010.000,-1.000
Mexico,2010.000,-1.000
Mexico,2010.000,0.000
Germany,2010.000,3.000
Germany,2010.000,2.000
Mexico,2010.000,-2.000
Mexico,2010.000,-1.000
Mexico,2010.000,-2.000
Mexico,2010.000,-2.000
Mexico,2010.000,-2.000
Mexico,2010.000,-2.000
Mexico,2010.000,-1.000
Mexico,2010.000,-2.000
Italy,2010.000,-2.000
Italy,2010.000,3.000
Italy,2010.000,-1.000
Italy,2010.000,2.000
Italy,2010.000,4.050
Italy,2010.000,-1.000
Mexico,2010.000,0.000
Mexico,2010.000,0.000
Mexico,2010.000,-2.000
Mexico,2010.000,0.000
Greece,2010.000,-2.000
Greece,2010.000,-1.000
Greece,2010.000,-2.000
Greece,2010.000,-2.000
Greece,2010.000,-2.000
Israel,2010.000,-2.000
Israel,2010.000,4.000
Guatemala,2010.000,4.050
Guatemala,2010.000,-1.000
Guatemala,2010.000,-2.000
Guatemala,2010.000,-2.000
Guatemala,2010.000,0.000
Guatemala,2010.000,-2.000
Thailand,2010.000,-2.000
Thailand,2010.000,4.050
Thailand,2010.000,3.000
Thailand,2010.000,-2.000
Poland,2010.000,-2.000
Poland,2010.000,-1.000
Poland,2010.000,0.000
Germany,2010.000,-2.000
Germany,2010.000,-1.000
Romania,2010.000,4.050
Romania,2010.000,4.050
Romania,2010.000,-2.000
Lithuania,2010.000,-2.000
Italy,2010.000,0.000
Italy,2010.000,-2.000
Italy,2010.000,0.000
Italy,2010.000,-2.000
Slovak Republic,2010.000,-2.000
Canada,2010.000,-2.000
Germany,2010.000,0.000
Germany,2010.000,4.000
Germany,2010.000,2.000
Germany,2010.000,-2.000
Germany,2010.000,-2.000
Germany,2010.000,3.000
Germany,2010.000,-2.000
France,2010.000,-2.000
Netherlands,2010.000,-2.000
Sweden,2010.000,3.000
Italy,2010.000,1.000
France,2010.000,-2.000
France,2010.000,-2.000
France,2010.000,-1.000
France,2010.000,0.000
United States,2010.000,-2.000
United States,2010.000,-2.000
United States,2010.000,-2.000
Portugal,2010.000,-2.000
Spain,2010.000,-2.000
Spain,2010.000,-1.000
Spain,2010.000,-1.000
Mexico,2010.000,0.000
Mexico,2010.000,0.000
Mexico,2010.000,-2.000
Mexico,2010.000,0.000
Israel,2010.000,2.000
Israel,2010.000,-2.000
Spain,2010.000,4.050
Greece,2011.000,0.000
Italy,2011.000,4.050
Italy,2011.000,1.000
Bulgaria,2011.000,2.000
United States,2011.000,2.000
Italy,2011.000,4.050
Italy,2011.000,4.050
United States,2011.000,0.000
Germany,2011.000,0.000
Canada,2011.000,0.000
United States,2011.000,0.000
United States,2011.000,1.000
Italy,2011.000,0.000
United States,2011.000,2.000
Italy,2011.000,4.050
South Africa,2011.000,0.000
United States,2011.000,1.000
Morocco,2011.000,0.000
Morocco,2011.000,2.000
Morocco,2011.000,0.000
United States,2011.000,3.000
United States,2011.000,2.000
United States,2011.000,4.000
United States,2011.000,2.000
United States,2011.000,2.000
France,2011.000,0.000
United States,2011.000,4.050
Sweden,2011.000,3.000
Sweden,2011.000,0.000
Saudi Arabia,2011.000,3.000
Saudi Arabia,2011.000,3.000
United States,2011.000,0.000
Spain,2011.000,4.050
Italy,2011.000,1.000
Italy,2011.000,1.000
Italy,2011.000,2.000
Italy,2011.000,1.000
France,2011.000,0.000
Egypt,2011.000,1.000
France,2011.000,1.000
Germany,2011.000,2.000
United States,2011.000,3.000
Italy,2011.000,3.000
United States,2011.000,0.000
United States,2011.000,0.000
France,2011.000,0.000
Italy,2011.000,4.050
Spain,2011.000,0.000
France,2011.000,0.000
France,2011.000,0.000
Germany,2011.000,4.000
Italy,2011.000,3.000
Spain,2011.000,2.000
Portugal,2011.000,2.000
Portugal,2011.000,3.000
Portugal,2011.000,2.000
Portugal,2011.000,0.000
Portugal,2011.000,2.000
United States,2012.000,2.000
Italy,2012.000,-1.000
Italy,2012.000,-1.000
France,2012.000,0.000
United States,2012.000,-1.000
United States,2012.000,-1.000
United States,2012.000,0.000
United States,2012.000,0.000
United States,2012.000,-1.000
South Africa,2012.000,0.000
South Africa,2012.000,0.000
Kuwait,2012.000,-1.000
Morocco,2012.000,-1.000
Belgium,2012.000,-1.000
Spain,2012.000,4.000
Spain,2012.000,4.000
Canada,2012.000,1.000
France,2012.000,0.000
France,2012.000,0.000
France,2012.000,0.000
Ireland,2012.000,-1.000
Germany,2012.000,-1.000
Saudi Arabia,2012.000,1.000
Italy,2012.000,1.000
Spain,2012.000,-1.000
Ireland,2012.000,0.000
Jordan,2012.000,-1.000
Jordan,2012.000,-1.000
Egypt,2012.000,0.000
Tunisia,2012.000,-1.000
Tunisia,2012.000,1.000
Tunisia,2012.000,0.000
United States,2012.000,-1.000
United States,2012.000,-1.000
United States,2012.000,-1.000
United States,2012.000,0.000
Kuwait,2012.000,-1.000
Kuwait,2012.000,0.000
Kuwait,2012.000,-1.000
Kuwait,2012.000,2.000
Kuwait,2012.000,0.000
Kuwait,2012.000,-1.000
Kuwait,2012.000,-1.000
Kuwait,2012.000,0.000
Kuwait,2012.000,-1.000
Kuwait,2012.000,-1.000
Kuwait,2012.000,-1.000
Kuwait,2012.000,-1.000
Kuwait,2012.000,0.000
Kuwait,2012.000,0.000
Kuwait,2012.000,0.000
Morocco,2012.000,-1.000
Morocco,2012.000,0.000
Morocco,2012.000,0.000
Morocco,2012.000,1.000
Morocco,2012.000,-1.000
Morocco,2012.000,-1.000
United States,2012.000,-1.000
United States,2012.000,0.000
United States,2012.000,-1.000
Canada,2012.000,-1.000
United States,2012.000,-1.000
United States,2012.000,0.000
Canada,2012.000,-1.000
Tunisia,2012.000,0.000
Tunisia,2012.000,-1.000
United Kingdom,2012.000,-1.000
Spain,2012.000,-1.000
Spain,2012.000,-1.000
Spain,2012.000,-1.000
Spain,2012.000,-1.000
Spain,2012.000,-1.000
United States,2012.000,0.000
Spain,2012.000,-1.000
United States,2012.000,0.000
United States,2012.000,0.000
Germany,2012.000,0.000
Italy,2012.000,-1.000
Morocco,2012.000,0.000
Morocco,2012.000,0.000
France,2012.000,-1.000
France,2012.000,0.000
Belgium,2012.000,-1.000
Belgium,2012.000,0.000
Belgium,2012.000,0.000
Belgium,2012.000,-1.000
Italy,2012.000,-1.000
Italy,2012.000,-1.000
Italy,2012.000,0.000
Italy,2012.000,-1.000
Italy,2012.000,0.000
Italy,2012.000,-1.000
Italy,2012.000,3.000
Italy,2012.000,4.000
Italy,2012.000,0.000
Germany,2012.000,-1.000
Turkey,2012.000,-1.000
Romania,2012.000,3.050
Romania,2012.000,3.050
United States,2012.000,0.000
France,2012.000,-1.000
South Africa,2012.000,-1.000
Portugal,2012.000,0.000
Portugal,2012.000,0.000
Portugal,2012.000,-1.000
United States,2012.000,-1.000
South Africa,2012.000,-8.000
United States,2012.000,-1.000
China,2012.000,-1.000
China,2012.000,2.000
China,2012.000,-1.000
China,2012.000,2.000
Hungary,2012.000,0.000
Sweden,2012.000,0.000
Canada,2012.000,-1.000
France,2012.000,0.000
Germany,2012.000,0.000
Germany,2012.000,0.000
Spain,2012.000,-1.000
Spain,2012.000,-1.000
Italy,2012.000,0.000
Italy,2012.000,-1.000
Portugal,2012.000,-1.000
Mexico,2012.000,-1.000
United States,2012.000,0.000
France,2012.000,-1.000
Spain,2012.000,-1.000
France,2012.000,0.000
Germany,2012.000,-1.000
China,2012.000,-1.000
Italy,2012.000,3.000
Italy,2012.000,0.000
Turkey,2012.000,3.000
France,2012.000,-1.000
Spain,2012.000,1.000
Spain,2012.000,1.000
Spain,2012.000,1.000
Austria,2012.000,3.000
Austria,2012.000,3.050
France,2012.000,-1.000
France,2012.000,0.000
China,2012.000,0.000
China,2012.000,3.050
United States,2012.000,2.000
Brazil,2012.000,-1.000
Belgium,2012.000,-1.000
Spain,2012.000,4.000
Spain,2012.000,-1.000
Spain,2012.000,-1.000
Italy,2012.000,-1.000
Italy,2012.000,2.000
France,2012.000,0.000
France,2012.000,-1.000
Italy,2012.000,2.000
China,2012.000,3.000
China,2012.000,1.000
United States,2012.000,-1.000
Italy,2012.000,4.050
Italy,2012.000,-1.000
Italy,2012.000,0.000
Spain,2012.000,0.000
Spain,2012.000,0.000
Italy,2012.000,-1.000
Italy,2012.000,3.000
Italy,2012.000,3.000
Spain,2012.000,-1.000
Spain,2012.000,0.000
Spain,2012.000,-1.000
Spain,2012.000,-1.000
Spain,2012.000,0.000
Spain,2012.000,-1.000
United States,2012.000,2.000
Spain,2012.000,-1.000
France,2012.000,-1.000
France,2012.000,-1.000
United States,2012.000,-1.000
France,2013.000,0.000
France,2013.000,1.000
France,2013.000,1.000
Spain,2013.000,-1.000
Spain,2013.000,0.000
Belgium,2013.000,-1.000
Belgium,2013.000,0.000
Italy,2013.000,2.000
Italy,2013.000,-1.000
Italy,2013.000,4.000
Italy,2013.000,4.050
Italy,2013.000,4.000
Italy,2013.000,0.000
Germany,2013.000,2.000
Canada,2013.000,-1.000
Belgium,2013.000,-1.000
United States,2013.000,-1.000
United States,2013.000,2.000
Spain,2013.000,-1.000
Portugal,2013.000,0.000
Portugal,2013.000,1.000
Portugal,2013.000,-1.000
United States,2013.000,-1.000
United States,2013.000,-1.000
Spain,2013.000,0.000
Spain,2013.000,-1.000
Spain,2013.000,2.000
France,2013.000,-1.000
France,2013.000,-1.000
United States,2013.000,-1.000
Italy,2013.000,2.000
France,2013.000,-1.000
France,2013.000,-1.000
France,2013.000,-1.000
France,2013.000,-1.000
France,2013.000,3.000
Germany,2013.000,2.000
United States,2013.000,-1.000
Portugal,2013.000,-1.000
Portugal,2013.000,-1.000
France,2013.000,-1.000
Poland,2013.000,3.050
Canada,2013.000,-1.000
Spain,2013.000,-1.000
Italy,2013.000,4.050
Colombia,2013.000,1.000
Colombia,2013.000,4.050
Colombia,2013.000,0.000
Hungary,2013.000,-1.000
Chile,2013.000,1.000
Finland,2013.000,-1.000
Mexico,2013.000,-1.000
Mexico,2013.000,1.000
Mexico,2013.000,-1.000
Italy,2013.000,-1.000
United States,2013.000,0.000
United States,2013.000,-1.000
Denmark,2013.000,0.000
Denmark,2013.000,-1.000
France,2013.000,-1.000
France,2013.000,-1.000
Spain,2013.000,-1.000
Spain,2013.000,1.000
Spain,2013.000,0.000
Ireland,2013.000,0.000
Russia,2013.000,0.000
Italy,2013.000,-1.000
Italy,2013.000,4.000
Romania,2013.000,4.000
Spain,2013.000,-1.000
Spain,2013.000,0.000
France,2013.000,0.000
Italy,2013.000,1.000
Italy,2013.000,1.000
Italy,2013.000,4.050
Italy,2013.000,3.000
United States,2013.000,-1.000
United States,2013.000,2.000
United States,2013.000,0.000
United States,2013.000,-1.000
United States,2013.000,-1.000
Poland,2013.000,-1.000
Poland,2013.000,0.000
Greece,2013.000,3.050
Greece,2013.000,3.000
Greece,2013.000,2.000
Hungary,2013.000,-1.000
France,2013.000,1.000
Czech Republic,2013.000,-1.000
Chile,2013.000,-1.000
Chile,2013.000,-1.000
United States,2013.000,-8.000
United States,2013.000,-8.000
United States,2013.000,-8.000
United States,2013.000,-8.000
Greece,2013.000,3.050
Greece,2013.000,3.050
Spain,2013.000,0.000
Germany,2013.000,-1.000
Germany,2013.000,1.000
Spain,2013.000,1.000
Spain,2013.000,3.000
Germany,2013.000,4.050
Belgium,2013.000,1.000
Israel,2013.000,-8.000
Argentina,2013.000,-1.000
Spain,2013.000,-1.000
Spain,2013.000,4.050
Belgium,2013.000,-1.000
Belgium,2013.000,-1.000
Belgium,2013.000,-1.000
Belgium,2013.000,-1.000
Belgium,2013.000,-1.000
Spain,2013.000,1.000
United Kingdom,2013.000,-1.000
United Kingdom,2013.000,1.000
Turkey,2013.000,1.000
United States,2013.000,-8.000
Saudi Arabia,2013.000,-1.000
Saudi Arabia,2013.000,0.000
South Africa,2013.000,-1.000
Tunisia,2013.000,4.000
Tunisia,2013.000,1.000
Tunisia,2013.000,4.050
Tunisia,2013.000,1.000
Tunisia,2013.000,-1.000
Tunisia,2013.000,4.050
Germany,2013.000,-1.000
Germany,2013.000,2.000
Romania,2013.000,3.050
Spain,2013.000,-1.000
Spain,2013.000,-1.000
Spain,2013.000,0.000
Kuwait,2013.000,3.000
Kuwait,2013.000,3.050
France,2013.000,-1.000
United States,2013.000,-1.000
United States,2013.000,-1.000
Germany,2013.000,0.000
United States,2013.000,-1.000
United States,2013.000,-1.000
"Korea, South",2013.000,-1.000
Philippines,2013.000,3.050
Taiwan,2013.000,0.000
Spain,2013.000,0.000
Colombia,2013.000,3.050
Portugal,2013.000,0.000
Italy,2013.000,-1.000
Italy,2013.000,3.000
Italy,2013.000,0.000
Italy,2013.000,-1.000
Italy,2013.000,-1.000
Italy,2013.000,-1.000
Italy,2013.000,-1.000
Italy,2013.000,-1.000
Italy,2013.000,2.000
Italy,2013.000,-1.000
Kuwait,2013.000,4.050
Kuwait,2013.000,-1.000
Kuwait,2013.000,0.000
Kuwait,2013.000,4.050
Kuwait,2013.000,-1.000
Kuwait,2013.000,-1.000
Kuwait,2013.000,-1.000
Kuwait,2013.000,-1.000
Kuwait,2013.000,4.000
Kuwait,2013.000,0.000
Kuwait,2013.000,-1.000
Philippines,2013.000,3.050
Philippines,2013.000,3.050
Italy,2013.000,2.000
Italy,2013.000,3.000
Italy,2013.000,2.000
Italy,2013.000,-1.000
Germany,2013.000,-1.000
Spain,2013.000,-1.000
Spain,2013.000,-1.000
France,2013.000,-1.000
France,2013.000,-1.000
Canada,2013.000,-1.000
Canada,2013.000,-1.000
Canada,2013.000,-1.000
Netherlands,2013.000,-1.000
Netherlands,2013.000,-1.000
Netherlands,2013.000,-1.000
United States,2013.000,2.000
United States,2013.000,3.000
United States,2013.000,2.000
United States,2013.000,-1.000
United States,2013.000,-1.000
China,2013.000,1.000
France,2013.000,-1.000
France,2013.000,-1.000
France,2013.000,-1.000
Russia,2013.000,1.000
Russia,2013.000,1.000
Spain,2013.000,-1.000
United States,2013.000,-1.000
Russia,2013.000,3.050
Italy,2013.000,1.000
Argentina,2013.000,1.000
Argentina,2013.000,-1.000
United States,2013.000,0.000
France,2013.000,1.000
France,2013.000,-1.000
France,2013.000,1.000
Germany,2013.000,1.000
United States,2013.000,-1.000
United States,2013.000,0.000
United States,2013.000,2.000
United States,2013.000,-1.000
United States,2013.000,-1.000
United States,2013.000,1.000
Canada,2013.000,4.000
France,2013.000,-1.000
France,2013.000,-1.000
France,2013.000,1.000
Spain,2013.000,1.000
Brazil,2013.000,-1.000
Israel,2013.000,0.000
Spain,2013.000,-1.000
Germany,2013.000,-1.000
Spain,2013.000,-1.000
Spain,2013.000,-1.000
Spain,2013.000,-1.000
Spain,2013.000,0.000
Spain,2013.000,0.000
Spain,2013.000,1.000
Spain,2013.000,0.000
Spain,2013.000,3.000
Spain,2013.000,4.050
Spain,2013.000,2.000
France,2013.000,-1.000
Spain,2014.000,-1.000
Poland,2014.000,-1.000
Poland,2014.000,-1.000
Poland,2014.000,-1.000
United States,2014.000,-1.000
Netherlands,2014.000,-1.000
Germany,2014.000,3.000
Spain,2014.000,-1.000
Spain,2014.000,1.000
Malaysia,2014.000,-1.000
Malaysia,2014.000,-1.000
Thailand,2014.000,0.000
United States,2014.000,3.050
Greece,2014.000,0.000
Greece,2014.000,3.050
Greece,2014.000,2.000
Thailand,2014.000,0.000
France,2014.000,-1.000
"Korea, South",2014.000,-1.000
Italy,2014.000,0.000
Greece,2014.000,2.000
Denmark,2014.000,2.000
United States,2014.000,1.000
United States,2014.000,-1.000
Italy,2014.000,3.000
Italy,2014.000,2.000
Italy,2014.000,-1.000
Italy,2014.000,-1.000
Italy,2014.000,2.000
Italy,2014.000,-1.000
Italy,2014.000,2.000
Italy,2014.000,4.000
Italy,2014.000,1.000
Italy,2014.000,1.000
Argentina,2014.000,-1.000
Argentina,2014.000,3.050
United States,2014.000,-1.000
France,2014.000,-1.000
Romania,2014.000,2.000
Romania,2014.000,-1.000
Romania,2014.000,4.000
Romania,2014.000,-1.000
China,2014.000,3.050
Philippines,2014.000,1.000
Philippines,2014.000,3.050
Philippines,2014.000,3.050
Mexico,2014.000,3.000
Mexico,2014.000,3.000
Mexico,2014.000,2.000
Mexico,2014.000,-1.000
Portugal,2014.000,-1.000
Spain,2014.000,-1.000
Italy,2014.000,2.000
Italy,2014.000,-1.000
France,2014.000,2.000
Romania,2014.000,3.050
Germany,2014.000,-1.000
Russia,2014.000,-1.000
Mexico,2014.000,-1.000
Nigeria,2014.000,2.000
Brazil,2014.000,1.000
Brazil,2014.000,2.000
Brazil,2014.000,3.000
Brazil,2014.000,3.050
United States,2014.000,-1.000
Canada,2014.000,-1.000
Belgium,2014.000,-7.000
Portugal,2014.000,-1.000
Portugal,2014.000,1.000
Portugal,2014.000,4.050
Portugal,2014.000,1.000
Portugal,2014.000,1.000
Spain,2014.000,-1.000
Spain,2014.000,-1.000
Spain,2014.000,-1.000
Ireland,2014.000,0.000
United States,2014.000,4.000
Italy,2014.000,-1.000
Spain,2014.000,-1.000
Spain,2014.000,-1.000
Spain,2014.000,-1.000
Germany,2014.000,-1.000
Germany,2014.000,-1.000
Belgium,2014.000,-1.000
Belgium,2014.000,-1.000
Nigeria,2014.000,1.000
Colombia,2014.000,0.000
Colombia,2014.000,0.000
Colombia,2014.000,3.050
Turkey,2014.000,-1.000
United States,2014.000,0.000
Mexico,2014.000,1.000
Mexico,2014.000,2.000
Portugal,2014.000,4.050
Portugal,2014.000,4.050
Portugal,2014.000,-1.000
France,2014.000,-1.000
Austria,2014.000,-1.000
United States,2014.000,-1.000
United States,2014.000,-1.000
Canada,2014.000,-1.000
France,2014.000,2.000
France,2014.000,-1.000
France,2014.000,-1.000
France,2014.000,-1.000
France,2014.000,-1.000
Canada,2014.000,-1.000
Spain,2014.000,0.000
France,2014.000,-1.000
France,2014.000,-1.000
Spain,2014.000,-1.000
Spain,2014.000,-1.000
Croatia,2014.000,3.000
Switzerland,2014.000,-1.000
Italy,2014.000,-1.000
Chile,2014.000,-1.000
Germany,2014.000,0.000
Germany,2014.000,0.000
Germany,2014.000,1.000
Germany,2014.000,1.000
Germany,2014.000,0.000
Poland,2014.000,1.000
Greece,2014.000,-1.000
Greece,2014.000,0.000
Greece,2014.000,-1.000
Greece,2014.000,0.000
Thailand,2014.000,0.000
France,2014.000,3.000
France,2014.000,-1.000
Czech Republic,2014.000,0.000
Croatia,2014.000,1.000
Germany,2014.000,0.000
Germany,2014.000,-1.000
Germany,2014.000,-1.000
Germany,2014.000,4.050
Italy,2014.000,0.000
Sweden,2014.000,-1.000
France,2014.000,0.000
Greece,2014.000,2.000
Greece,2014.000,2.000
Greece,2014.000,3.000
Greece,2014.000,3.000
Spain,2014.000,0.000
Spain,2014.000,2.000
Spain,2014.000,2.000
Italy,2014.000,1.000
Italy,2014.000,0.000
France,2014.000,-1.000
Greece,2014.000,1.000
Greece,2014.000,1.000
Greece,2014.000,2.000
France,2014.000,-1.000
France,2014.000,-1.000
Italy,2014.000,1.000
Italy,2014.000,1.000
Spain,2014.000,-1.000
Spain,2014.000,-1.000
Italy,2014.000,-1.000
Italy,2014.000,1.000
Italy,2014.000,-1.000
Italy,2014.000,-1.000
Italy,2014.000,1.000
Italy,2014.000,0.000
France,2014.000,-1.000
Greece,2014.000,3.000
Greece,2014.000,2.000
Spain,2014.000,0.000
Spain,2014.000,0.000
Germany,2014.000,-1.000
Italy,2014.000,3.000
Poland,2014.000,-1.000
Greece,2015.000,0.000
Greece,2015.000,0.000
Greece,2015.000,0.000
Italy,2015.000,-1.000
France,2015.000,-1.000
Switzerland,2015.000,-1.000
Switzerland,2015.000,-1.000
Spain,2015.000,-1.000
Chile,2015.000,-1.000
Chile,2015.000,1.000
Chile,2015.000,1.000
Chile,2015.000,-1.000
Chile,2015.000,-1.000
Chile,2015.000,2.000
Spain,2015.000,4.050
Italy,2015.000,0.000
Italy,2015.000,2.000
Italy,2015.000,3.000
Italy,2015.000,3.000
Italy,2015.000,2.000
Italy,2015.000,-1.000
Italy,2015.000,2.000
Italy,2015.000,3.000
Italy,2015.000,3.000
Italy,2015.000,2.000
Italy,2015.000,-1.000
Italy,2015.000,3.000
Italy,2015.000,3.000
Taiwan,2015.000,0.000
Taiwan,2015.000,0.000
Taiwan,2015.000,-1.000
Pakistan,2015.000,3.000
Pakistan,2015.000,4.050
Pakistan,2015.000,3.000
Pakistan,2015.000,4.000
Pakistan,2015.000,3.000
Pakistan,2015.000,3.000
Pakistan,2015.000,1.000
Pakistan,2015.000,4.000
Pakistan,2015.000,4.050
Pakistan,2015.000,4.000
Venezuela,2015.000,1.000
Venezuela,2015.000,1.000
Guatemala,2015.000,4.050
Thailand,2015.000,-1.000
United States,2015.000,0.000
Greece,2015.000,3.000
Greece,2015.000,2.000
Greece,2015.000,3.050
Greece,2015.000,3.050
Greece,2015.000,2.000
Greece,2015.000,1.000
Morocco,2015.000,-1.000
Germany,2015.000,-1.000
United States,2015.000,0.000
Mexico,2015.000,-1.000
Mexico,2015.000,-1.000
Mexico,2015.000,2.000
Argentina,2015.000,0.000
Argentina,2015.000,0.000
Spain,2015.000,2.000
Turkey,2015.000,3.000
Italy,2015.000,-1.000
Portugal,2015.000,-1.000
Canada,2015.000,0.000
France,2015.000,-1.000
Venezuela,2015.000,0.000
Venezuela,2015.000,3.050
Russia,2015.000,2.000
Thailand,2015.000,-1.000
Turkey,2015.000,0.000
Spain,2015.000,-1.000
Belgium,2015.000,4.000
Belgium,2015.000,3.000
France,2015.000,-1.000
Thailand,2015.000,3.050
Taiwan,2015.000,0.000
Belgium,2015.000,1.000
Philippines,2015.000,3.050
Philippines,2015.000,3.050
Malaysia,2015.000,-1.000
Turkey,2015.000,2.000
Canada,2015.000,2.000
Canada,2015.000,-1.000
Canada,2015.000,1.000
United States,2015.000,1.000
Chile,2015.000,-1.000
Chile,2015.000,-1.000
South Africa,2015.000,3.000
South Africa,2015.000,3.000
United Kingdom,2015.000,-1.000
China,2015.000,-1.000
China,2015.000,-1.000
China,2015.000,-1.000
China,2015.000,-1.000
China,2015.000,-1.000
China,2015.000,3.000
China,2015.000,-1.000
China,2015.000,-1.000
China,2015.000,-1.000
China,2015.000,0.000
Hungary,2015.000,-1.000
China,2015.000,4.050
China,2015.000,0.000
China,2015.000,4.050
China,2015.000,4.050
China,2015.000,4.000
China,2015.000,4.050
China,2015.000,4.000
China,2015.000,4.050
China,2015.000,4.000
China,2015.000,4.000
China,2015.000,2.000
China,2015.000,1.000
China,2015.000,1.000
Argentina,2015.000,4.050
Argentina,2015.000,-1.000
Argentina,2015.000,4.050
Argentina,2015.000,-1.000
Argentina,2015.000,-1.000
Ireland,2015.000,0.000
Ireland,2015.000,2.000
Italy,2015.000,-1.000
Spain,2015.000,1.000
Spain,2015.000,0.000
Spain,2015.000,2.000
Spain,2015.000,0.000
Spain,2015.000,1.000
Spain,2015.000,3.000
Spain,2015.000,-1.000
Spain,2015.000,0.000
Spain,2015.000,2.000
France,2015.000,1.000
Brazil,2015.000,-1.000
France,2015.000,-1.000
Belgium,2015.000,-1.000
Italy,2015.000,-1.000
Italy,2015.000,0.000
Italy,2015.000,-1.000
Italy,2015.000,-1.000
Italy,2015.000,-1.000
Italy,2015.000,1.000
Italy,2015.000,2.000
Italy,2015.000,2.000
Italy,2015.000,1.000
Chile,2015.000,-1.000
Chile,2015.000,-1.000
Singapore,2015.000,2.000
Vietnam,2015.000,2.000
Vietnam,2015.000,4.050
Vietnam,2015.000,4.050
Brazil,2015.000,-1.000
Portugal,2015.000,2.000
China,2015.000,-1.000
Belgium,2015.000,0.000
Belgium,2015.000,0.000
United States,2015.000,-1.000
United States,2015.000,-1.000
United States,2015.000,-1.000
United States,2015.000,-1.000
Belgium,2015.000,2.000
Belgium,2015.000,-1.000
Philippines,2015.000,3.050
Philippines,2015.000,3.050
Philippines,2015.000,3.050
Romania,2015.000,3.050
Romania,2015.000,3.050
Romania,2015.000,3.050
Belgium,2015.000,3.000
Spain,2015.000,4.050
Spain,2015.000,-1.000
Spain,2015.000,3.000
China,2015.000,3.050
China,2015.000,3.050
Romania,2015.000,3.050
Romania,2015.000,3.050
Romania,2015.000,3.050
Romania,2015.000,3.000
Czech Republic,2015.000,-1.000
Germany,2015.000,0.000
Germany,2015.000,-1.000
Italy,2015.000,0.000
Italy,2015.000,0.000
Italy,2015.000,1.000
Italy,2015.000,1.000
Italy,2015.000,4.050
Italy,2015.000,0.000
Italy,2015.000,2.000
Portugal,2015.000,-1.000
Germany,2015.000,-1.000
Germany,2015.000,1.000
Germany,2015.000,1.000
United States,2015.000,0.000
United Kingdom,2015.000,-1.000
United Kingdom,2015.000,-1.000
Germany,2015.000,-1.000
Germany,2015.000,-1.000
United States,2015.000,0.000
Ireland,2015.000,0.000
Croatia,2015.000,1.000
Croatia,2015.000,0.000
United Kingdom,2015.000,2.000
Spain,2015.000,0.000
Italy,2015.000,-1.000
Spain,2015.000,0.000
Spain,2015.000,0.000
Portugal,2015.000,-1.000
Portugal,2015.000,-1.000
China,2015.000,-1.000
Greece,2015.000,2.000
Greece,2015.000,1.000
Greece,2015.000,0.000
China,2015.000,3.050
Spain,2015.000,0.000
Spain,2015.000,-1.000
Germany,2015.000,1.000
Germany,2015.000,4.050
Italy,2015.000,-1.000
Greece,2015.000,4.050
Greece,2015.000,0.000
Greece,2015.000,1.000
Greece,2015.000,-1.000
Italy,2015.000,-1.000
Italy,2015.000,2.000
United States,2015.000,-1.000
Vietnam,2016.000,0.000
Spain,2016.000,0.000
Spain,2016.000,-1.000
Italy,2016.000,-1.000
Italy,2016.000,-1.000
Italy,2016.000,-1.000
Italy,2016.000,0.000
Spain,2016.000,-1.000
Spain,2016.000,0.000
Spain,2016.000,0.000
United Kingdom,2016.000,2.000
United Kingdom,2016.000,-1.000
Spain,2016.000,1.000
Spain,2016.000,1.000
Spain,2016.000,4.050
Portugal,2016.000,-1.000
Italy,2016.000,-1.000
France,2016.000,-1.000
France,2016.000,-1.000
United States,2016.000,-1.000
South Africa,2016.000,-1.000
South Africa,2016.000,1.000
United Kingdom,2016.000,-1.000
United Kingdom,2016.000,-1.000
Croatia,2016.000,-1.000
Croatia,2016.000,-1.000
Croatia,2016.000,0.000
Russia,2016.000,2.000
Argentina,2016.000,3.000
Argentina,2016.000,3.050
Kuwait,2016.000,3.050
Mexico,2016.000,-1.000
Kuwait,2016.000,0.000
Kuwait,2016.000,3.050
Colombia,2016.000,-1.000
Mexico,2016.000,3.050
Mexico,2016.000,3.050
Mexico,2016.000,3.050
United States,2016.000,1.000
Spain,2016.000,1.000
Belgium,2016.000,3.050
Italy,2016.000,0.000
South Africa,2016.000,-1.000
United States,2016.000,-1.000
United States,2016.000,-1.000
South Africa,2016.000,3.000
Chile,2016.000,3.000
Chile,2016.000,2.000
United States,2016.000,3.000
Venezuela,2016.000,-1.000
United Kingdom,2016.000,1.000
Denmark,2016.000,3.050
Chile,2016.000,0.000
Greece,2016.000,3.050
Austria,2016.000,3.000
Turkey,2016.000,3.000
Turkey,2016.000,3.000
Greece,2016.000,3.000
Greece,2016.000,3.000
Italy,2016.000,1.000
Italy,2016.000,3.000
Italy,2016.000,2.000
Italy,2016.000,3.050
Poland,2016.000,-1.000
Taiwan,2016.000,0.000
Pakistan,2016.000,-1.000
Pakistan,2016.000,3.000
Pakistan,2016.000,4.050
Pakistan,2016.000,4.050
Pakistan,2016.000,4.050
Japan,2016.000,-1.000
Argentina,2016.000,0.000
Argentina,2016.000,4.000
Spain,2016.000,3.050
Philippines,2016.000,3.050
Philippines,2016.000,3.050
Brazil,2016.000,-1.000
Taiwan,2016.000,0.000
Taiwan,2016.000,-1.000
Philippines,2016.000,4.050
Philippines,2016.000,4.050
Philippines,2016.000,4.050
Canada,2016.000,-1.000
Germany,2016.000,-1.000
Germany,2016.000,2.000
Germany,2016.000,-1.000
Colombia,2016.000,3.000
Colombia,2016.000,-1.000
Australia,2016.000,0.000
Brazil,2016.000,-1.000
Brazil,2016.000,-1.000
Brazil,2016.000,0.000
Guatemala,2016.000,4.050
Guatemala,2016.000,4.050
Italy,2016.000,1.000
Italy,2016.000,1.000
Ireland,2016.000,-1.000
Lithuania,2016.000,-1.000
Hungary,2016.000,1.000
Hungary,2016.000,1.000
Hungary,2016.000,-1.000
France,2016.000,0.000
Australia,2016.000,-1.000
Australia,2016.000,-1.000
Netherlands,2016.000,-1.000
Venezuela,2016.000,3.050
Venezuela,2016.000,1.000
Spain,2016.000,-1.000
France,2016.000,0.000
France,2016.000,0.000
Brazil,2016.000,-1.000
Venezuela,2016.000,-1.000
Chile,2016.000,-1.000
Chile,2016.000,4.000
Thailand,2016.000,2.000
Thailand,2016.000,2.000
Philippines,2016.000,3.050
Philippines,2016.000,3.050
Philippines,2016.000,1.000
Philippines,2016.000,3.050
Spain,2016.000,4.000
Spain,2016.000,-1.000
Thailand,2016.000,3.000
Thailand,2016.000,2.000
Thailand,2016.000,0.000
Venezuela,2016.000,3.000
Austria,2016.000,2.000
Morocco,2016.000,-1.000
Morocco,2016.000,-1.000
Morocco,2016.000,-1.000
Morocco,2016.000,-1.000
Morocco,2016.000,-1.000
Morocco,2016.000,0.000
Saudi Arabia,2016.000,-1.000
Kuwait,2016.000,2.000
Kuwait,2016.000,-1.000
United States,2016.000,4.000
Italy,2016.000,3.000
Germany,2016.000,2.000
China,2016.000,4.050
China,2016.000,0.000
China,2016.000,-1.000
China,2016.000,-1.000
China,2016.000,-1.000
China,2016.000,0.000
China,2016.000,0.000
China,2016.000,0.000
Jordan,2016.000,4.050
United States,2016.000,-1.000
Taiwan,2016.000,1.000
Germany,2016.000,-1.000
Germany,2016.000,-1.000
Germany,2016.000,4.000
Germany,2016.000,0.000
Germany,2016.000,-1.000
Germany,2016.000,-1.000
Germany,2016.000,0.000
United States,2016.000,3.000
United States,2016.000,2.000
Italy,2016.000,-1.000
Italy,2016.000,-1.000
Spain,2016.000,1.000
Spain,2016.000,0.000
Spain,2016.000,1.000
Spain,2016.000,0.000
Spain,2016.000,-1.000
Spain,2016.000,0.000
Spain,2016.000,-1.000
Spain,2016.000,1.000
Spain,2016.000,1.000
Belgium,2016.000,0.000
Germany,2016.000,2.000
Germany,2016.000,-1.000
Germany,2016.000,-1.000
Germany,2016.000,-1.000
Italy,2016.000,-1.000
Italy,2016.000,0.000
Czech Republic,2016.000,-1.000
Czech Republic,2016.000,-1.000
Spain,2016.000,0.000
Belgium,2016.000,1.000
Belgium,2016.000,-1.000
Belgium,2016.000,3.000
Spain,2016.000,4.000
"Korea, South",2016.000,4.050
India,2016.000,4.000
India,2016.000,4.000
France,2016.000,-1.000
France,2016.000,1.000
France,2016.000,-1.000
United States,2016.000,-1.000
United States,2016.000,-1.000
Germany,2016.000,-1.000
Spain,2016.000,-1.000
France,2016.000,-1.000
Colombia,2016.000,4.050
Colombia,2016.000,0.000
Colombia,2016.000,1.000
Colombia,2016.000,4.050
Colombia,2016.000,0.000
Colombia,2016.000,-1.000
Colombia,2016.000,-1.000
France,2016.000,-1.000
United States,2016.000,-1.000
United States,2016.000,-1.000
Taiwan,2016.000,3.000
Belgium,2016.000,-1.000
United States,2016.000,-1.000
United States,2016.000,-1.000
United States,2016.000,-1.000
United States,2016.000,1.000
Croatia,2016.000,-1.000
Croatia,2016.000,-1.000
France,2016.000,3.000
Czech Republic,2016.000,-1.000
Croatia,2016.000,-1.000
Croatia,2016.000,3.000
Belgium,2016.000,-1.000
Canada,2016.000,0.000
Spain,2016.000,-1.000
Spain,2016.000,-1.000
Germany,2016.000,0.000
Greece,2016.000,1.000
Greece,2016.000,2.000
Greece,2016.000,1.000
Greece,2016.000,0.000
Italy,2016.000,-1.000
Italy,2016.000,2.000
Italy,2016.000,-1.000
Italy,2016.000,2.000
Italy,2016.000,-1.000
Spain,2016.000,-1.000
Spain,2016.000,-1.000
Denmark,2016.000,2.000
Denmark,2016.000,-1.000
Germany,2016.000,-1.000
Croatia,2016.000,1.000
Croatia,2016.000,4.000
Italy,2016.000,0.000
Italy,2016.000,1.000
Spain,2016.000,-1.000
Italy,2016.000,1.000
Belgium,2016.000,-1.000
Greece,2017.000,3.000
Spain,2017.000,-1.000
Spain,2017.000,0.000
Spain,2017.000,-1.000
Spain,2017.000,4.000
Spain,2017.000,-1.000
Spain,2017.000,0.000
Portugal,2017.000,0.000
France,2017.000,-1.000
Switzerland,2017.000,-1.000
United States,2017.000,2.000
United States,2017.000,2.000
Croatia,2017.000,2.000
Croatia,2017.000,0.000
Croatia,2017.000,-1.000
Croatia,2017.000,4.050
Croatia,2017.000,-1.000
Italy,2017.000,-1.000
Italy,2017.000,0.000
Italy,2017.000,-1.000
Belgium,2017.000,0.000
Czech Republic,2017.000,-1.000
Lithuania,2017.000,0.000
Canada,2017.000,0.000
Canada,2017.000,-1.000
United States,2017.000,0.000
Belgium,2017.000,0.000
Belgium,2017.000,-1.000
Belgium,2017.000,-1.000
Belgium,2017.000,-1.000
Belgium,2017.000,-1.000
Belgium,2017.000,4.050
Spain,2017.000,-1.000
Italy,2017.000,-1.000
Italy,2017.000,-1.000
France,2017.000,-1.000
Italy,2017.000,-1.000
Italy,2017.000,-1.000
Spain,2017.000,2.000
Spain,2017.000,1.000
Spain,2017.000,1.000
Spain,2017.000,3.000
Spain,2017.000,0.000
Spain,2017.000,3.000
Spain,2017.000,1.000
Spain,2017.000,-1.000
Italy,2017.000,-1.000
Italy,2017.000,3.000
Thailand,2017.000,-1.000
Thailand,2017.000,-1.000
Mexico,2017.000,3.050
Argentina,2017.000,3.050
Argentina,2017.000,3.050
Argentina,2017.000,-1.000
Greece,2017.000,0.000
Jordan,2017.000,4.000
Italy,2017.000,3.000
France,2017.000,0.000
Greece,2017.000,2.000
Greece,2017.000,0.000
Greece,2017.000,1.000
Greece,2017.000,2.000
Greece,2017.000,1.000
Greece,2017.000,0.000
Greece,2017.000,1.000
Belgium,2017.000,0.000
Belgium,2017.000,1.000
France,2017.000,1.000
France,2017.000,-1.000
Spain,2017.000,3.000
Belgium,2017.000,1.000
Germany,2017.000,0.000
Belgium,2017.000,0.000
Belgium,2017.000,2.000
Spain,2017.000,-1.000
Spain,2017.000,-1.000
Israel,2017.000,-1.000
Israel,2017.000,3.050
Israel,2017.000,2.000
Venezuela,2017.000,-1.000
Venezuela,2017.000,-1.000
Venezuela,2017.000,-1.000
Kuwait,2017.000,-1.000
Czech Republic,2017.000,-1.000
Czech Republic,2017.000,-1.000
Czech Republic,2017.000,0.000
Venezuela,2017.000,3.000
Germany,2017.000,0.000
United States,2017.000,0.000
Panama,2017.000,-1.000
Spain,2017.000,0.000
Spain,2017.000,-1.000
Argentina,2017.000,2.000
United States,2017.000,-1.000
Germany,2017.000,1.000
Germany,2017.000,0.000
Canada,2017.000,-1.000
Serbia,2017.000,4.000
Serbia,2017.000,4.000
Serbia,2017.000,4.000
Serbia,2017.000,4.000
Serbia,2017.000,4.050
Serbia,2017.000,4.000
Latvia,2017.000,0.000
Latvia,2017.000,4.050
Kuwait,2017.000,-1.000
Kuwait,2017.000,3.050
Italy,2017.000,3.050
Venezuela,2017.000,3.000
Morocco,2017.000,0.000
Morocco,2017.000,3.000
Morocco,2017.000,0.000
Morocco,2017.000,0.000
Italy,2017.000,2.000
Italy,2017.000,1.000
Spain,2017.000,1.000
Denmark,2017.000,-1.000
"Korea, South",2017.000,0.000
"Korea, South",2017.000,3.050
Greece,2017.000,0.000
Greece,2017.000,0.000
Greece,2017.000,-1.000
Italy,2017.000,3.000
Poland,2017.000,1.000
Philippines,2017.000,3.050
Philippines,2017.000,3.050
Colombia,2017.000,4.050
Colombia,2017.000,0.000
Argentina,2017.000,0.000
Argentina,2017.000,4.050
Argentina,2017.000,4.000
Argentina,2017.000,1.000
Argentina,2017.000,4.050
Argentina,2017.000,0.000
Colombia,2017.000,3.050
Colombia,2017.000,3.050
Colombia,2017.000,0.000
Canada,2017.000,0.000
Romania,2017.000,3.050
Mexico,2017.000,-1.000
Mexico,2017.000,4.050
Mexico,2017.000,4.050
Mexico,2017.000,4.050
Mexico,2017.000,4.000
Venezuela,2017.000,3.000
Kuwait,2017.000,-1.000
Kuwait,2017.000,0.000
Kuwait,2017.000,0.000
Croatia,2017.000,-1.000
United Kingdom,2017.000,0.000
Thailand,2017.000,0.000
Thailand,2017.000,0.000
Thailand,2017.000,3.000
Spain,2017.000,-1.000
Colombia,2017.000,-8.000
Colombia,2017.000,3.050
Colombia,2017.000,-1.000
Colombia,2017.000,3.050
Germany,2017.000,0.000
Venezuela,2017.000,3.000
Germany,2017.000,3.000
Argentina,2017.000,-1.000
Argentina,2017.000,0.000
Argentina,2017.000,4.000
Argentina,2017.000,4.000
Hungary,2017.000,-1.000
Pakistan,2017.000,2.000
Pakistan,2017.000,1.000
Pakistan,2017.000,-1.000
Pakistan,2017.000,3.000
Pakistan,2017.000,4.000
Pakistan,2017.000,-1.000
Switzerland,2017.000,-1.000
Philippines,2017.000,-1.000
Philippines,2017.000,0.000
Philippines,2017.000,-1.000
Philippines,2017.000,3.050
Philippines,2017.000,1.000
Philippines,2017.000,3.050
Philippines,2017.000,1.000
Philippines,2017.000,3.000
France,2017.000,-1.000
Greece,2017.000,0.000
Spain,2017.000,-1.000
Spain,2017.000,-1.000
Spain,2017.000,-1.000
Brazil,2017.000,3.050
Brazil,2017.000,-1.000
Taiwan,2017.000,-1.000
Taiwan,2017.000,1.000
United States,2017.000,2.000
United States,2017.000,0.000
Hungary,2017.000,-1.000
Hungary,2017.000,-1.000
Ireland,2017.000,-1.000
Ireland,2017.000,-1.000
Ireland,2017.000,-1.000
Ireland,2017.000,0.000
Ireland,2017.000,-1.000
Germany,2017.000,2.000
Germany,2017.000,-1.000
Germany,2017.000,0.000
United States,2017.000,-1.000
Taiwan,2017.000,-1.000
Taiwan,2017.000,-1.000
