Country,Year,MIC
Spain,2009.000,-4.000
Venezuela,2009.000,-4.000
Venezuela,2009.000,-3.000
France,2009.000,-4.000
United States,2009.000,-3.000
Australia,2009.000,0.000
Australia,2009.000,-4.000
Australia,2009.000,-2.000
Australia,2009.000,-3.000
Italy,2009.000,-4.000
United States,2009.000,-4.000
United States,2009.000,-2.000
Mexico,2009.000,-4.000
Spain,2009.000,-4.000
Spain,2009.000,-3.000
Portugal,2009.000,-4.000
Portugal,2009.000,-4.000
Spain,2009.000,-4.000
United States,2009.000,-3.000
United States,2009.000,-4.000
China,2009.000,-4.000
United States,2009.000,-4.000
United States,2009.000,-4.000
Argentina,2009.000,-1.000
Latvia,2009.000,-4.000
United Kingdom,2009.000,-4.000
Germany,2009.000,-4.000
Canada,2009.000,-4.000
France,2009.000,-3.000
Czech Republic,2009.000,-3.000
Slovak Republic,2009.000,-4.000
Netherlands,2009.000,-4.000
United States,2009.000,-2.000
Ireland,2009.000,-4.000
United Kingdom,2009.000,-4.000
Italy,2012.000,-4.000
Germany,2012.000,-4.000
Germany,2012.000,-4.000
Germany,2012.000,-4.000
Germany,2012.000,-4.000
Germany,2012.000,-4.000
Morocco,2012.000,-4.000
United States,2012.000,-4.000
Saudi Arabia,2012.000,-4.000
United Kingdom,2012.000,-4.000
United Kingdom,2012.000,-4.000
United Kingdom,2012.000,-4.000
United States,2012.000,-4.000
United States,2012.000,-4.000
United States,2012.000,-4.000
Spain,2012.000,-4.000
Spain,2012.000,-4.000
Spain,2012.000,-4.000
Germany,2012.000,-4.000
Germany,2012.000,-4.000
United States,2012.000,-4.000
Panama,2012.000,-4.000
Portugal,2012.000,-4.000
United States,2012.000,-4.000
United States,2012.000,-4.000
Philippines,2012.000,-4.000
Portugal,2012.000,-5.000
Mexico,2012.000,-5.000
Mexico,2012.000,-5.000
Argentina,2012.000,-5.000
Argentina,2012.000,-4.000
Israel,2012.000,-5.000
Spain,2012.000,-4.000
Philippines,2012.000,-5.000
Philippines,2012.000,-4.000
Czech Republic,2012.000,-5.000
Czech Republic,2012.000,-4.000
United States,2012.000,-5.000
United States,2012.000,-4.000
United States,2012.000,-5.000
Netherlands,2012.000,-4.000
France,2012.000,-5.000
Portugal,2012.000,-4.000
Portugal,2012.000,-4.000
United States,2012.000,-4.000
United States,2012.000,-4.000
United States,2012.000,-4.000
United States,2012.000,-4.000
France,2012.000,-4.000
United States,2012.000,-4.000
Czech Republic,2012.000,-6.000
Taiwan,2012.000,-4.000
Taiwan,2012.000,-4.000
Taiwan,2012.000,-5.000
United States,2012.000,-5.000
Greece,2012.000,-4.000
United States,2012.000,-4.000
Germany,2012.000,-5.000
United States,2012.000,-4.000
Belgium,2012.000,-5.000
Belgium,2012.000,-5.000
Romania,2012.000,-4.000
Romania,2012.000,-5.000
Belgium,2012.000,-5.000
China,2012.000,-4.000
United States,2012.000,-5.000
United States,2012.000,-5.000
Hungary,2012.000,-4.000
Hungary,2012.000,-4.000
Hungary,2012.000,-5.000
Hungary,2012.000,-4.000
Hungary,2012.000,-5.000
Hungary,2012.000,-4.000
Hungary,2012.000,-5.000
Hungary,2012.000,-4.000
Russia,2012.000,-5.000
Sweden,2012.000,-4.000
Belgium,2012.000,-5.000
Australia,2012.000,-5.000
Canada,2012.000,-4.000
Germany,2012.000,-4.000
Germany,2012.000,-4.000
Germany,2012.000,-4.000
Germany,2012.000,-4.000
Italy,2012.000,-4.000
China,2012.000,-5.000
China,2012.000,-4.000
United States,2012.000,-5.000
Germany,2012.000,-5.000
United States,2012.000,-5.000
Italy,2012.000,-4.000
Taiwan,2012.000,-5.000
South Africa,2012.000,-4.000
Colombia,2012.000,-4.000
Spain,2012.000,-4.000
Italy,2012.000,-4.000
Italy,2012.000,-4.000
Italy,2012.000,-4.000
Mexico,2012.000,-5.000
United States,2012.000,-4.000
Romania,2012.000,-6.000
Turkey,2012.000,-4.000
Turkey,2012.000,-5.000
Turkey,2012.000,-6.000
United States,2012.000,-5.000
United States,2012.000,-5.000
Japan,2012.000,-4.000
Spain,2012.000,-4.000
Taiwan,2012.000,-4.000
Spain,2012.000,-4.000
Spain,2012.000,-4.000
Austria,2012.000,-4.000
United States,2012.000,-5.000
China,2012.000,-4.000
Brazil,2012.000,-4.000
Brazil,2012.000,-4.000
Belgium,2012.000,-4.000
Belgium,2012.000,-4.000
Belgium,2012.000,-4.000
Belgium,2012.000,-4.000
Spain,2012.000,-4.000
Sweden,2012.000,-4.000
Italy,2012.000,-4.000
Italy,2012.000,-4.000
Italy,2012.000,-4.000
Spain,2012.000,-4.000
United States,2012.000,-4.000
Italy,2012.000,-4.000
Spain,2012.000,4.000
United States,2012.000,-4.000
United States,2012.000,-4.000
United States,2012.000,-4.000
United States,2012.000,-4.000
Spain,2013.000,-2.000
Spain,2013.000,-3.000
Italy,2013.000,-4.000
Germany,2013.000,-3.000
Canada,2013.000,-3.000
Belgium,2013.000,-3.000
Belgium,2013.000,-3.000
United States,2013.000,-3.000
Italy,2013.000,-4.000
Italy,2013.000,-4.000
United States,2013.000,-3.000
United States,2013.000,-2.000
United States,2013.000,-2.000
United States,2013.000,-4.000
United States,2013.000,-3.000
United States,2013.000,-4.000
United States,2013.000,-4.000
United States,2013.000,-2.000
United States,2013.000,-3.000
United States,2013.000,-4.000
United States,2013.000,-4.000
United States,2013.000,-4.000
Spain,2013.000,-2.000
Spain,2013.000,-4.000
Ireland,2013.000,-2.000
France,2013.000,-4.000
Israel,2013.000,-5.000
France,2013.000,-3.000
France,2013.000,-3.000
Italy,2013.000,-4.000
United States,2013.000,-4.000
United States,2013.000,-3.000
United States,2013.000,-4.000
United States,2013.000,-4.000
United States,2013.000,-4.000
Italy,2013.000,-3.000
France,2013.000,-4.000
Greece,2013.000,-5.000
Greece,2013.000,-5.000
Greece,2013.000,-2.000
Greece,2013.000,-6.000
United States,2013.000,-2.000
United States,2013.000,-4.000
United States,2013.000,-3.000
Germany,2013.000,-2.000
United Kingdom,2013.000,-4.000
United Kingdom,2013.000,-3.000
Italy,2013.000,-4.000
Spain,2013.000,-4.000
Kuwait,2013.000,-5.000
Kuwait,2013.000,-5.000
Switzerland,2013.000,-4.000
Switzerland,2013.000,-4.000
Switzerland,2013.000,-3.000
Switzerland,2013.000,-3.000
Switzerland,2013.000,-4.000
Switzerland,2013.000,-4.000
Switzerland,2013.000,-4.000
Switzerland,2013.000,-4.000
Belgium,2013.000,-3.000
Canada,2013.000,-3.000
Canada,2013.000,-4.000
China,2013.000,-3.000
Ireland,2013.000,-5.000
Colombia,2013.000,-3.000
Colombia,2013.000,-3.000
Colombia,2013.000,-2.000
Chile,2013.000,-2.000
Chile,2013.000,-2.000
Chile,2013.000,-2.000
United States,2013.000,-4.000
United States,2013.000,-4.000
United States,2013.000,-4.000
China,2013.000,-5.000
United States,2013.000,-4.000
United States,2013.000,-4.000
United States,2013.000,-4.000
United States,2013.000,-3.000
Germany,2013.000,-2.000
Germany,2013.000,-4.000
Germany,2013.000,-4.000
Germany,2013.000,-4.000
Germany,2013.000,-3.000
Germany,2013.000,-3.000
Germany,2013.000,-3.000
Finland,2013.000,-3.000
United States,2013.000,-4.000
Hong Kong,2013.000,-3.000
Italy,2013.000,-3.000
Italy,2013.000,-3.000
Italy,2013.000,-3.000
Italy,2013.000,-2.000
Sweden,2013.000,-3.000
United States,2013.000,-4.000
Japan,2013.000,-5.000
Japan,2013.000,-4.000
Denmark,2013.000,-4.000
United States,2013.000,-4.000
France,2013.000,-3.000
France,2013.000,-4.000
France,2013.000,-3.000
Malaysia,2013.000,-5.000
Malaysia,2013.000,-5.000
Malaysia,2013.000,-4.000
Nigeria,2013.000,-4.000
Ireland,2013.000,-4.000
Ireland,2013.000,-3.000
Ireland,2013.000,-4.000
Ireland,2013.000,-3.000
Ireland,2013.000,-3.000
Ireland,2013.000,-3.000
Italy,2013.000,-4.000
Italy,2013.000,-4.000
Spain,2013.000,-4.000
Italy,2013.000,-4.000
Germany,2013.000,-4.000
Germany,2013.000,-3.000
Germany,2013.000,-4.000
Germany,2013.000,-3.000
United States,2013.000,-4.000
United States,2013.000,-2.000
United States,2013.000,-3.000
Spain,2013.000,-4.000
Spain,2013.000,-2.000
Spain,2013.000,-2.000
Poland,2013.000,-3.000
Poland,2013.000,-3.000
Poland,2013.000,-4.000
Germany,2013.000,-4.000
Germany,2013.000,-4.000
Germany,2013.000,-3.000
Germany,2013.000,-4.000
Germany,2013.000,-3.000
Sweden,2013.000,-5.000
Netherlands,2013.000,-5.000
Netherlands,2013.000,-5.000
Italy,2013.000,-5.000
United States,2013.000,-5.000
Hungary,2013.000,-4.000
Czech Republic,2013.000,-4.000
Spain,2013.000,-4.000
Spain,2013.000,-5.000
Spain,2013.000,-4.000
Germany,2013.000,-3.000
Thailand,2013.000,-5.000
Turkey,2013.000,-4.000
Mexico,2013.000,-5.000
United States,2013.000,-4.000
Belgium,2013.000,-5.000
Belgium,2013.000,-3.000
Germany,2013.000,-4.000
Germany,2013.000,-2.000
Germany,2013.000,-3.000
Germany,2013.000,-3.000
Spain,2013.000,-4.000
Spain,2013.000,-3.000
Spain,2013.000,-4.000
Germany,2013.000,-2.000
Taiwan,2013.000,-5.000
Belgium,2013.000,-5.000
Belgium,2013.000,-4.000
Israel,2013.000,-3.000
Israel,2013.000,-5.000
Philippines,2013.000,-6.000
Romania,2013.000,-5.000
Czech Republic,2013.000,-5.000
Czech Republic,2013.000,-5.000
China,2013.000,-2.000
Sweden,2013.000,-4.000
Sweden,2013.000,-5.000
United States,2013.000,-3.000
Spain,2013.000,-3.000
United States,2013.000,-3.000
Spain,2013.000,-3.000
Spain,2013.000,-4.000
Portugal,2013.000,-5.000
Portugal,2013.000,-5.000
Portugal,2013.000,-4.000
Turkey,2013.000,-5.000
Austria,2013.000,-5.000
Austria,2013.000,-5.000
United States,2013.000,-2.000
Jordan,2013.000,-4.000
Saudi Arabia,2013.000,-4.000
Saudi Arabia,2013.000,-3.000
Saudi Arabia,2013.000,-2.000
South Africa,2013.000,-2.000
South Africa,2013.000,-2.000
South Africa,2013.000,-2.000
Germany,2013.000,-3.000
Germany,2013.000,-4.000
Germany,2013.000,-4.000
Germany,2013.000,-5.000
Australia,2013.000,-4.000
Australia,2013.000,-4.000
Israel,2013.000,-3.000
Portugal,2013.000,-4.000
United States,2013.000,-3.000
Thailand,2013.000,-5.000
Taiwan,2013.000,-4.000
Mexico,2013.000,-4.000
Spain,2013.000,-4.000
Spain,2013.000,-3.000
Mexico,2013.000,-4.000
United States,2013.000,-2.000
United States,2013.000,-3.000
United States,2013.000,-3.000
United States,2013.000,-3.000
United States,2013.000,-4.000
Spain,2013.000,-4.000
Spain,2013.000,-4.000
United States,2013.000,-5.000
Germany,2013.000,-4.000
United States,2013.000,-3.000
United States,2013.000,-4.000
United States,2013.000,-4.000
United States,2013.000,-4.000
Turkey,2013.000,-4.000
Turkey,2013.000,-3.000
Turkey,2013.000,-4.000
Turkey,2013.000,-4.000
Turkey,2013.000,-4.000
Turkey,2013.000,-5.000
Turkey,2013.000,-4.000
Turkey,2013.000,-4.000
Turkey,2013.000,-4.000
Portugal,2013.000,-3.000
"Korea, South",2013.000,-4.000
"Korea, South",2013.000,-4.000
Taiwan,2013.000,-4.000
Taiwan,2013.000,-5.000
Taiwan,2013.000,-4.000
United Kingdom,2013.000,-5.000
France,2013.000,-5.000
China,2013.000,-4.000
China,2013.000,-2.000
Thailand,2013.000,-5.000
Thailand,2013.000,-5.000
Colombia,2013.000,-4.000
Colombia,2013.000,-3.000
Australia,2013.000,-5.000
Australia,2013.000,-5.000
Mexico,2013.000,-3.000
Mexico,2013.000,-4.000
United States,2013.000,-3.000
United States,2013.000,-4.000
Spain,2013.000,-3.000
Spain,2013.000,-3.000
South Africa,2013.000,-2.000
Canada,2013.000,-3.000
United States,2013.000,-3.000
United States,2013.000,-4.000
United States,2013.000,-3.000
Spain,2013.000,-3.000
Spain,2013.000,-3.000
Spain,2013.000,-3.000
Spain,2013.000,-3.000
Canada,2013.000,-3.000
Germany,2013.000,-4.000
Germany,2013.000,-4.000
Germany,2013.000,-4.000
Germany,2013.000,-3.000
Germany,2013.000,-3.000
Netherlands,2013.000,-4.000
Netherlands,2013.000,-4.000
Netherlands,2013.000,-4.000
Netherlands,2013.000,-3.000
United States,2013.000,-2.000
Italy,2013.000,-5.000
Chile,2013.000,-4.000
United States,2013.000,-4.000
United States,2013.000,-3.000
United States,2013.000,-2.000
United States,2013.000,-3.000
China,2013.000,-5.000
China,2013.000,-5.000
United States,2013.000,-4.000
France,2013.000,-4.000
France,2013.000,-3.000
France,2013.000,-3.000
France,2013.000,-3.000
Spain,2013.000,-3.000
Spain,2013.000,-3.000
Spain,2013.000,-3.000
Spain,2013.000,-3.000
United States,2013.000,-2.000
United States,2013.000,-3.000
Italy,2013.000,-3.000
Italy,2013.000,-3.000
Italy,2013.000,-4.000
United States,2013.000,-4.000
United States,2013.000,-4.000
United States,2013.000,-5.000
Belgium,2013.000,-5.000
Belgium,2013.000,-5.000
France,2013.000,-4.000
France,2013.000,-4.000
Switzerland,2013.000,-4.000
Switzerland,2013.000,-3.000
Belgium,2013.000,-4.000
United States,2013.000,-4.000
Germany,2013.000,-4.000
United States,2013.000,-4.000
United States,2013.000,-4.000
United States,2013.000,-4.000
United States,2013.000,-3.000
United States,2013.000,-4.000
United States,2013.000,-4.000
United States,2013.000,-4.000
Canada,2013.000,-3.000
Canada,2013.000,-4.000
Canada,2013.000,-3.000
Canada,2013.000,-4.000
France,2013.000,-4.000
Kuwait,2013.000,-5.000
Venezuela,2013.000,-6.000
"Korea, South",2013.000,-5.000
"Korea, South",2013.000,-5.000
Poland,2013.000,-4.000
United States,2013.000,-3.000
United States,2013.000,-3.000
Italy,2013.000,-4.000
Italy,2013.000,-3.000
Spain,2013.000,-3.000
Spain,2013.000,-4.000
Spain,2013.000,-4.000
Spain,2013.000,-2.000
Spain,2013.000,-2.000
Spain,2013.000,-3.000
Spain,2013.000,-3.000
"Korea, South",2013.000,-4.000
Brazil,2013.000,-6.000
Brazil,2013.000,-5.000
Brazil,2013.000,-5.000
Brazil,2013.000,-5.000
Brazil,2013.000,-4.000
Brazil,2013.000,-4.000
Canada,2013.000,-4.000
Canada,2013.000,-3.000
Canada,2013.000,-3.000
Malaysia,2013.000,-5.000
Israel,2013.000,-4.000
United States,2013.000,-3.000
Spain,2013.000,-3.000
Spain,2013.000,-4.000
China,2013.000,-5.000
China,2013.000,-3.000
China,2013.000,-5.000
Italy,2015.000,-3.000
Switzerland,2015.000,-3.000
Switzerland,2015.000,-4.000
Switzerland,2015.000,-3.000
South Africa,2015.000,-4.000
South Africa,2015.000,-3.000
South Africa,2015.000,-3.000
South Africa,2015.000,-3.000
South Africa,2015.000,-4.000
Spain,2015.000,-3.000
Spain,2015.000,-3.000
Spain,2015.000,-3.000
Spain,2015.000,-3.000
Chile,2015.000,-4.000
Canada,2015.000,-4.000
Canada,2015.000,-4.000
Mexico,2015.000,-3.000
Brazil,2015.000,-4.000
Brazil,2015.000,-3.000
Spain,2015.000,-4.000
Italy,2015.000,-3.000
Italy,2015.000,-4.000
Mexico,2015.000,-4.000
Mexico,2015.000,-4.000
Mexico,2015.000,-4.000
Spain,2015.000,-4.000
Panama,2015.000,-4.000
Panama,2015.000,-4.000
Panama,2015.000,-3.000
Saudi Arabia,2015.000,-4.000
Saudi Arabia,2015.000,-4.000
Saudi Arabia,2015.000,-4.000
Saudi Arabia,2015.000,-4.000
Taiwan,2015.000,-4.000
Taiwan,2015.000,-3.000
Philippines,2015.000,-4.000
Philippines,2015.000,-3.000
Philippines,2015.000,-4.000
Philippines,2015.000,-3.000
Philippines,2015.000,-3.000
Philippines,2015.000,-4.000
Pakistan,2015.000,-4.000
Venezuela,2015.000,-3.000
"Korea, South",2015.000,-4.000
Thailand,2015.000,-3.000
Thailand,2015.000,-4.000
United States,2015.000,-4.000
South Africa,2015.000,-5.000
Greece,2015.000,-3.000
Philippines,2015.000,-3.000
Philippines,2015.000,-4.000
Germany,2015.000,-4.000
France,2015.000,-4.000
Australia,2015.000,-3.000
Spain,2015.000,-4.000
Portugal,2015.000,-4.000
Czech Republic,2015.000,-4.000
Greece,2015.000,-3.000
Portugal,2015.000,-3.000
Portugal,2015.000,-5.000
Portugal,2015.000,-3.000
France,2015.000,-4.000
Thailand,2015.000,-4.000
Thailand,2015.000,-4.000
Thailand,2015.000,-4.000
Canada,2015.000,-4.000
Spain,2015.000,-4.000
Spain,2015.000,-4.000
Spain,2015.000,-4.000
Spain,2015.000,-4.000
Poland,2015.000,-3.000
Russia,2015.000,-5.000
Russia,2015.000,-4.000
Russia,2015.000,-4.000
Venezuela,2015.000,-4.000
Venezuela,2015.000,-4.000
Venezuela,2015.000,-3.000
Spain,2015.000,-4.000
France,2015.000,-4.000
"Korea, South",2015.000,-4.000
Spain,2015.000,-3.000
Belgium,2015.000,-4.000
"Korea, South",2015.000,-4.000
Philippines,2015.000,-4.000
Philippines,2015.000,-5.000
Philippines,2015.000,-3.000
Philippines,2015.000,-4.000
Malaysia,2015.000,-3.000
Turkey,2015.000,-3.000
Turkey,2015.000,-4.000
Turkey,2015.000,-5.000
Canada,2015.000,-3.000
Canada,2015.000,-4.000
Canada,2015.000,-3.000
Portugal,2015.000,-4.000
Portugal,2015.000,-3.000
Portugal,2015.000,-4.000
Portugal,2015.000,-4.000
Portugal,2015.000,-4.000
Portugal,2015.000,-4.000
Kuwait,2015.000,-4.000
Kuwait,2015.000,-3.000
United States,2015.000,-4.000
Colombia,2015.000,-4.000
Taiwan,2015.000,-3.000
Taiwan,2015.000,-3.000
Hungary,2015.000,-4.000
United States,2015.000,-4.000
Denmark,2015.000,-4.000
Venezuela,2015.000,-5.000
Venezuela,2015.000,-4.000
Argentina,2015.000,-3.000
Argentina,2015.000,-4.000
Argentina,2015.000,-4.000
Argentina,2015.000,-4.000
France,2015.000,-4.000
United States,2015.000,-4.000
United States,2015.000,-3.000
United States,2015.000,-4.000
Spain,2015.000,-3.000
France,2015.000,-4.000
Venezuela,2015.000,-3.000
Venezuela,2015.000,-4.000
Colombia,2015.000,-4.000
United States,2015.000,-4.000
Mexico,2015.000,-4.000
Mexico,2015.000,-4.000
Mexico,2015.000,-4.000
Mexico,2015.000,-4.000
France,2015.000,-3.000
France,2015.000,-4.000
France,2015.000,-4.000
France,2015.000,-4.000
Netherlands,2015.000,-4.000
Italy,2015.000,-3.000
Italy,2015.000,-3.000
Italy,2015.000,-3.000
Belgium,2015.000,-3.000
Belgium,2015.000,-3.000
Italy,2015.000,-4.000
Italy,2015.000,-4.000
Canada,2015.000,-3.000
Canada,2015.000,-3.000
Singapore,2015.000,-3.000
Singapore,2015.000,-3.000
Brazil,2015.000,-4.000
Brazil,2015.000,-3.000
Brazil,2015.000,-4.000
Hong Kong,2015.000,-3.000
Hong Kong,2015.000,-3.000
Hong Kong,2015.000,-3.000
Hong Kong,2015.000,-4.000
Hong Kong,2015.000,-3.000
Hong Kong,2015.000,-3.000
Hong Kong,2015.000,-3.000
Portugal,2015.000,-4.000
Portugal,2015.000,-4.000
Belgium,2015.000,-4.000
United States,2015.000,-4.000
United States,2015.000,-3.000
Spain,2015.000,-3.000
United States,2015.000,-4.000
United States,2015.000,-4.000
United States,2015.000,-4.000
Germany,2015.000,-3.000
Belgium,2015.000,-4.000
United States,2015.000,-3.000
United States,2015.000,-3.000
Spain,2015.000,-4.000
Spain,2015.000,-4.000
Spain,2015.000,-4.000
Spain,2015.000,-4.000
Italy,2015.000,-4.000
Belgium,2015.000,-3.000
Belgium,2015.000,-3.000
Belgium,2015.000,-4.000
France,2015.000,-4.000
Germany,2015.000,-4.000
Czech Republic,2015.000,-3.000
United States,2015.000,-4.000
United States,2015.000,-4.000
Portugal,2015.000,-3.000
Portugal,2015.000,-3.000
Portugal,2015.000,-4.000
Germany,2015.000,-3.000
United States,2015.000,-4.000
United States,2015.000,-4.000
United States,2015.000,-4.000
United States,2015.000,-4.000
United Kingdom,2015.000,-4.000
Germany,2015.000,-4.000
Germany,2015.000,-4.000
United States,2015.000,-4.000
United States,2015.000,-4.000
United Kingdom,2015.000,-4.000
Germany,2015.000,-4.000
Germany,2015.000,-3.000
United States,2015.000,-4.000
United States,2015.000,-4.000
United States,2015.000,-3.000
Ireland,2015.000,-4.000
Ireland,2015.000,-3.000
Croatia,2015.000,-4.000
Croatia,2015.000,-4.000
Croatia,2015.000,-3.000
United States,2015.000,-4.000
Spain,2015.000,-4.000
Spain,2015.000,-4.000
Spain,2015.000,-3.000
Spain,2015.000,-3.000
Spain,2015.000,-4.000
Spain,2015.000,-3.000
Italy,2015.000,-4.000
Italy,2015.000,-4.000
Spain,2015.000,-4.000
Spain,2015.000,-4.000
Spain,2015.000,-4.000
Germany,2015.000,-4.000
Spain,2015.000,-3.000
Spain,2015.000,-4.000
Portugal,2015.000,-4.000
Portugal,2015.000,-4.000
United States,2015.000,-4.000
United States,2015.000,-4.000
Germany,2015.000,-3.000
Germany,2015.000,-4.000
Germany,2015.000,-4.000
United Kingdom,2015.000,-4.000
United States,2015.000,-4.000
United States,2015.000,-4.000
United States,2015.000,-4.000
United States,2015.000,-4.000
United States,2015.000,-4.000
United States,2015.000,-4.000
United States,2015.000,-3.000
United States,2015.000,-4.000
United States,2015.000,-4.000
United States,2015.000,-4.000
China,2016.000,-3.000
United States,2016.000,-4.000
Italy,2016.000,-2.000
Colombia,2016.000,-4.000
Colombia,2016.000,-4.000
Canada,2016.000,-4.000
Canada,2016.000,-3.000
Canada,2016.000,-3.000
Canada,2016.000,-4.000
Canada,2016.000,-3.000
Canada,2016.000,-4.000
Canada,2016.000,-3.000
Canada,2016.000,-3.000
Canada,2016.000,-3.000
Spain,2016.000,-4.000
Spain,2016.000,-4.000
Spain,2016.000,-2.000
Italy,2016.000,-3.000
Italy,2016.000,-4.000
United Kingdom,2016.000,-4.000
Spain,2016.000,-3.000
Spain,2016.000,-4.000
Spain,2016.000,-3.000
Portugal,2016.000,-4.000
Portugal,2016.000,-2.000
Italy,2016.000,-4.000
Italy,2016.000,-4.000
Italy,2016.000,-4.000
Mexico,2016.000,-4.000
Mexico,2016.000,-4.000
Mexico,2016.000,-4.000
Mexico,2016.000,-4.000
Spain,2016.000,-4.000
Spain,2016.000,-3.000
Spain,2016.000,-4.000
Spain,2016.000,-4.000
Spain,2016.000,-3.000
Spain,2016.000,-3.000
France,2016.000,-3.000
Spain,2016.000,-4.000
Hong Kong,2016.000,-4.000
Hong Kong,2016.000,-3.000
Hong Kong,2016.000,-4.000
Hong Kong,2016.000,-4.000
South Africa,2016.000,-4.000
South Africa,2016.000,-4.000
South Africa,2016.000,-4.000
United Kingdom,2016.000,-2.000
Croatia,2016.000,-2.000
Greece,2016.000,-4.000
Greece,2016.000,-4.000
Greece,2016.000,-4.000
Mexico,2016.000,-3.000
Mexico,2016.000,-4.000
Mexico,2016.000,-4.000
Mexico,2016.000,-5.000
Argentina,2016.000,-4.000
Argentina,2016.000,-3.000
Mexico,2016.000,-3.000
Mexico,2016.000,-3.000
Mexico,2016.000,-3.000
Mexico,2016.000,-3.000
Mexico,2016.000,-4.000
Mexico,2016.000,-3.000
Mexico,2016.000,-3.000
Russia,2016.000,-5.000
Colombia,2016.000,-5.000
Mexico,2016.000,-4.000
Mexico,2016.000,-4.000
Mexico,2016.000,-5.000
Australia,2016.000,-4.000
Israel,2016.000,-4.000
Spain,2016.000,-4.000
Belgium,2016.000,-4.000
Italy,2016.000,-4.000
Israel,2016.000,-4.000
Israel,2016.000,-3.000
South Africa,2016.000,-5.000
United States,2016.000,-5.000
United States,2016.000,-3.000
United States,2016.000,-4.000
United States,2016.000,-4.000
South Africa,2016.000,-5.000
South Africa,2016.000,-4.000
South Africa,2016.000,-5.000
South Africa,2016.000,-4.000
Thailand,2016.000,-4.000
Thailand,2016.000,-4.000
Thailand,2016.000,-3.000
Spain,2016.000,-2.000
Spain,2016.000,-4.000
Spain,2016.000,-4.000
Chile,2016.000,-4.000
Chile,2016.000,-2.000
France,2016.000,-5.000
France,2016.000,-3.000
United States,2016.000,-4.000
France,2016.000,-4.000
France,2016.000,-3.000
Venezuela,2016.000,-5.000
Venezuela,2016.000,-6.000
Venezuela,2016.000,-2.000
France,2016.000,-4.000
United States,2016.000,-4.000
Panama,2016.000,-4.000
Panama,2016.000,-3.000
Austria,2016.000,-5.000
Italy,2016.000,-3.000
Turkey,2016.000,-3.000
France,2016.000,-4.000
Greece,2016.000,-2.000
United States,2016.000,-4.000
United States,2016.000,-4.000
Spain,2016.000,-4.000
Turkey,2016.000,-4.000
Austria,2016.000,-3.000
Japan,2016.000,-3.000
Taiwan,2016.000,-4.000
Taiwan,2016.000,-4.000
United States,2016.000,-3.000
United States,2016.000,-4.000
United States,2016.000,-4.000
United States,2016.000,-4.000
Japan,2016.000,-2.000
Japan,2016.000,-4.000
Japan,2016.000,-3.000
Japan,2016.000,-4.000
Japan,2016.000,-3.000
Belgium,2016.000,-3.000
United States,2016.000,-4.000
Australia,2016.000,-5.000
Australia,2016.000,-5.000
Spain,2016.000,-4.000
Spain,2016.000,-4.000
Philippines,2016.000,-4.000
Brazil,2016.000,-3.000
Brazil,2016.000,-3.000
Brazil,2016.000,-3.000
Brazil,2016.000,-4.000
Canada,2016.000,-4.000
Germany,2016.000,-3.000
Germany,2016.000,-4.000
Germany,2016.000,-4.000
"Korea, South",2016.000,-2.000
"Korea, South",2016.000,-2.000
"Korea, South",2016.000,-3.000
Portugal,2016.000,-4.000
Portugal,2016.000,-5.000
Brazil,2016.000,-4.000
Brazil,2016.000,-3.000
Brazil,2016.000,-4.000
Germany,2016.000,-3.000
Germany,2016.000,-4.000
Portugal,2016.000,-2.000
Ireland,2016.000,-4.000
Ireland,2016.000,-2.000
Germany,2016.000,-4.000
Poland,2016.000,-3.000
Lithuania,2016.000,-4.000
Lithuania,2016.000,-4.000
Belgium,2016.000,-2.000
"Korea, South",2016.000,-3.000
"Korea, South",2016.000,-5.000
"Korea, South",2016.000,-4.000
Australia,2016.000,-5.000
Australia,2016.000,-4.000
Philippines,2016.000,-4.000
Philippines,2016.000,-5.000
Venezuela,2016.000,-3.000
Venezuela,2016.000,-4.000
Venezuela,2016.000,-4.000
Switzerland,2016.000,-2.000
Switzerland,2016.000,-4.000
Brazil,2016.000,-4.000
Brazil,2016.000,-4.000
Brazil,2016.000,-4.000
Venezuela,2016.000,-3.000
United States,2016.000,-2.000
United States,2016.000,-5.000
Chile,2016.000,-2.000
Chile,2016.000,-3.000
Thailand,2016.000,-4.000
Thailand,2016.000,-4.000
Hungary,2016.000,-4.000
Spain,2016.000,-4.000
Switzerland,2016.000,-4.000
France,2016.000,-4.000
France,2016.000,-4.000
France,2016.000,-4.000
France,2016.000,-4.000
France,2016.000,-2.000
France,2016.000,-2.000
Taiwan,2016.000,-3.000
Italy,2016.000,-4.000
Thailand,2016.000,-2.000
Thailand,2016.000,-3.000
Thailand,2016.000,-3.000
Venezuela,2016.000,-4.000
Kuwait,2016.000,-4.000
United States,2016.000,-3.000
United States,2016.000,-4.000
United States,2016.000,-4.000
United States,2016.000,-4.000
Italy,2016.000,-4.000
United States,2016.000,-5.000
United States,2016.000,-3.000
China,2016.000,-4.000
China,2016.000,-2.000
United States,2016.000,-3.000
United States,2016.000,-4.000
Italy,2016.000,-4.000
Italy,2016.000,-3.000
Canada,2016.000,-2.000
Czech Republic,2016.000,-4.000
Czech Republic,2016.000,-3.000
Czech Republic,2016.000,-3.000
United States,2016.000,-3.000
Germany,2016.000,-3.000
Italy,2016.000,-4.000
Italy,2016.000,-3.000
Italy,2016.000,-4.000
Italy,2016.000,-4.000
Italy,2016.000,-3.000
Italy,2016.000,-4.000
Czech Republic,2016.000,-4.000
Czech Republic,2016.000,-4.000
Czech Republic,2016.000,-4.000
United States,2016.000,-4.000
United States,2016.000,-4.000
United States,2016.000,-3.000
Czech Republic,2016.000,-2.000
Czech Republic,2016.000,-3.000
United States,2016.000,-4.000
United States,2016.000,-3.000
United States,2016.000,-3.000
Belgium,2016.000,-4.000
Belgium,2016.000,-2.000
Belgium,2016.000,-4.000
Belgium,2016.000,-3.000
Belgium,2016.000,-2.000
Spain,2016.000,-4.000
Spain,2016.000,-4.000
Spain,2016.000,-4.000
Mexico,2016.000,-3.000
Mexico,2016.000,-4.000
Mexico,2016.000,-3.000
Mexico,2016.000,-4.000
"Korea, South",2016.000,-3.000
Belgium,2016.000,-3.000
Belgium,2016.000,-4.000
Germany,2016.000,-3.000
Germany,2016.000,-4.000
Netherlands,2016.000,-4.000
Spain,2016.000,-3.000
United States,2016.000,-4.000
United States,2016.000,-4.000
United States,2016.000,-4.000
United States,2016.000,-4.000
United States,2016.000,-3.000
Colombia,2016.000,-3.000
Colombia,2016.000,-4.000
Taiwan,2016.000,-4.000
Taiwan,2016.000,-4.000
Taiwan,2016.000,-3.000
Taiwan,2016.000,-3.000
Belgium,2016.000,-4.000
Belgium,2016.000,-3.000
United States,2016.000,-3.000
United States,2016.000,-3.000
United States,2016.000,-4.000
United States,2016.000,-2.000
France,2016.000,-4.000
Greece,2016.000,-4.000
Greece,2016.000,-4.000
Croatia,2016.000,-4.000
Croatia,2016.000,-4.000
Canada,2016.000,-4.000
Germany,2016.000,-4.000
Germany,2016.000,-2.000
Spain,2016.000,-2.000
Spain,2016.000,-4.000
Denmark,2016.000,-3.000
Denmark,2016.000,-4.000
Portugal,2016.000,-2.000
Portugal,2016.000,-2.000
Portugal,2016.000,-2.000
Italy,2016.000,-3.000
France,2017.000,-4.000
Spain,2017.000,-2.000
Spain,2017.000,-3.000
Spain,2017.000,-1.000
Spain,2017.000,-3.000
Spain,2017.000,-4.000
Spain,2017.000,-4.000
United States,2017.000,-3.000
United States,2017.000,-4.000
Spain,2017.000,-1.000
Portugal,2017.000,-2.000
Portugal,2017.000,-4.000
United States,2017.000,-3.000
Italy,2017.000,-3.000
Czech Republic,2017.000,-4.000
United States,2017.000,-1.000
United States,2017.000,-3.000
Italy,2017.000,-3.000
Netherlands,2017.000,-2.000
Italy,2017.000,-3.000
Spain,2017.000,-1.000
Spain,2017.000,-4.000
Spain,2017.000,-4.000
Thailand,2017.000,-2.000
Thailand,2017.000,-5.000
"Korea, South",2017.000,-1.000
"Korea, South",2017.000,-3.000
"Korea, South",2017.000,-5.000
Thailand,2017.000,-4.000
Thailand,2017.000,-4.000
Mexico,2017.000,-3.000
Israel,2017.000,-3.000
Portugal,2017.000,-3.000
France,2017.000,-4.000
France,2017.000,-3.000
Jordan,2017.000,-3.000
Jordan,2017.000,-3.000
Italy,2017.000,-3.000
Czech Republic,2017.000,-4.000
Czech Republic,2017.000,-4.000
Czech Republic,2017.000,-4.000
Czech Republic,2017.000,-5.000
Czech Republic,2017.000,-5.000
Czech Republic,2017.000,-5.000
South Africa,2017.000,-2.000
Italy,2017.000,-6.000
Italy,2017.000,-3.000
Italy,2017.000,-4.000
Italy,2017.000,-2.000
United Kingdom,2017.000,-1.000
United Kingdom,2017.000,-4.000
United Kingdom,2017.000,-4.000
Turkey,2017.000,-5.000
Turkey,2017.000,-5.000
Turkey,2017.000,-5.000
Turkey,2017.000,-5.000
Turkey,2017.000,-5.000
Turkey,2017.000,-5.000
Turkey,2017.000,-5.000
Turkey,2017.000,-5.000
Turkey,2017.000,-5.000
Turkey,2017.000,-5.000
France,2017.000,-4.000
Mexico,2017.000,-4.000
Australia,2017.000,-5.000
Australia,2017.000,-5.000
Australia,2017.000,-6.000
Kuwait,2017.000,-3.000
Kuwait,2017.000,-4.000
Kuwait,2017.000,-5.000
Belgium,2017.000,-4.000
Germany,2017.000,-4.000
Belgium,2017.000,-4.000
Spain,2017.000,-3.000
Spain,2017.000,-4.000
Hungary,2017.000,-3.000
Hungary,2017.000,-4.000
Hungary,2017.000,-4.000
Kuwait,2017.000,-4.000
Australia,2017.000,-5.000
Venezuela,2017.000,-3.000
Venezuela,2017.000,-4.000
Venezuela,2017.000,-5.000
Venezuela,2017.000,-5.000
Turkey,2017.000,-5.000
Netherlands,2017.000,-2.000
Netherlands,2017.000,-4.000
Netherlands,2017.000,-4.000
United States,2017.000,-3.000
United States,2017.000,-2.000
United States,2017.000,-2.000
Panama,2017.000,-4.000
Spain,2017.000,-4.000
Spain,2017.000,-3.000
South Africa,2017.000,-5.000
Spain,2017.000,-5.000
Czech Republic,2017.000,-5.000
United States,2017.000,-3.000
United States,2017.000,-3.000
United States,2017.000,-4.000
United States,2017.000,-3.000
United States,2017.000,-3.000
Germany,2017.000,-2.000
Canada,2017.000,-2.000
Colombia,2017.000,-5.000
Taiwan,2017.000,-3.000
Taiwan,2017.000,-4.000
Taiwan,2017.000,-5.000
Latvia,2017.000,-1.000
Australia,2017.000,-4.000
Russia,2017.000,-3.000
Kuwait,2017.000,-3.000
Kuwait,2017.000,-2.000
Germany,2017.000,-4.000
Germany,2017.000,-5.000
Italy,2017.000,-3.000
Russia,2017.000,-4.000
"Korea, South",2017.000,-5.000
Venezuela,2017.000,-5.000
Venezuela,2017.000,-4.000
Venezuela,2017.000,-4.000
Czech Republic,2017.000,-3.000
South Africa,2017.000,-4.000
Russia,2017.000,-5.000
Russia,2017.000,-4.000
Russia,2017.000,-6.000
Germany,2017.000,-2.000
Germany,2017.000,-3.000
Germany,2017.000,-1.000
Germany,2017.000,-2.000
Morocco,2017.000,-3.000
Morocco,2017.000,-3.000
Morocco,2017.000,-3.000
Italy,2017.000,-4.000
Spain,2017.000,-5.000
Italy,2017.000,-5.000
Italy,2017.000,-5.000
Mexico,2017.000,-5.000
Taiwan,2017.000,-5.000
Hong Kong,2017.000,-3.000
Hong Kong,2017.000,-1.000
Greece,2017.000,-4.000
United Kingdom,2017.000,-4.000
United Kingdom,2017.000,-4.000
United Kingdom,2017.000,-6.000
Philippines,2017.000,-5.000
Ireland,2017.000,-4.000
Ireland,2017.000,-4.000
Colombia,2017.000,-4.000
Argentina,2017.000,-4.000
Netherlands,2017.000,-5.000
Poland,2017.000,-5.000
Poland,2017.000,-5.000
Poland,2017.000,-4.000
Colombia,2017.000,-6.000
Canada,2017.000,-3.000
Canada,2017.000,-2.000
Canada,2017.000,-4.000
Canada,2017.000,-3.000
Canada,2017.000,-4.000
Canada,2017.000,-4.000
Canada,2017.000,-4.000
Argentina,2017.000,-2.000
Italy,2017.000,-4.000
Romania,2017.000,-6.000
Mexico,2017.000,-5.000
Portugal,2017.000,-5.000
Portugal,2017.000,-5.000
Mexico,2017.000,-3.000
Mexico,2017.000,-4.000
Chile,2017.000,-2.000
Taiwan,2017.000,-3.000
Taiwan,2017.000,-4.000
Venezuela,2017.000,-3.000
Venezuela,2017.000,-2.000
Venezuela,2017.000,-2.000
Spain,2017.000,-4.000
Spain,2017.000,-4.000
Spain,2017.000,-2.000
Kuwait,2017.000,-3.000
Kuwait,2017.000,-1.000
United Kingdom,2017.000,-4.000
United Kingdom,2017.000,-4.000
United Kingdom,2017.000,-4.000
United Kingdom,2017.000,-4.000
United Kingdom,2017.000,-3.000
United States,2017.000,-3.000
Chile,2017.000,-3.000
Germany,2017.000,-5.000
Germany,2017.000,-4.000
United Kingdom,2017.000,-2.000
United Kingdom,2017.000,-4.000
Spain,2017.000,-1.000
South Africa,2017.000,-6.000
South Africa,2017.000,-6.000
South Africa,2017.000,-5.000
Colombia,2017.000,-4.000
Germany,2017.000,-2.000
Czech Republic,2017.000,-2.000
Czech Republic,2017.000,-4.000
Czech Republic,2017.000,-3.000
Argentina,2017.000,-3.000
Argentina,2017.000,-4.000
Brazil,2017.000,-2.000
Brazil,2017.000,-4.000
Brazil,2017.000,-3.000
Brazil,2017.000,-2.000
Brazil,2017.000,-3.000
Brazil,2017.000,-4.000
Italy,2017.000,-2.000
Italy,2017.000,-4.000
Italy,2017.000,-3.000
Italy,2017.000,-4.000
France,2017.000,-3.000
Japan,2017.000,-3.000
Japan,2017.000,-2.000
Japan,2017.000,-3.000
Japan,2017.000,-4.000
Belgium,2017.000,-6.000
Belgium,2017.000,-5.000
Belgium,2017.000,-5.000
Belgium,2017.000,-5.000
Belgium,2017.000,-4.000
Belgium,2017.000,-3.000
Brazil,2017.000,-4.000
Brazil,2017.000,-3.000
Brazil,2017.000,-4.000
France,2017.000,-4.000
France,2017.000,-4.000
France,2017.000,-1.000
Greece,2017.000,-4.000
Spain,2017.000,-2.000
Spain,2017.000,-3.000
United States,2017.000,-4.000
Brazil,2017.000,-1.000
Brazil,2017.000,-3.000
Brazil,2017.000,-5.000
Brazil,2017.000,-5.000
Brazil,2017.000,-4.000
Brazil,2017.000,-4.000
Brazil,2017.000,-3.000
"Korea, South",2017.000,-4.000
Spain,2017.000,-6.000
Taiwan,2017.000,-2.000
Taiwan,2017.000,-4.000
Germany,2017.000,-2.000
Germany,2017.000,-2.000
Germany,2017.000,-1.000
Ireland,2017.000,-1.000
Ireland,2017.000,-3.000
Ireland,2017.000,-2.000
Germany,2017.000,-2.000
Germany,2017.000,-3.000
United States,2017.000,-3.000
United States,2017.000,-2.000
United States,2017.000,-4.000
Portugal,2017.000,-5.000
Portugal,2017.000,-5.000
Taiwan,2017.000,-1.000
Taiwan,2017.000,-2.000
Germany,2017.000,-4.000
Hungary,2017.000,-6.000
Japan,2017.000,-4.000
Canada,2017.000,-4.000
Belgium,2017.000,-4.000
