Country,Year,MIC
Netherlands,2014.000,0.000
Netherlands,2014.000,-1.000
Netherlands,2014.000,0.000
Netherlands,2014.000,-1.000
Netherlands,2014.000,-1.000
Netherlands,2014.000,-2.000
Netherlands,2014.000,-2.000
Netherlands,2014.000,-1.000
Netherlands,2014.000,0.000
Netherlands,2014.000,-1.000
Netherlands,2014.000,-1.000
Netherlands,2014.000,-1.000
Netherlands,2014.000,-1.000
Netherlands,2014.000,0.000
Netherlands,2014.000,-1.000
Netherlands,2014.000,0.000
Netherlands,2014.000,-1.000
China,2014.000,0.000
China,2014.000,0.000
China,2014.000,-1.000
China,2014.000,-2.000
China,2014.000,-1.000
Portugal,2014.000,-3.000
Portugal,2014.000,-1.000
Portugal,2014.000,0.000
Portugal,2014.000,0.000
Portugal,2014.000,0.000
Portugal,2014.000,-2.000
United States,2014.000,0.000
United States,2014.000,0.000
United States,2014.000,-1.000
United States,2014.000,0.000
United States,2014.000,-1.000
United States,2014.000,-1.000
United States,2014.000,-1.000
United States,2014.000,-1.000
Germany,2014.000,-1.000
Germany,2014.000,-1.000
Germany,2014.000,-1.000
Germany,2014.000,-1.000
United States,2014.000,0.000
United States,2014.000,0.000
United States,2014.000,0.000
United States,2014.000,0.000
United States,2014.000,-1.000
France,2014.000,-2.000
France,2014.000,0.000
France,2014.000,-1.000
France,2014.000,-3.000
United States,2014.000,-1.000
United States,2014.000,-1.000
United States,2014.000,-1.000
United States,2014.000,-2.000
United States,2014.000,-1.000
Venezuela,2014.000,-1.000
Venezuela,2014.000,0.000
Venezuela,2014.000,-1.000
Venezuela,2014.000,0.000
Venezuela,2014.000,-2.000
Venezuela,2014.000,0.000
Venezuela,2014.000,-1.000
Spain,2014.000,-1.000
Spain,2014.000,0.000
Spain,2014.000,0.000
Spain,2014.000,0.000
Spain,2014.000,0.000
Spain,2014.000,-1.000
Spain,2014.000,-2.000
Spain,2014.000,-2.000
Spain,2014.000,-1.000
Sweden,2014.000,-2.000
Sweden,2014.000,-1.000
Sweden,2014.000,0.000
Sweden,2014.000,-1.000
Hungary,2014.000,-1.000
Hungary,2014.000,-2.000
Hungary,2014.000,-1.000
Hungary,2014.000,-2.000
Hungary,2014.000,0.000
Hungary,2014.000,0.000
Hungary,2014.000,0.000
Chile,2014.000,-2.000
Chile,2014.000,0.000
Chile,2014.000,-1.000
Chile,2014.000,-1.000
Chile,2014.000,-1.000
Chile,2014.000,-1.000
Chile,2014.000,0.000
Chile,2014.000,0.000
Spain,2014.000,0.000
Spain,2014.000,-3.000
Spain,2014.000,0.000
Spain,2014.000,0.000
Malaysia,2014.000,0.000
Malaysia,2014.000,0.000
Malaysia,2014.000,0.000
Malaysia,2014.000,0.000
Malaysia,2014.000,0.000
Malaysia,2014.000,0.000
Malaysia,2014.000,0.000
Malaysia,2014.000,-1.000
Malaysia,2014.000,-2.000
Malaysia,2014.000,-1.000
France,2014.000,-3.000
France,2014.000,0.000
France,2014.000,-1.000
France,2014.000,-2.000
France,2014.000,-3.000
Thailand,2014.000,-1.000
Thailand,2014.000,0.000
Thailand,2014.000,0.000
Thailand,2014.000,-1.000
Thailand,2014.000,0.000
Philippines,2014.000,-3.000
Philippines,2014.000,-1.000
Philippines,2014.000,-2.000
Philippines,2014.000,-1.000
Philippines,2014.000,-2.000
Philippines,2014.000,-1.000
Philippines,2014.000,-1.000
Philippines,2014.000,-1.000
Philippines,2014.000,-2.000
Mexico,2014.000,-1.000
Mexico,2014.000,-1.000
Mexico,2014.000,-2.000
Mexico,2014.000,-1.000
Mexico,2014.000,-1.000
Mexico,2014.000,0.000
Turkey,2014.000,-1.000
Turkey,2014.000,-1.000
Turkey,2014.000,-1.000
Turkey,2014.000,-1.000
Turkey,2014.000,-2.000
Turkey,2014.000,0.000
China,2014.000,0.000
China,2014.000,0.000
China,2014.000,-1.000
China,2014.000,0.000
China,2014.000,0.000
Portugal,2014.000,-1.000
Portugal,2014.000,-1.000
Portugal,2014.000,-2.000
Portugal,2014.000,-1.000
Portugal,2014.000,-1.000
Portugal,2014.000,-1.000
Italy,2014.000,-1.000
Italy,2014.000,0.000
Italy,2014.000,-2.000
Italy,2014.000,-3.000
Italy,2014.000,-2.000
Italy,2014.000,-1.000
United States,2014.000,-2.000
United States,2014.000,-1.000
United States,2014.000,0.000
United States,2014.000,-1.000
United States,2014.000,-1.000
United Kingdom,2014.000,-2.000
United Kingdom,2014.000,0.000
United Kingdom,2014.000,-1.000
United Kingdom,2014.000,-1.000
United Kingdom,2014.000,-2.000
Greece,2014.000,-1.000
Greece,2014.000,-1.000
Greece,2014.000,0.000
Greece,2014.000,-1.000
Greece,2014.000,0.000
Greece,2014.000,-1.000
Greece,2014.000,0.000
Greece,2014.000,-1.000
Greece,2014.000,0.000
Spain,2014.000,0.000
Spain,2014.000,-1.000
Spain,2014.000,-1.000
Spain,2014.000,-1.000
Spain,2014.000,-2.000
Thailand,2014.000,-1.000
Thailand,2014.000,-2.000
Thailand,2014.000,0.000
Thailand,2014.000,0.000
Thailand,2014.000,0.000
Thailand,2014.000,0.000
Thailand,2014.000,0.000
France,2014.000,0.000
France,2014.000,0.000
France,2014.000,-1.000
France,2014.000,-2.000
France,2014.000,0.000
France,2014.000,-1.000
France,2014.000,-1.000
France,2014.000,-3.000
France,2014.000,0.000
"Korea, South",2014.000,-1.000
"Korea, South",2014.000,-1.000
"Korea, South",2014.000,0.000
"Korea, South",2014.000,0.000
"Korea, South",2014.000,-1.000
"Korea, South",2014.000,0.000
"Korea, South",2014.000,-1.000
"Korea, South",2014.000,0.000
"Korea, South",2014.000,0.000
"Korea, South",2014.000,0.000
"Korea, South",2014.000,-1.000
United Kingdom,2014.000,-2.000
United Kingdom,2014.000,-3.000
United Kingdom,2014.000,-2.000
United Kingdom,2014.000,-1.000
"Korea, South",2014.000,-1.000
"Korea, South",2014.000,-1.000
"Korea, South",2014.000,0.000
"Korea, South",2014.000,0.000
South Africa,2014.000,-3.000
South Africa,2014.000,-2.000
South Africa,2014.000,-2.000
South Africa,2014.000,-1.000
Germany,2014.000,0.000
Germany,2014.000,0.000
Germany,2014.000,0.000
Germany,2014.000,-1.000
Germany,2014.000,-1.000
Greece,2014.000,0.000
Greece,2014.000,0.000
Greece,2014.000,0.000
Greece,2014.000,-1.000
Greece,2014.000,-1.000
Greece,2014.000,-1.000
Greece,2014.000,-1.000
Australia,2014.000,0.000
Australia,2014.000,-2.000
Australia,2014.000,-1.000
Australia,2014.000,-1.000
Australia,2014.000,-1.000
Belgium,2014.000,-2.000
Belgium,2014.000,-1.000
Belgium,2014.000,-2.000
Belgium,2014.000,-1.000
Belgium,2014.000,-1.000
Belgium,2014.000,-1.000
Belgium,2014.000,-2.000
Hungary,2014.000,-2.000
Hungary,2014.000,0.000
Hungary,2014.000,-2.000
Hungary,2014.000,-2.000
Hungary,2014.000,-1.000
Hungary,2014.000,-1.000
Hungary,2014.000,-2.000
Venezuela,2014.000,0.000
Venezuela,2014.000,-1.000
Venezuela,2014.000,-1.000
Venezuela,2014.000,-1.000
Venezuela,2014.000,0.000
Venezuela,2014.000,0.000
Venezuela,2014.000,0.000
Venezuela,2014.000,-1.000
Venezuela,2014.000,-1.000
Venezuela,2014.000,-1.000
Venezuela,2014.000,-1.000
Germany,2014.000,0.000
Germany,2014.000,0.000
Germany,2014.000,-1.000
Germany,2014.000,0.000
Germany,2014.000,-1.000
Germany,2014.000,-2.000
Poland,2014.000,-1.000
Poland,2014.000,0.000
Poland,2014.000,0.000
Poland,2014.000,-2.000
Poland,2014.000,-1.000
Poland,2014.000,-3.000
Poland,2014.000,-2.000
Poland,2014.000,-1.000
Poland,2014.000,-1.000
South Africa,2014.000,-1.000
South Africa,2014.000,-1.000
South Africa,2014.000,0.000
South Africa,2014.000,-1.000
South Africa,2014.000,-1.000
South Africa,2014.000,-1.000
South Africa,2014.000,-1.000
South Africa,2014.000,-1.000
Argentina,2014.000,-1.000
Argentina,2014.000,0.000
Argentina,2014.000,0.000
Argentina,2014.000,0.000
Argentina,2014.000,0.000
Argentina,2014.000,-1.000
Argentina,2014.000,0.000
United States,2014.000,-1.000
United States,2014.000,-1.000
United States,2014.000,0.000
United States,2014.000,0.000
United States,2014.000,-1.000
Argentina,2014.000,-1.000
Argentina,2014.000,-1.000
Argentina,2014.000,-3.000
Argentina,2014.000,-2.000
Argentina,2014.000,0.000
Argentina,2014.000,-1.000
Argentina,2014.000,0.000
Australia,2014.000,-1.000
Australia,2014.000,0.000
Australia,2014.000,-1.000
Denmark,2014.000,-2.000
Denmark,2014.000,-2.000
Denmark,2014.000,-1.000
Denmark,2014.000,-1.000
Denmark,2014.000,0.000
United States,2014.000,-1.000
United States,2014.000,0.000
United States,2014.000,0.000
United States,2014.000,0.000
Philippines,2014.000,-1.000
Philippines,2014.000,-1.000
Philippines,2014.000,0.000
Philippines,2014.000,-1.000
Israel,2014.000,-1.000
Israel,2014.000,0.000
Israel,2014.000,-2.000
Israel,2014.000,-1.000
Israel,2014.000,0.000
Israel,2014.000,-1.000
Israel,2014.000,0.000
Israel,2014.000,0.000
Israel,2014.000,0.000
Italy,2014.000,-1.000
Italy,2014.000,-2.000
Italy,2014.000,-2.000
Italy,2014.000,-1.000
Czech Republic,2014.000,-2.000
Czech Republic,2014.000,-1.000
Czech Republic,2014.000,0.000
Czech Republic,2014.000,-1.000
Czech Republic,2014.000,-1.000
Czech Republic,2014.000,-1.000
Czech Republic,2014.000,0.000
Czech Republic,2014.000,0.000
Italy,2014.000,-2.000
Italy,2014.000,-1.000
Italy,2014.000,-1.000
Italy,2014.000,-1.000
Italy,2014.000,0.000
Spain,2014.000,-2.000
Spain,2014.000,-1.000
Spain,2014.000,-1.000
Spain,2014.000,-2.000
France,2014.000,-1.000
France,2014.000,-1.000
France,2014.000,0.000
France,2014.000,-1.000
France,2014.000,0.000
Taiwan,2014.000,0.000
Taiwan,2014.000,-1.000
Taiwan,2014.000,-2.000
Taiwan,2014.000,-1.000
Taiwan,2014.000,0.000
Taiwan,2014.000,-1.000
Czech Republic,2014.000,-1.000
Czech Republic,2014.000,-2.000
Czech Republic,2014.000,-1.000
Czech Republic,2014.000,-2.000
Czech Republic,2014.000,-1.000
Czech Republic,2014.000,-2.000
Czech Republic,2014.000,-2.000
Czech Republic,2014.000,-3.000
Italy,2014.000,-1.000
Italy,2014.000,0.000
Italy,2014.000,-1.000
Italy,2014.000,0.000
Italy,2014.000,-1.000
Italy,2014.000,-2.000
China,2014.000,-3.000
China,2014.000,-1.000
China,2014.000,-1.000
China,2014.000,-2.000
China,2014.000,-3.000
China,2014.000,-1.000
China,2014.000,-2.000
Argentina,2014.000,-1.000
Argentina,2014.000,-2.000
Argentina,2014.000,-1.000
Argentina,2014.000,-1.000
Argentina,2014.000,-1.000
Argentina,2014.000,-2.000
Argentina,2014.000,0.000
Argentina,2014.000,-1.000
Argentina,2014.000,-2.000
Germany,2014.000,-1.000
Germany,2014.000,0.000
Germany,2014.000,-1.000
Germany,2014.000,0.000
Germany,2014.000,-2.000
United Kingdom,2014.000,-1.000
United Kingdom,2014.000,-1.000
United Kingdom,2014.000,-3.000
United Kingdom,2014.000,0.000
South Africa,2014.000,0.000
Venezuela,2014.000,0.000
Venezuela,2014.000,-1.000
Venezuela,2014.000,0.000
Venezuela,2014.000,-1.000
Venezuela,2014.000,0.000
Venezuela,2014.000,-1.000
Venezuela,2014.000,0.000
United States,2014.000,0.000
United States,2014.000,-1.000
United States,2014.000,0.000
United States,2014.000,-1.000
United States,2014.000,0.000
United States,2014.000,-1.000
United States,2014.000,-2.000
United States,2014.000,-2.000
United States,2014.000,-1.000
United States,2014.000,-1.000
United States,2014.000,-1.000
United States,2014.000,0.000
Kuwait,2014.000,-2.000
Kuwait,2014.000,-1.000
Kuwait,2014.000,0.000
Kuwait,2014.000,0.000
Kuwait,2014.000,-1.000
Kuwait,2014.000,-1.000
Kuwait,2014.000,-2.000
Kuwait,2014.000,0.000
Greece,2014.000,-1.000
Greece,2014.000,0.000
Spain,2014.000,-1.000
Spain,2014.000,-1.000
Spain,2014.000,-1.000
Spain,2014.000,0.000
Spain,2014.000,-1.000
South Africa,2014.000,-1.000
South Africa,2014.000,0.000
South Africa,2014.000,-1.000
South Africa,2014.000,-1.000
South Africa,2014.000,0.000
United States,2014.000,0.000
United States,2014.000,-2.000
United States,2014.000,-2.000
United States,2014.000,-1.000
China,2014.000,-1.000
China,2014.000,-1.000
China,2014.000,-1.000
China,2014.000,-1.000
Kenya,2014.000,0.000
Kenya,2014.000,0.000
Kenya,2014.000,-1.000
Kenya,2014.000,-1.000
Kenya,2014.000,-1.000
United Kingdom,2014.000,-1.000
United Kingdom,2014.000,-1.000
United Kingdom,2014.000,0.000
United Kingdom,2014.000,-1.000
United Kingdom,2014.000,-2.000
United Kingdom,2014.000,-1.000
Colombia,2014.000,-3.000
Colombia,2014.000,0.000
Colombia,2014.000,-1.000
Kuwait,2014.000,-2.000
Kuwait,2014.000,0.000
Kuwait,2014.000,-1.000
Kuwait,2014.000,0.000
Kuwait,2014.000,-1.000
Germany,2014.000,-2.000
Germany,2014.000,-1.000
Germany,2014.000,-1.000
Germany,2014.000,-1.000
Germany,2014.000,-1.000
Israel,2014.000,-1.000
Israel,2014.000,-1.000
Israel,2014.000,0.000
Israel,2014.000,-1.000
Israel,2014.000,0.000
Israel,2014.000,-1.000
Israel,2014.000,-1.000
Australia,2014.000,-1.000
Australia,2014.000,0.000
Australia,2014.000,0.000
Australia,2014.000,-1.000
Australia,2014.000,0.000
China,2014.000,-1.000
China,2014.000,-2.000
China,2014.000,-2.000
China,2014.000,-2.000
China,2014.000,-2.000
China,2014.000,-2.000
China,2014.000,-2.000
China,2014.000,-2.000
Mexico,2014.000,0.000
Mexico,2014.000,0.000
Mexico,2014.000,0.000
Mexico,2014.000,-1.000
Mexico,2014.000,-1.000
Philippines,2014.000,0.000
Philippines,2014.000,-1.000
Philippines,2014.000,-1.000
Philippines,2014.000,-1.000
Mexico,2014.000,-2.000
Mexico,2014.000,-1.000
Mexico,2014.000,-2.000
Mexico,2014.000,-1.000
Mexico,2014.000,-2.000
Mexico,2014.000,-1.000
Romania,2014.000,-2.000
Romania,2014.000,-1.000
Romania,2014.000,-1.000
Romania,2014.000,-2.000
Romania,2014.000,-1.000
Germany,2014.000,0.000
Germany,2014.000,-2.000
Germany,2014.000,-1.000
Germany,2014.000,-1.000
Czech Republic,2014.000,-1.000
Czech Republic,2014.000,-1.000
Czech Republic,2014.000,-1.000
Czech Republic,2014.000,0.000
Czech Republic,2014.000,-1.000
Czech Republic,2014.000,-1.000
Czech Republic,2014.000,-2.000
Russia,2014.000,-1.000
Russia,2014.000,-1.000
Russia,2014.000,0.000
Russia,2014.000,-1.000
Russia,2014.000,-1.000
Russia,2014.000,-2.000
Russia,2014.000,-2.000
Turkey,2014.000,-2.000
Turkey,2014.000,-1.000
Turkey,2014.000,-1.000
Turkey,2014.000,-1.000
Turkey,2014.000,-2.000
Turkey,2014.000,-1.000
Turkey,2014.000,-1.000
Turkey,2014.000,-1.000
Turkey,2014.000,-1.000
Russia,2014.000,-1.000
Russia,2014.000,0.000
Russia,2014.000,-1.000
Russia,2014.000,-1.000
Russia,2014.000,0.000
Russia,2014.000,-1.000
Russia,2014.000,-1.000
Russia,2014.000,0.000
Russia,2014.000,-1.000
Russia,2014.000,0.000
Russia,2014.000,0.000
Russia,2014.000,-1.000
France,2014.000,-2.000
France,2014.000,-2.000
France,2014.000,-1.000
France,2014.000,-1.000
Mexico,2014.000,-1.000
Mexico,2014.000,-1.000
Mexico,2014.000,0.000
Mexico,2014.000,0.000
Mexico,2014.000,-1.000
Russia,2014.000,-1.000
Russia,2014.000,0.000
Russia,2014.000,-1.000
Nigeria,2014.000,-1.000
Nigeria,2014.000,0.000
Nigeria,2014.000,0.000
Nigeria,2014.000,-1.000
Nigeria,2014.000,-1.000
Nigeria,2014.000,-1.000
Nigeria,2014.000,0.000
Nigeria,2014.000,-1.000
Nigeria,2014.000,-1.000
Nigeria,2014.000,-1.000
Russia,2014.000,-1.000
Russia,2014.000,-1.000
Russia,2014.000,-2.000
Russia,2014.000,0.000
Taiwan,2014.000,-1.000
Taiwan,2014.000,-1.000
Russia,2014.000,-2.000
Russia,2014.000,-2.000
Russia,2014.000,-1.000
Russia,2014.000,0.000
Russia,2014.000,-2.000
Russia,2014.000,0.000
Russia,2014.000,-1.000
Russia,2014.000,-1.000
Russia,2014.000,-1.000
Taiwan,2014.000,-1.000
Taiwan,2014.000,-2.000
Taiwan,2014.000,-1.000
Taiwan,2014.000,-1.000
Taiwan,2014.000,-1.000
Taiwan,2014.000,-2.000
Russia,2014.000,-2.000
Russia,2014.000,-1.000
Russia,2014.000,0.000
Russia,2014.000,-2.000
Russia,2014.000,-2.000
Russia,2014.000,-2.000
Spain,2014.000,-1.000
Spain,2014.000,-1.000
Spain,2014.000,-1.000
Spain,2014.000,0.000
Italy,2014.000,0.000
Italy,2014.000,-2.000
Italy,2014.000,-1.000
Italy,2014.000,-2.000
Italy,2014.000,-2.000
Russia,2014.000,-1.000
Russia,2014.000,0.000
Russia,2014.000,0.000
Russia,2014.000,-1.000
Russia,2014.000,-2.000
Russia,2014.000,-2.000
Russia,2014.000,0.000
Russia,2014.000,0.000
Russia,2014.000,-1.000
Russia,2014.000,-2.000
Romania,2014.000,0.000
Austria,2014.000,-2.000
Austria,2014.000,-1.000
Austria,2014.000,-1.000
Austria,2014.000,-1.000
Austria,2014.000,-2.000
Austria,2014.000,-2.000
Austria,2014.000,-1.000
Brazil,2014.000,-2.000
Brazil,2014.000,-1.000
Brazil,2014.000,-1.000
Brazil,2014.000,-1.000
Brazil,2014.000,-1.000
Brazil,2014.000,-1.000
Brazil,2014.000,0.000
Brazil,2014.000,0.000
Brazil,2014.000,-1.000
Brazil,2014.000,-3.000
Brazil,2014.000,-1.000
Brazil,2014.000,-1.000
Belgium,2014.000,-2.000
Belgium,2014.000,-2.000
Belgium,2014.000,-1.000
Belgium,2014.000,-1.000
Belgium,2014.000,0.000
Belgium,2014.000,0.000
Belgium,2014.000,-2.000
Chile,2014.000,-1.000
Chile,2014.000,-1.000
Chile,2014.000,-1.000
Chile,2014.000,-1.000
Chile,2014.000,0.000
Chile,2014.000,0.000
United States,2014.000,-1.000
United States,2014.000,0.000
United States,2014.000,-1.000
United States,2014.000,-1.000
United States,2014.000,-1.000
Turkey,2014.000,0.000
Japan,2014.000,-2.000
Japan,2014.000,-1.000
Japan,2014.000,-1.000
Japan,2014.000,0.000
Japan,2014.000,0.000
China,2014.000,-1.000
China,2014.000,-2.000
China,2014.000,-1.000
China,2014.000,-2.000
Hungary,2014.000,-1.000
Hungary,2014.000,-1.000
Hungary,2014.000,0.000
Hungary,2014.000,-1.000
Hungary,2014.000,-1.000
Hungary,2014.000,0.000
Hungary,2014.000,0.000
Portugal,2014.000,-1.000
Portugal,2014.000,-1.000
Portugal,2014.000,-1.000
Portugal,2014.000,-1.000
Portugal,2014.000,-2.000
Portugal,2014.000,-1.000
Portugal,2014.000,-3.000
Israel,2014.000,-1.000
Israel,2014.000,0.000
Israel,2014.000,-2.000
Israel,2014.000,-1.000
Israel,2014.000,-3.000
Israel,2014.000,-2.000
Italy,2014.000,-1.000
Italy,2014.000,0.000
Italy,2014.000,-1.000
Italy,2014.000,-1.000
Italy,2014.000,0.000
Italy,2014.000,0.000
Italy,2014.000,-1.000
Italy,2014.000,-2.000
Italy,2014.000,0.000
Italy,2014.000,0.000
Mexico,2014.000,-1.000
Mexico,2014.000,-1.000
Mexico,2014.000,0.000
China,2014.000,-1.000
China,2014.000,0.000
China,2014.000,-1.000
China,2014.000,-1.000
China,2014.000,-2.000
Poland,2014.000,0.000
Poland,2014.000,-1.000
Poland,2014.000,-1.000
Poland,2014.000,-1.000
Poland,2014.000,-1.000
Poland,2014.000,-1.000
Poland,2014.000,-1.000
Poland,2014.000,-2.000
Belgium,2014.000,-2.000
Belgium,2014.000,0.000
Belgium,2014.000,-1.000
Belgium,2014.000,-1.000
Belgium,2014.000,-1.000
Belgium,2014.000,0.000
Germany,2014.000,-1.000
Germany,2014.000,-2.000
Germany,2014.000,-1.000
Germany,2014.000,-1.000
Nigeria,2014.000,-1.000
Nigeria,2014.000,-1.000
Nigeria,2014.000,0.000
Nigeria,2014.000,0.000
Nigeria,2014.000,-1.000
Nigeria,2014.000,-1.000
Nigeria,2014.000,0.000
Nigeria,2014.000,0.000
Kuwait,2014.000,-1.000
Kuwait,2014.000,-1.000
Kuwait,2014.000,-1.000
Kuwait,2014.000,-1.000
Kuwait,2014.000,-1.000
Belgium,2014.000,-2.000
Belgium,2014.000,-1.000
Belgium,2014.000,0.000
Belgium,2014.000,0.000
Belgium,2014.000,0.000
Belgium,2014.000,-1.000
Colombia,2014.000,0.000
Colombia,2014.000,-1.000
Colombia,2014.000,-1.000
Colombia,2014.000,-2.000
Colombia,2014.000,-1.000
Colombia,2014.000,0.000
Colombia,2014.000,0.000
Colombia,2014.000,-1.000
Colombia,2014.000,-1.000
United States,2014.000,-2.000
United States,2014.000,-1.000
United States,2014.000,-2.000
United States,2014.000,-1.000
United States,2014.000,-1.000
Turkey,2014.000,-1.000
Turkey,2014.000,-1.000
Turkey,2014.000,-2.000
Turkey,2014.000,-2.000
Turkey,2014.000,-2.000
Turkey,2014.000,-2.000
Turkey,2014.000,-1.000
Turkey,2014.000,-1.000
Turkey,2014.000,-1.000
Turkey,2014.000,-2.000
Chile,2014.000,0.000
Chile,2014.000,-1.000
Chile,2014.000,-1.000
Chile,2014.000,-2.000
Chile,2014.000,-2.000
Chile,2014.000,0.000
Austria,2014.000,-1.000
Austria,2014.000,-1.000
Austria,2014.000,-1.000
Austria,2014.000,-1.000
Austria,2014.000,-1.000
Austria,2014.000,0.000
Austria,2014.000,-1.000
Austria,2014.000,-2.000
Austria,2014.000,-1.000
Kenya,2014.000,-1.000
United States,2014.000,-1.000
United States,2014.000,-1.000
United States,2014.000,-2.000
United States,2014.000,-1.000
Denmark,2014.000,-2.000
Denmark,2014.000,-2.000
Denmark,2014.000,-2.000
Denmark,2014.000,-2.000
Denmark,2014.000,-1.000
Denmark,2014.000,0.000
Denmark,2014.000,-2.000
Denmark,2014.000,-1.000
Mexico,2014.000,-2.000
Mexico,2014.000,0.000
Mexico,2014.000,-1.000
Mexico,2014.000,-1.000
Mexico,2014.000,-1.000
France,2014.000,0.000
France,2014.000,-2.000
France,2014.000,-1.000
France,2014.000,-1.000
France,2014.000,-1.000
France,2014.000,0.000
France,2014.000,-1.000
France,2014.000,-1.000
Austria,2014.000,-1.000
Austria,2014.000,-1.000
Austria,2014.000,-1.000
Austria,2014.000,0.000
Austria,2014.000,-2.000
Austria,2014.000,-1.000
Austria,2014.000,-2.000
Austria,2014.000,-1.000
Hong Kong,2014.000,0.000
Hong Kong,2014.000,-2.000
Hong Kong,2014.000,-2.000
Hong Kong,2014.000,0.000
United States,2014.000,-1.000
United States,2014.000,0.000
United States,2014.000,0.000
United States,2014.000,-2.000
Mexico,2014.000,-1.000
Mexico,2014.000,0.000
Mexico,2014.000,0.000
Mexico,2014.000,-1.000
Mexico,2014.000,-2.000
Denmark,2014.000,-2.000
Denmark,2014.000,-2.000
Denmark,2014.000,-1.000
Denmark,2014.000,-1.000
Denmark,2014.000,-1.000
Denmark,2014.000,-2.000
United States,2014.000,-1.000
United States,2014.000,0.000
United States,2014.000,-1.000
United States,2014.000,-1.000
United States,2014.000,-2.000
Australia,2014.000,-2.000
Australia,2014.000,-2.000
Australia,2014.000,0.000
United States,2014.000,0.000
United States,2014.000,0.000
United States,2014.000,-1.000
United States,2014.000,-2.000
United States,2014.000,-2.000
United States,2014.000,-3.000
United States,2014.000,-2.000
United States,2014.000,-1.000
United States,2014.000,-1.000
United States,2014.000,-2.000
United States,2014.000,-1.000
United States,2014.000,-2.000
Poland,2014.000,-1.000
Poland,2014.000,0.000
Poland,2014.000,0.000
Poland,2014.000,0.000
Thailand,2014.000,-1.000
Thailand,2014.000,-1.000
Thailand,2014.000,-1.000
Thailand,2014.000,-1.000
Thailand,2014.000,-2.000
Thailand,2014.000,-1.000
Thailand,2014.000,-2.000
France,2014.000,-2.000
United States,2014.000,-1.000
United States,2014.000,-1.000
United States,2014.000,-1.000
United States,2014.000,-2.000
United States,2014.000,-1.000
Portugal,2014.000,-1.000
Portugal,2014.000,-1.000
Portugal,2014.000,-1.000
Portugal,2014.000,-1.000
Portugal,2014.000,-1.000
Portugal,2014.000,-1.000
Portugal,2014.000,-2.000
United States,2014.000,-1.000
United States,2014.000,0.000
United States,2014.000,0.000
United States,2014.000,-1.000
United States,2014.000,0.000
China,2014.000,-2.000
China,2014.000,-2.000
China,2014.000,0.000
China,2014.000,-1.000
China,2014.000,-1.000
China,2014.000,-1.000
China,2014.000,-1.000
United States,2014.000,-2.000
United States,2014.000,-2.000
United States,2014.000,-1.000
United States,2014.000,-1.000
United States,2014.000,-1.000
Japan,2014.000,-1.000
Japan,2014.000,-1.000
Japan,2014.000,0.000
Japan,2014.000,-3.000
Japan,2014.000,-1.000
Greece,2014.000,-2.000
Greece,2014.000,-1.000
Greece,2014.000,-2.000
Greece,2014.000,-1.000
Australia,2014.000,-1.000
United States,2014.000,-1.000
United States,2014.000,-2.000
United States,2014.000,-1.000
Israel,2014.000,-2.000
Israel,2014.000,0.000
Israel,2014.000,-1.000
Israel,2014.000,-3.000
Israel,2014.000,-1.000
Israel,2014.000,-1.000
Malaysia,2014.000,-2.000
Malaysia,2014.000,-1.000
Malaysia,2014.000,-1.000
Kuwait,2016.000,-1.000
Kuwait,2016.000,-1.000
Kuwait,2016.000,0.000
Kuwait,2016.000,-1.000
Kuwait,2016.000,-1.000
Kuwait,2016.000,0.000
Kuwait,2016.000,-2.000
Kuwait,2016.000,-1.000
Kuwait,2016.000,0.000
Russia,2016.000,-1.000
Russia,2016.000,-1.000
Russia,2016.000,-1.000
Russia,2016.000,-1.000
Russia,2016.000,-1.000
Argentina,2016.000,-1.000
Argentina,2016.000,-1.000
Argentina,2016.000,-1.000
Argentina,2016.000,-1.000
Argentina,2016.000,-1.000
Argentina,2016.000,-1.000
Argentina,2016.000,0.000
Greece,2016.000,-2.000
Greece,2016.000,-1.000
Greece,2016.000,-1.000
Greece,2016.000,0.000
Greece,2016.000,-1.000
Greece,2016.000,-2.000
Greece,2016.000,-2.000
Greece,2016.000,-3.000
Greece,2016.000,-2.000
Mexico,2016.000,-1.000
Mexico,2016.000,-1.000
Mexico,2016.000,-1.000
Mexico,2016.000,-1.000
China,2016.000,-2.000
China,2016.000,0.000
China,2016.000,-1.000
China,2016.000,-2.000
China,2016.000,-1.000
China,2016.000,-1.000
China,2016.000,-2.000
China,2016.000,-2.000
China,2016.000,0.000
China,2016.000,-1.000
China,2016.000,-1.000
China,2016.000,-2.000
China,2016.000,-3.000
Kuwait,2016.000,-2.000
Kuwait,2016.000,-1.000
Kuwait,2016.000,-1.000
Kuwait,2016.000,0.000
Kuwait,2016.000,0.000
Kuwait,2016.000,0.000
Kuwait,2016.000,0.000
Kuwait,2016.000,-1.000
Kuwait,2016.000,-1.000
Mexico,2016.000,0.000
Mexico,2016.000,0.000
Mexico,2016.000,-2.000
Mexico,2016.000,-2.000
Mexico,2016.000,-1.000
Mexico,2016.000,-1.000
Mexico,2016.000,0.000
Mexico,2016.000,-2.000
Mexico,2016.000,0.000
Mexico,2016.000,-2.000
Argentina,2016.000,-2.000
Argentina,2016.000,-2.000
Argentina,2016.000,-1.000
Argentina,2016.000,-1.000
Argentina,2016.000,-2.000
Argentina,2016.000,-1.000
Argentina,2016.000,-1.000
Argentina,2016.000,-1.000
Argentina,2016.000,0.000
Argentina,2016.000,0.000
Argentina,2016.000,-1.000
Argentina,2016.000,-1.000
Argentina,2016.000,0.000
Argentina,2016.000,-2.000
Argentina,2016.000,-1.000
Argentina,2016.000,-2.000
Argentina,2016.000,-2.000
Mexico,2016.000,-1.000
Mexico,2016.000,-1.000
Mexico,2016.000,-2.000
Mexico,2016.000,-1.000
Mexico,2016.000,-1.000
Mexico,2016.000,-1.000
Mexico,2016.000,-2.000
Mexico,2016.000,-1.000
Mexico,2016.000,-1.000
Mexico,2016.000,-1.000
Mexico,2016.000,0.000
Mexico,2016.000,-1.000
Mexico,2016.000,-2.000
Mexico,2016.000,-1.000
Russia,2016.000,-1.000
Russia,2016.000,-1.000
Russia,2016.000,-1.000
Russia,2016.000,-1.000
Russia,2016.000,-1.000
Russia,2016.000,-1.000
Russia,2016.000,-1.000
Russia,2016.000,-1.000
Russia,2016.000,-2.000
Russia,2016.000,-2.000
Russia,2016.000,-1.000
Russia,2016.000,-2.000
Russia,2016.000,-1.000
Russia,2016.000,-1.000
Russia,2016.000,-1.000
Russia,2016.000,-1.000
Russia,2016.000,-1.000
Russia,2016.000,-1.000
Russia,2016.000,-2.000
Russia,2016.000,-1.000
Russia,2016.000,-2.000
Russia,2016.000,0.000
Russia,2016.000,-1.000
Russia,2016.000,0.000
China,2016.000,-1.000
China,2016.000,-1.000
China,2016.000,-1.000
China,2016.000,-2.000
China,2016.000,-1.000
Kuwait,2016.000,-1.000
Kuwait,2016.000,-1.000
Kuwait,2016.000,0.000
Kuwait,2016.000,-1.000
Kuwait,2016.000,0.000
Kuwait,2016.000,0.000
Kuwait,2016.000,0.000
China,2016.000,-1.000
China,2016.000,0.000
China,2016.000,-1.000
China,2016.000,-2.000
China,2016.000,-2.000
Russia,2016.000,-2.000
Russia,2016.000,-2.000
Russia,2016.000,-2.000
Russia,2016.000,-1.000
Russia,2016.000,-2.000
Russia,2016.000,-2.000
Russia,2016.000,-2.000
Colombia,2016.000,-1.000
Colombia,2016.000,0.000
Colombia,2016.000,-2.000
Colombia,2016.000,-1.000
Colombia,2016.000,0.000
Mexico,2016.000,-2.000
Mexico,2016.000,-1.000
Mexico,2016.000,-2.000
Mexico,2016.000,-2.000
Mexico,2016.000,-2.000
Mexico,2016.000,0.000
Mexico,2016.000,-1.000
Mexico,2016.000,0.000
Mexico,2016.000,-1.000
Mexico,2016.000,-1.000
Mexico,2016.000,-1.000
Mexico,2016.000,0.000
Mexico,2016.000,-1.000
Australia,2016.000,-1.000
Australia,2016.000,0.000
Australia,2016.000,0.000
Australia,2016.000,-1.000
Australia,2016.000,-1.000
Australia,2016.000,0.000
Australia,2016.000,0.000
Portugal,2016.000,-2.000
Portugal,2016.000,-1.000
Portugal,2016.000,-1.000
Portugal,2016.000,0.000
Portugal,2016.000,-1.000
Portugal,2016.000,-2.000
Portugal,2016.000,-1.000
Portugal,2016.000,0.000
Portugal,2016.000,-1.000
Israel,2016.000,-1.000
Israel,2016.000,-1.000
Israel,2016.000,-1.000
Israel,2016.000,-1.000
Israel,2016.000,-1.000
Israel,2016.000,0.000
Israel,2016.000,-1.000
Israel,2016.000,-1.000
Italy,2016.000,0.000
Italy,2016.000,-2.000
Italy,2016.000,-3.000
Italy,2016.000,0.000
Italy,2016.000,-2.000
Italy,2016.000,-1.000
Italy,2016.000,-2.000
United States,2016.000,0.000
United States,2016.000,-3.000
United States,2016.000,-2.000
United States,2016.000,0.000
United States,2016.000,-1.000
Spain,2016.000,-1.000
Spain,2016.000,-1.000
Spain,2016.000,-1.000
Spain,2016.000,-4.000
Spain,2016.000,-1.000
Spain,2016.000,-2.000
Spain,2016.000,-1.000
Spain,2016.000,-2.000
Spain,2016.000,-1.000
Spain,2016.000,-1.000
Spain,2016.000,-1.000
Spain,2016.000,-1.000
Spain,2016.000,-1.000
Spain,2016.000,-3.000
Belgium,2016.000,-2.000
Belgium,2016.000,-1.000
Belgium,2016.000,-2.000
Belgium,2016.000,-1.000
Belgium,2016.000,-2.000
Belgium,2016.000,-1.000
Belgium,2016.000,0.000
Italy,2016.000,-1.000
Italy,2016.000,-1.000
Italy,2016.000,-2.000
Italy,2016.000,-1.000
Italy,2016.000,-1.000
Italy,2016.000,-1.000
Hungary,2016.000,-2.000
Hungary,2016.000,-1.000
Hungary,2016.000,-1.000
Hungary,2016.000,-1.000
Hungary,2016.000,-1.000
Hungary,2016.000,-2.000
Hungary,2016.000,-1.000
Hungary,2016.000,-1.000
Hungary,2016.000,-2.000
Hungary,2016.000,0.000
Italy,2016.000,0.000
Italy,2016.000,-1.000
Italy,2016.000,-1.000
Italy,2016.000,-1.000
Italy,2016.000,-3.000
Israel,2016.000,-1.000
Israel,2016.000,-1.000
Israel,2016.000,-1.000
Israel,2016.000,-1.000
Israel,2016.000,0.000
Israel,2016.000,-1.000
Israel,2016.000,-1.000
Israel,2016.000,-1.000
Israel,2016.000,0.000
Israel,2016.000,-1.000
Israel,2016.000,0.000
Spain,2016.000,-1.000
Spain,2016.000,-1.000
Spain,2016.000,-2.000
Spain,2016.000,-1.000
Spain,2016.000,0.000
South Africa,2016.000,-2.000
South Africa,2016.000,-2.000
South Africa,2016.000,-2.000
South Africa,2016.000,-1.000
South Africa,2016.000,0.000
South Africa,2016.000,0.000
"Korea, South",2016.000,0.000
"Korea, South",2016.000,0.000
"Korea, South",2016.000,-1.000
United States,2016.000,-1.000
United States,2016.000,-1.000
United States,2016.000,-2.000
United States,2016.000,0.000
United States,2016.000,-1.000
United States,2016.000,-2.000
United States,2016.000,0.000
United States,2016.000,-2.000
United States,2016.000,-1.000
United States,2016.000,0.000
United States,2016.000,-1.000
United States,2016.000,-1.000
United States,2016.000,-1.000
United States,2016.000,-1.000
United States,2016.000,-1.000
United States,2016.000,-1.000
United States,2016.000,-1.000
United States,2016.000,-2.000
United States,2016.000,-1.000
United States,2016.000,-1.000
United States,2016.000,-1.000
United States,2016.000,-1.000
United States,2016.000,-3.000
United States,2016.000,-1.000
United States,2016.000,-1.000
Germany,2016.000,0.000
Germany,2016.000,-1.000
Germany,2016.000,-2.000
Germany,2016.000,0.000
France,2016.000,-1.000
France,2016.000,-1.000
France,2016.000,-1.000
France,2016.000,-1.000
France,2016.000,-2.000
France,2016.000,-2.000
South Africa,2016.000,-1.000
South Africa,2016.000,-1.000
United States,2016.000,-1.000
United States,2016.000,-1.000
United States,2016.000,-1.000
United States,2016.000,-1.000
United States,2016.000,-1.000
United States,2016.000,-1.000
United States,2016.000,0.000
United States,2016.000,-1.000
South Africa,2016.000,-1.000
South Africa,2016.000,-1.000
South Africa,2016.000,-1.000
South Africa,2016.000,-1.000
South Africa,2016.000,-1.000
South Africa,2016.000,0.000
Thailand,2016.000,-1.000
Thailand,2016.000,-1.000
Thailand,2016.000,-2.000
Thailand,2016.000,-1.000
Thailand,2016.000,-1.000
Thailand,2016.000,-1.000
Thailand,2016.000,-3.000
Thailand,2016.000,-1.000
Spain,2016.000,-1.000
Spain,2016.000,-1.000
Spain,2016.000,-2.000
Spain,2016.000,-1.000
Spain,2016.000,-2.000
Chile,2016.000,-2.000
Chile,2016.000,-1.000
Chile,2016.000,-3.000
Chile,2016.000,-2.000
Chile,2016.000,0.000
Chile,2016.000,-1.000
Chile,2016.000,-1.000
Chile,2016.000,-2.000
Chile,2016.000,0.000
Chile,2016.000,0.000
Chile,2016.000,-3.000
Chile,2016.000,-1.000
Israel,2016.000,0.000
Israel,2016.000,-1.000
Israel,2016.000,-1.000
Israel,2016.000,0.000
Israel,2016.000,-1.000
Israel,2016.000,0.000
Israel,2016.000,-1.000
Israel,2016.000,-1.000
Israel,2016.000,-1.000
Israel,2016.000,0.000
Czech Republic,2016.000,-2.000
Czech Republic,2016.000,-2.000
Czech Republic,2016.000,-1.000
Czech Republic,2016.000,-2.000
Czech Republic,2016.000,-2.000
Czech Republic,2016.000,-1.000
Czech Republic,2016.000,-2.000
Czech Republic,2016.000,-2.000
Czech Republic,2016.000,-1.000
France,2016.000,-2.000
France,2016.000,-2.000
France,2016.000,-1.000
France,2016.000,-1.000
France,2016.000,-1.000
United States,2016.000,-1.000
United States,2016.000,-2.000
United States,2016.000,-1.000
United States,2016.000,-2.000
United States,2016.000,-2.000
Germany,2016.000,-2.000
Germany,2016.000,-2.000
Germany,2016.000,-1.000
Germany,2016.000,-3.000
Germany,2016.000,-2.000
Germany,2016.000,-1.000
Germany,2016.000,0.000
United Kingdom,2016.000,-3.000
United Kingdom,2016.000,-1.000
United Kingdom,2016.000,-1.000
United Kingdom,2016.000,-1.000
United Kingdom,2016.000,-2.000
United Kingdom,2016.000,-1.000
United Kingdom,2016.000,-2.000
United States,2016.000,-1.000
United States,2016.000,-1.000
United States,2016.000,0.000
United States,2016.000,-1.000
United States,2016.000,0.000
United States,2016.000,-1.000
United States,2016.000,-1.000
France,2016.000,0.000
France,2016.000,0.000
France,2016.000,0.000
France,2016.000,0.000
France,2016.000,0.000
Venezuela,2016.000,-1.000
Venezuela,2016.000,-2.000
Venezuela,2016.000,-2.000
Venezuela,2016.000,-1.000
Venezuela,2016.000,0.000
Venezuela,2016.000,-1.000
Venezuela,2016.000,-1.000
Venezuela,2016.000,-1.000
Venezuela,2016.000,-1.000
Venezuela,2016.000,0.000
Venezuela,2016.000,-1.000
Venezuela,2016.000,-1.000
Venezuela,2016.000,-2.000
Venezuela,2016.000,-2.000
Venezuela,2016.000,-2.000
Venezuela,2016.000,-1.000
Venezuela,2016.000,-3.000
Venezuela,2016.000,-1.000
United Kingdom,2016.000,-1.000
United Kingdom,2016.000,-1.000
United Kingdom,2016.000,-1.000
United Kingdom,2016.000,-1.000
United Kingdom,2016.000,-1.000
United Kingdom,2016.000,-1.000
United Kingdom,2016.000,-2.000
United Kingdom,2016.000,-2.000
United Kingdom,2016.000,-2.000
United Kingdom,2016.000,-2.000
United Kingdom,2016.000,-1.000
France,2016.000,-1.000
France,2016.000,-1.000
France,2016.000,-1.000
France,2016.000,-1.000
France,2016.000,0.000
France,2016.000,0.000
Germany,2016.000,0.000
Germany,2016.000,-1.000
Germany,2016.000,-1.000
Germany,2016.000,-1.000
Germany,2016.000,-1.000
Germany,2016.000,-1.000
Germany,2016.000,-1.000
Germany,2016.000,-1.000
Germany,2016.000,-1.000
Germany,2016.000,0.000
Denmark,2016.000,-1.000
Denmark,2016.000,-1.000
Denmark,2016.000,-2.000
Denmark,2016.000,-2.000
Denmark,2016.000,-1.000
Denmark,2016.000,-2.000
Denmark,2016.000,-1.000
Denmark,2016.000,0.000
Denmark,2016.000,-1.000
Chile,2016.000,-1.000
Chile,2016.000,0.000
Chile,2016.000,-1.000
Chile,2016.000,-1.000
Chile,2016.000,-1.000
Chile,2016.000,-2.000
Chile,2016.000,-1.000
Chile,2016.000,-1.000
Chile,2016.000,-1.000
Czech Republic,2016.000,-1.000
Czech Republic,2016.000,-1.000
Czech Republic,2016.000,-2.000
Czech Republic,2016.000,-1.000
Czech Republic,2016.000,0.000
Czech Republic,2016.000,-1.000
Czech Republic,2016.000,-1.000
Czech Republic,2016.000,-1.000
Czech Republic,2016.000,-1.000
Czech Republic,2016.000,-1.000
Greece,2016.000,-2.000
Greece,2016.000,-1.000
Greece,2016.000,-2.000
Greece,2016.000,-1.000
Greece,2016.000,0.000
Greece,2016.000,-1.000
Greece,2016.000,-2.000
Greece,2016.000,-2.000
Greece,2016.000,-1.000
Greece,2016.000,-3.000
Greece,2016.000,-2.000
United States,2016.000,-1.000
United States,2016.000,-1.000
United States,2016.000,-1.000
United States,2016.000,-1.000
United States,2016.000,-1.000
United States,2016.000,-1.000
Austria,2016.000,0.000
Austria,2016.000,-2.000
Austria,2016.000,-1.000
Austria,2016.000,-2.000
Austria,2016.000,-1.000
Austria,2016.000,-2.000
Austria,2016.000,-2.000
Austria,2016.000,-1.000
Austria,2016.000,-2.000
Austria,2016.000,-1.000
Italy,2016.000,-1.000
Italy,2016.000,-2.000
Italy,2016.000,-1.000
Italy,2016.000,-1.000
Italy,2016.000,-1.000
Italy,2016.000,-2.000
Italy,2016.000,-1.000
Turkey,2016.000,-1.000
Turkey,2016.000,-1.000
Turkey,2016.000,-2.000
Turkey,2016.000,-2.000
France,2016.000,-1.000
France,2016.000,-2.000
France,2016.000,-1.000
France,2016.000,-2.000
Greece,2016.000,-1.000
Greece,2016.000,-2.000
Greece,2016.000,-1.000
Greece,2016.000,-1.000
Greece,2016.000,-1.000
Greece,2016.000,-1.000
Greece,2016.000,0.000
Greece,2016.000,-1.000
Greece,2016.000,-3.000
Italy,2016.000,-1.000
Italy,2016.000,-2.000
United States,2016.000,-3.000
United States,2016.000,-1.000
United States,2016.000,-1.000
United States,2016.000,-3.000
Spain,2016.000,-1.000
Spain,2016.000,-1.000
Spain,2016.000,-1.000
Spain,2016.000,-1.000
Spain,2016.000,-1.000
Spain,2016.000,-1.000
Spain,2016.000,-1.000
Turkey,2016.000,0.000
Turkey,2016.000,0.000
Turkey,2016.000,0.000
Turkey,2016.000,0.000
Turkey,2016.000,0.000
Turkey,2016.000,0.000
Turkey,2016.000,0.000
Turkey,2016.000,0.000
Turkey,2016.000,0.000
Austria,2016.000,-1.000
Austria,2016.000,-2.000
Austria,2016.000,-4.000
Austria,2016.000,-2.000
Austria,2016.000,-1.000
Austria,2016.000,-3.000
Austria,2016.000,-2.000
Austria,2016.000,-2.000
Austria,2016.000,0.000
Austria,2016.000,-2.000
Japan,2016.000,-1.000
Japan,2016.000,-1.000
Japan,2016.000,-1.000
Japan,2016.000,0.000
Japan,2016.000,0.000
Poland,2016.000,-2.000
Poland,2016.000,-1.000
Poland,2016.000,0.000
Poland,2016.000,-2.000
Poland,2016.000,-1.000
Poland,2016.000,-1.000
Poland,2016.000,-1.000
Poland,2016.000,0.000
Poland,2016.000,-1.000
Romania,2016.000,-1.000
Romania,2016.000,-1.000
Romania,2016.000,-1.000
Taiwan,2016.000,0.000
Taiwan,2016.000,0.000
Taiwan,2016.000,0.000
Taiwan,2016.000,0.000
Taiwan,2016.000,0.000
Taiwan,2016.000,0.000
Taiwan,2016.000,0.000
China,2016.000,-2.000
China,2016.000,-1.000
China,2016.000,-2.000
China,2016.000,-2.000
China,2016.000,0.000
China,2016.000,-1.000
China,2016.000,-1.000
United States,2016.000,-1.000
United States,2016.000,-1.000
United States,2016.000,0.000
United States,2016.000,-1.000
United States,2016.000,-1.000
United States,2016.000,-1.000
United States,2016.000,-2.000
United States,2016.000,-1.000
United States,2016.000,0.000
United States,2016.000,-1.000
United States,2016.000,0.000
United States,2016.000,-1.000
United Kingdom,2016.000,0.000
United Kingdom,2016.000,-1.000
United Kingdom,2016.000,-1.000
United Kingdom,2016.000,-1.000
United Kingdom,2016.000,-2.000
United Kingdom,2016.000,-3.000
United Kingdom,2016.000,-2.000
United States,2016.000,0.000
United States,2016.000,-1.000
United States,2016.000,-1.000
United States,2016.000,-2.000
Australia,2016.000,-2.000
Australia,2016.000,-1.000
Australia,2016.000,-1.000
Australia,2016.000,-1.000
Australia,2016.000,-1.000
Australia,2016.000,-1.000
Australia,2016.000,-2.000
Spain,2016.000,-2.000
Spain,2016.000,-1.000
Spain,2016.000,-1.000
Spain,2016.000,-2.000
Spain,2016.000,-2.000
Spain,2016.000,-1.000
Philippines,2016.000,-1.000
Philippines,2016.000,-1.000
Philippines,2016.000,0.000
Philippines,2016.000,-1.000
Philippines,2016.000,-1.000
Philippines,2016.000,-1.000
Philippines,2016.000,0.000
Philippines,2016.000,-1.000
Philippines,2016.000,-1.000
Australia,2016.000,0.000
Australia,2016.000,-3.000
Australia,2016.000,-2.000
Australia,2016.000,-2.000
Australia,2016.000,-2.000
Australia,2016.000,-2.000
Australia,2016.000,-1.000
Taiwan,2016.000,-1.000
Taiwan,2016.000,-1.000
Taiwan,2016.000,-3.000
Taiwan,2016.000,0.000
Taiwan,2016.000,-1.000
Taiwan,2016.000,-1.000
Taiwan,2016.000,-2.000
Taiwan,2016.000,-2.000
Taiwan,2016.000,-2.000
Germany,2016.000,0.000
Germany,2016.000,-2.000
Germany,2016.000,0.000
Germany,2016.000,-1.000
Germany,2016.000,-1.000
Germany,2016.000,-1.000
Belgium,2016.000,-1.000
Belgium,2016.000,0.000
Belgium,2016.000,-2.000
Belgium,2016.000,-2.000
Belgium,2016.000,-2.000
Belgium,2016.000,0.000
Belgium,2016.000,0.000
Belgium,2016.000,-1.000
Belgium,2016.000,-1.000
Belgium,2016.000,-1.000
Germany,2016.000,-2.000
Germany,2016.000,-1.000
Germany,2016.000,-1.000
Germany,2016.000,-2.000
Germany,2016.000,-2.000
Germany,2016.000,-2.000
Germany,2016.000,-2.000
Chile,2016.000,-2.000
Chile,2016.000,-2.000
Chile,2016.000,-1.000
Chile,2016.000,-2.000
Chile,2016.000,-1.000
Chile,2016.000,-2.000
Chile,2016.000,-1.000
Chile,2016.000,-1.000
Chile,2016.000,-1.000
Chile,2016.000,-2.000
Chile,2016.000,-2.000
Chile,2016.000,-1.000
Colombia,2016.000,-1.000
Colombia,2016.000,0.000
Colombia,2016.000,0.000
Colombia,2016.000,0.000
Colombia,2016.000,0.000
Colombia,2016.000,-2.000
Colombia,2016.000,-1.000
"Korea, South",2016.000,0.000
"Korea, South",2016.000,-2.000
"Korea, South",2016.000,-1.000
"Korea, South",2016.000,-2.000
"Korea, South",2016.000,-1.000
"Korea, South",2016.000,0.000
"Korea, South",2016.000,-1.000
United States,2016.000,-2.000
United States,2016.000,0.000
United States,2016.000,-1.000
United States,2016.000,-2.000
United States,2016.000,0.000
United States,2016.000,-3.000
United States,2016.000,-1.000
United States,2016.000,-2.000
United States,2016.000,-2.000
Japan,2016.000,-2.000
Japan,2016.000,-2.000
Japan,2016.000,-1.000
Japan,2016.000,-1.000
Japan,2016.000,-1.000
Japan,2016.000,-1.000
Japan,2016.000,-1.000
Japan,2016.000,-2.000
Australia,2016.000,0.000
Australia,2016.000,-2.000
Australia,2016.000,0.000
Australia,2016.000,-1.000
Australia,2016.000,-1.000
Australia,2016.000,-1.000
Australia,2016.000,-2.000
United Kingdom,2016.000,-1.000
United Kingdom,2016.000,-1.000
United Kingdom,2016.000,-1.000
United Kingdom,2016.000,-1.000
United Kingdom,2016.000,-3.000
France,2016.000,-1.000
France,2016.000,-1.000
France,2016.000,-2.000
France,2016.000,0.000
France,2016.000,-2.000
France,2016.000,-1.000
France,2016.000,-1.000
Portugal,2016.000,-1.000
Portugal,2016.000,-1.000
Portugal,2016.000,-1.000
Portugal,2016.000,0.000
Portugal,2016.000,-1.000
Portugal,2016.000,-1.000
Portugal,2016.000,-1.000
Portugal,2016.000,-1.000
Brazil,2016.000,-1.000
Brazil,2016.000,-2.000
Brazil,2016.000,-1.000
Brazil,2016.000,-1.000
Brazil,2016.000,-1.000
Brazil,2016.000,-1.000
Brazil,2016.000,-1.000
Brazil,2016.000,-1.000
Brazil,2016.000,-1.000
Brazil,2016.000,-2.000
Brazil,2016.000,-1.000
Brazil,2016.000,-1.000
Brazil,2016.000,-1.000
Brazil,2016.000,-1.000
Brazil,2016.000,-2.000
Brazil,2016.000,-1.000
Brazil,2016.000,-1.000
Brazil,2016.000,-1.000
Brazil,2016.000,-2.000
Brazil,2016.000,-1.000
Brazil,2016.000,-2.000
Brazil,2016.000,0.000
Brazil,2016.000,-1.000
Brazil,2016.000,0.000
Brazil,2016.000,-1.000
Brazil,2016.000,0.000
Brazil,2016.000,0.000
Portugal,2016.000,-2.000
Portugal,2016.000,-1.000
Portugal,2016.000,-1.000
Portugal,2016.000,-2.000
Portugal,2016.000,-1.000
Portugal,2016.000,-2.000
Portugal,2016.000,-2.000
Portugal,2016.000,-2.000
Portugal,2016.000,-1.000
France,2016.000,-1.000
France,2016.000,-1.000
France,2016.000,-2.000
France,2016.000,-3.000
France,2016.000,-1.000
France,2016.000,-1.000
Philippines,2016.000,-1.000
Philippines,2016.000,-1.000
Philippines,2016.000,0.000
Philippines,2016.000,-1.000
Philippines,2016.000,-1.000
Philippines,2016.000,-1.000
Philippines,2016.000,0.000
Philippines,2016.000,-3.000
Philippines,2016.000,-1.000
Philippines,2016.000,0.000
Thailand,2016.000,-1.000
Thailand,2016.000,-1.000
Thailand,2016.000,-2.000
Thailand,2016.000,-1.000
Thailand,2016.000,0.000
Thailand,2016.000,0.000
Thailand,2016.000,0.000
Thailand,2016.000,-1.000
Thailand,2016.000,-2.000
Poland,2016.000,-2.000
Poland,2016.000,-1.000
Poland,2016.000,-2.000
Poland,2016.000,-2.000
Poland,2016.000,-2.000
Poland,2016.000,-2.000
Poland,2016.000,-3.000
Poland,2016.000,-3.000
Belgium,2016.000,-2.000
Belgium,2016.000,-1.000
Belgium,2016.000,-2.000
Belgium,2016.000,-2.000
Belgium,2016.000,-2.000
Belgium,2016.000,-1.000
Belgium,2016.000,-1.000
Belgium,2016.000,-1.000
Belgium,2016.000,-2.000
Belgium,2016.000,-1.000
Belgium,2016.000,-1.000
Hungary,2016.000,-1.000
Hungary,2016.000,-1.000
Hungary,2016.000,-2.000
Hungary,2016.000,-1.000
Hungary,2016.000,-2.000
Hungary,2016.000,0.000
Hungary,2016.000,-1.000
Hungary,2016.000,-1.000
Hungary,2016.000,-2.000
Hungary,2016.000,-1.000
France,2016.000,0.000
France,2016.000,-2.000
France,2016.000,-1.000
France,2016.000,-3.000
France,2016.000,-2.000
France,2016.000,-1.000
France,2016.000,-1.000
France,2016.000,-2.000
"Korea, South",2016.000,0.000
"Korea, South",2016.000,-1.000
"Korea, South",2016.000,-1.000
"Korea, South",2016.000,-2.000
"Korea, South",2016.000,-1.000
Australia,2016.000,0.000
Australia,2016.000,-1.000
Australia,2016.000,-1.000
Australia,2016.000,-2.000
Australia,2016.000,-1.000
Australia,2016.000,-1.000
Netherlands,2016.000,-2.000
Netherlands,2016.000,-1.000
Netherlands,2016.000,-1.000
Netherlands,2016.000,-1.000
Netherlands,2016.000,-1.000
Netherlands,2016.000,-1.000
Netherlands,2016.000,-1.000
Netherlands,2016.000,-1.000
Netherlands,2016.000,-1.000
Netherlands,2016.000,-1.000
Netherlands,2016.000,-2.000
Netherlands,2016.000,-2.000
Netherlands,2016.000,-1.000
Netherlands,2016.000,-1.000
Netherlands,2016.000,-2.000
Netherlands,2016.000,-1.000
Netherlands,2016.000,-1.000
Netherlands,2016.000,-1.000
Netherlands,2016.000,-2.000
Netherlands,2016.000,-1.000
Netherlands,2016.000,0.000
Netherlands,2016.000,-2.000
Czech Republic,2016.000,-1.000
Czech Republic,2016.000,-2.000
Czech Republic,2016.000,-1.000
Czech Republic,2016.000,-2.000
Czech Republic,2016.000,-1.000
Czech Republic,2016.000,-1.000
Czech Republic,2016.000,-1.000
Czech Republic,2016.000,-2.000
Czech Republic,2016.000,-1.000
United States,2016.000,-2.000
United States,2016.000,-1.000
United States,2016.000,-2.000
United States,2016.000,-2.000
United States,2016.000,-1.000
Philippines,2016.000,0.000
Philippines,2016.000,-1.000
Philippines,2016.000,-1.000
Philippines,2016.000,-2.000
Philippines,2016.000,-1.000
Philippines,2016.000,-1.000
Philippines,2016.000,-1.000
Philippines,2016.000,-1.000
Philippines,2016.000,-2.000
Philippines,2016.000,-1.000
Venezuela,2016.000,-2.000
Venezuela,2016.000,-1.000
Venezuela,2016.000,-2.000
Venezuela,2016.000,-1.000
Venezuela,2016.000,-1.000
Venezuela,2016.000,-1.000
Venezuela,2016.000,-1.000
Venezuela,2016.000,-1.000
Turkey,2016.000,-1.000
Turkey,2016.000,0.000
Turkey,2016.000,-2.000
Turkey,2016.000,-2.000
Turkey,2016.000,-1.000
Turkey,2016.000,-1.000
United States,2016.000,-1.000
United States,2016.000,-1.000
United States,2016.000,-1.000
United States,2016.000,0.000
United States,2016.000,-1.000
United States,2016.000,-1.000
South Africa,2016.000,-1.000
South Africa,2016.000,-1.000
South Africa,2016.000,-2.000
South Africa,2016.000,-1.000
South Africa,2016.000,-2.000
South Africa,2016.000,-1.000
South Africa,2016.000,-1.000
South Africa,2016.000,0.000
South Africa,2016.000,-2.000
South Africa,2016.000,-2.000
United States,2016.000,-2.000
United States,2016.000,-1.000
United States,2016.000,0.000
United States,2016.000,-1.000
United States,2016.000,-1.000
United States,2016.000,-1.000
United States,2016.000,-2.000
Thailand,2016.000,0.000
Thailand,2016.000,-1.000
Thailand,2016.000,-1.000
Thailand,2016.000,0.000
Thailand,2016.000,0.000
Thailand,2016.000,0.000
Thailand,2016.000,-1.000
Hungary,2016.000,-1.000
Hungary,2016.000,-2.000
Hungary,2016.000,-1.000
Hungary,2016.000,-1.000
Hungary,2016.000,-1.000
Hungary,2016.000,-2.000
Hungary,2016.000,-2.000
Hungary,2016.000,-2.000
Hungary,2016.000,-3.000
Hungary,2016.000,-2.000
Philippines,2016.000,0.000
Philippines,2016.000,0.000
Philippines,2016.000,0.000
Philippines,2016.000,-1.000
Philippines,2016.000,-2.000
Philippines,2016.000,0.000
Philippines,2016.000,0.000
Turkey,2016.000,-1.000
Turkey,2016.000,-1.000
Turkey,2016.000,-1.000
Turkey,2016.000,-1.000
Turkey,2016.000,-2.000
Taiwan,2016.000,-2.000
Taiwan,2016.000,-1.000
Taiwan,2016.000,-1.000
Taiwan,2016.000,-1.000
Taiwan,2016.000,-1.000
Taiwan,2016.000,-1.000
Taiwan,2016.000,-2.000
Taiwan,2016.000,-1.000
Italy,2016.000,-2.000
Italy,2016.000,-2.000
Italy,2016.000,-1.000
Italy,2016.000,-1.000
Italy,2016.000,-2.000
Italy,2016.000,-2.000
Italy,2016.000,-2.000
Italy,2016.000,-2.000
Italy,2016.000,-1.000
Italy,2016.000,0.000
Italy,2016.000,-2.000
Italy,2016.000,-1.000
Italy,2016.000,-2.000
Italy,2016.000,-1.000
United States,2016.000,-1.000
United States,2016.000,-1.000
United States,2016.000,-1.000
United States,2016.000,-2.000
United States,2016.000,-1.000
United States,2016.000,-1.000
Germany,2016.000,-2.000
Germany,2016.000,-1.000
Germany,2016.000,-1.000
Germany,2016.000,-1.000
Germany,2016.000,-1.000
United States,2016.000,-1.000
United States,2016.000,-2.000
United States,2016.000,-1.000
United States,2016.000,-2.000
United States,2016.000,-1.000
United States,2016.000,-1.000
Belgium,2016.000,-1.000
Belgium,2016.000,-2.000
Belgium,2016.000,-2.000
Belgium,2016.000,-1.000
Belgium,2016.000,-1.000
Belgium,2016.000,-1.000
China,2016.000,-1.000
China,2016.000,-1.000
China,2016.000,-2.000
China,2016.000,-3.000
China,2016.000,-1.000
Turkey,2016.000,-1.000
China,2016.000,0.000
China,2016.000,0.000
China,2016.000,-2.000
China,2016.000,-2.000
China,2016.000,-2.000
China,2016.000,-3.000
China,2016.000,-1.000
China,2016.000,-2.000
China,2016.000,-3.000
China,2016.000,-1.000
China,2016.000,0.000
China,2016.000,0.000
China,2016.000,-1.000
China,2016.000,-1.000
Portugal,2016.000,-1.000
Portugal,2016.000,-1.000
Portugal,2016.000,-2.000
Portugal,2016.000,-2.000
Portugal,2016.000,-1.000
Portugal,2016.000,0.000
Portugal,2016.000,-2.000
Portugal,2016.000,-1.000
Portugal,2016.000,-1.000
Netherlands,2016.000,-2.000
Netherlands,2016.000,-1.000
Netherlands,2016.000,-2.000
Netherlands,2016.000,-1.000
Netherlands,2016.000,-1.000
Thailand,2016.000,-1.000
Thailand,2016.000,-1.000
Thailand,2016.000,-1.000
Thailand,2016.000,-2.000
Thailand,2016.000,-1.000
China,2016.000,-1.000
China,2016.000,-1.000
China,2016.000,0.000
China,2016.000,-1.000
China,2016.000,-1.000
China,2016.000,0.000
Philippines,2017.000,-2.000
Philippines,2017.000,-2.000
Philippines,2017.000,-1.000
Philippines,2017.000,-1.000
Philippines,2017.000,-1.000
Philippines,2017.000,-1.000
Philippines,2017.000,-1.000
Philippines,2017.000,-2.000
Philippines,2017.000,-2.000
Philippines,2017.000,-1.000
Thailand,2017.000,0.000
Thailand,2017.000,-1.000
Thailand,2017.000,0.000
Thailand,2017.000,0.000
Thailand,2017.000,-2.000
Thailand,2017.000,-1.000
Thailand,2017.000,-1.000
Thailand,2017.000,-1.000
Thailand,2017.000,-1.000
Thailand,2017.000,-1.000
"Korea, South",2017.000,-1.000
"Korea, South",2017.000,-2.000
"Korea, South",2017.000,-1.000
"Korea, South",2017.000,-2.000
"Korea, South",2017.000,-1.000
"Korea, South",2017.000,-1.000
"Korea, South",2017.000,-2.000
Thailand,2017.000,-2.000
Thailand,2017.000,-1.000
Thailand,2017.000,-1.000
Thailand,2017.000,-1.000
Thailand,2017.000,-2.000
Thailand,2017.000,-2.000
Thailand,2017.000,-2.000
Thailand,2017.000,-2.000
Thailand,2017.000,-1.000
Thailand,2017.000,-2.000
Thailand,2017.000,-1.000
Thailand,2017.000,0.000
Thailand,2017.000,-1.000
Thailand,2017.000,-1.000
Mexico,2017.000,-3.000
Mexico,2017.000,-3.000
Mexico,2017.000,-3.000
Mexico,2017.000,-2.000
Mexico,2017.000,-1.000
Argentina,2017.000,-1.000
Argentina,2017.000,-1.000
Argentina,2017.000,-1.000
Argentina,2017.000,-1.000
Argentina,2017.000,-1.000
Argentina,2017.000,-1.000
Portugal,2017.000,0.000
Portugal,2017.000,-3.000
Portugal,2017.000,-1.000
Portugal,2017.000,-1.000
Portugal,2017.000,-1.000
Portugal,2017.000,-2.000
Portugal,2017.000,-2.000
Portugal,2017.000,-1.000
Portugal,2017.000,-1.000
Portugal,2017.000,-2.000
Mexico,2017.000,-1.000
Mexico,2017.000,-1.000
Mexico,2017.000,-1.000
Mexico,2017.000,-2.000
Mexico,2017.000,-1.000
Mexico,2017.000,-2.000
Mexico,2017.000,-2.000
Mexico,2017.000,-1.000
Hungary,2017.000,-2.000
Hungary,2017.000,-1.000
Hungary,2017.000,-1.000
Hungary,2017.000,-1.000
Hungary,2017.000,-1.000
Hungary,2017.000,-2.000
Hungary,2017.000,-2.000
Hungary,2017.000,-1.000
Hungary,2017.000,-1.000
Hungary,2017.000,-2.000
Hungary,2017.000,-1.000
Israel,2017.000,-2.000
Israel,2017.000,-2.000
Israel,2017.000,-1.000
Israel,2017.000,0.000
Israel,2017.000,-1.000
Israel,2017.000,-2.000
Israel,2017.000,-2.000
Israel,2017.000,-2.000
Israel,2017.000,-2.000
Israel,2017.000,-1.000
Israel,2017.000,-1.000
Portugal,2017.000,-2.000
Portugal,2017.000,-1.000
Portugal,2017.000,-1.000
Portugal,2017.000,-1.000
Portugal,2017.000,-1.000
Portugal,2017.000,-2.000
Portugal,2017.000,-1.000
Portugal,2017.000,-2.000
Israel,2017.000,-1.000
Israel,2017.000,-2.000
Israel,2017.000,-2.000
France,2017.000,-1.000
France,2017.000,-2.000
France,2017.000,-1.000
France,2017.000,-3.000
France,2017.000,-1.000
France,2017.000,-1.000
France,2017.000,-1.000
France,2017.000,-2.000
France,2017.000,-1.000
France,2017.000,-2.000
France,2017.000,-1.000
France,2017.000,-1.000
Greece,2017.000,-1.000
Greece,2017.000,0.000
Greece,2017.000,-1.000
Greece,2017.000,-2.000
Greece,2017.000,-2.000
Greece,2017.000,-2.000
Greece,2017.000,-2.000
Greece,2017.000,0.000
Greece,2017.000,0.000
Greece,2017.000,-1.000
Greece,2017.000,-2.000
Greece,2017.000,-1.000
Greece,2017.000,-1.000
Greece,2017.000,-2.000
Greece,2017.000,-2.000
Greece,2017.000,-2.000
Greece,2017.000,-1.000
Greece,2017.000,-2.000
Greece,2017.000,-1.000
Greece,2017.000,-1.000
Greece,2017.000,-2.000
Greece,2017.000,-2.000
Greece,2017.000,-2.000
Greece,2017.000,-2.000
Greece,2017.000,-2.000
Greece,2017.000,-2.000
Greece,2017.000,-1.000
Greece,2017.000,-1.000
Greece,2017.000,-1.000
Greece,2017.000,-1.000
Greece,2017.000,-1.000
Greece,2017.000,-1.000
Greece,2017.000,-1.000
Greece,2017.000,-1.000
Greece,2017.000,-1.000
Greece,2017.000,-1.000
Greece,2017.000,-2.000
Greece,2017.000,-2.000
Czech Republic,2017.000,-1.000
Czech Republic,2017.000,-1.000
Czech Republic,2017.000,-2.000
Czech Republic,2017.000,-2.000
Czech Republic,2017.000,-1.000
Czech Republic,2017.000,-2.000
Czech Republic,2017.000,0.000
Czech Republic,2017.000,-1.000
Czech Republic,2017.000,-1.000
Czech Republic,2017.000,0.000
Belgium,2017.000,-2.000
Belgium,2017.000,-1.000
Belgium,2017.000,-1.000
Belgium,2017.000,0.000
Belgium,2017.000,-2.000
Belgium,2017.000,-2.000
Belgium,2017.000,-1.000
Belgium,2017.000,-2.000
Mexico,2017.000,0.000
Mexico,2017.000,-1.000
Mexico,2017.000,-2.000
Mexico,2017.000,-1.000
Mexico,2017.000,-2.000
Mexico,2017.000,-2.000
Spain,2017.000,-1.000
Spain,2017.000,-1.000
Spain,2017.000,-2.000
Spain,2017.000,-3.000
Spain,2017.000,-2.000
Spain,2017.000,-2.000
Australia,2017.000,-1.000
Australia,2017.000,-1.000
Australia,2017.000,-1.000
Australia,2017.000,-1.000
Australia,2017.000,-1.000
Turkey,2017.000,-3.000
Turkey,2017.000,-3.000
Turkey,2017.000,-3.000
Turkey,2017.000,-3.000
Spain,2017.000,-1.000
Spain,2017.000,0.000
Spain,2017.000,-2.000
Spain,2017.000,-2.000
Spain,2017.000,0.000
Spain,2017.000,0.000
France,2017.000,-1.000
France,2017.000,-2.000
France,2017.000,-2.000
France,2017.000,-2.000
France,2017.000,-1.000
France,2017.000,-2.000
France,2017.000,-2.000
Belgium,2017.000,-1.000
Belgium,2017.000,0.000
Belgium,2017.000,-1.000
Belgium,2017.000,0.000
Belgium,2017.000,0.000
Belgium,2017.000,-1.000
Belgium,2017.000,-1.000
Germany,2017.000,-1.000
Germany,2017.000,-1.000
Germany,2017.000,-1.000
Germany,2017.000,-2.000
Germany,2017.000,-3.000
Germany,2017.000,-1.000
Germany,2017.000,-1.000
Kuwait,2017.000,-2.000
Kuwait,2017.000,-1.000
Kuwait,2017.000,0.000
Kuwait,2017.000,-1.000
Kuwait,2017.000,-1.000
Kuwait,2017.000,-2.000
Kuwait,2017.000,-1.000
Kuwait,2017.000,-1.000
Belgium,2017.000,-2.000
Belgium,2017.000,-2.000
Belgium,2017.000,-1.000
Belgium,2017.000,-2.000
Belgium,2017.000,-2.000
Belgium,2017.000,-1.000
Australia,2017.000,-1.000
Australia,2017.000,-2.000
Australia,2017.000,0.000
Australia,2017.000,-2.000
Australia,2017.000,-1.000
Australia,2017.000,-1.000
United Kingdom,2017.000,-2.000
United Kingdom,2017.000,-2.000
United Kingdom,2017.000,0.000
United Kingdom,2017.000,-2.000
United Kingdom,2017.000,0.000
United Kingdom,2017.000,0.000
United Kingdom,2017.000,-1.000
United Kingdom,2017.000,-1.000
Israel,2017.000,-2.000
Israel,2017.000,0.000
Israel,2017.000,-1.000
Israel,2017.000,-1.000
Israel,2017.000,0.000
Israel,2017.000,-2.000
Israel,2017.000,-1.000
Israel,2017.000,-1.000
France,2017.000,-3.000
France,2017.000,-1.000
France,2017.000,-2.000
France,2017.000,-1.000
France,2017.000,-2.000
France,2017.000,-2.000
Australia,2017.000,-1.000
Australia,2017.000,0.000
Australia,2017.000,-1.000
Australia,2017.000,-1.000
Australia,2017.000,-1.000
Australia,2017.000,-2.000
Kuwait,2017.000,-1.000
Kuwait,2017.000,-1.000
Kuwait,2017.000,-1.000
Kuwait,2017.000,-1.000
Kuwait,2017.000,0.000
Kuwait,2017.000,-2.000
Kuwait,2017.000,0.000
Kuwait,2017.000,0.000
Kuwait,2017.000,-1.000
Australia,2017.000,-1.000
Australia,2017.000,-1.000
Australia,2017.000,-2.000
Australia,2017.000,-2.000
Australia,2017.000,-2.000
Venezuela,2017.000,-1.000
Venezuela,2017.000,-1.000
Venezuela,2017.000,-1.000
Venezuela,2017.000,-1.000
Venezuela,2017.000,0.000
Venezuela,2017.000,-3.000
Venezuela,2017.000,-1.000
Venezuela,2017.000,-1.000
Venezuela,2017.000,-2.000
Venezuela,2017.000,-3.000
Venezuela,2017.000,-1.000
Italy,2017.000,-1.000
Italy,2017.000,-1.000
Italy,2017.000,-2.000
Italy,2017.000,-2.000
Italy,2017.000,-2.000
Italy,2017.000,-1.000
Italy,2017.000,-1.000
Turkey,2017.000,-1.000
Turkey,2017.000,-1.000
Turkey,2017.000,-2.000
Turkey,2017.000,0.000
Turkey,2017.000,0.000
Netherlands,2017.000,0.000
Netherlands,2017.000,-1.000
Netherlands,2017.000,-2.000
Netherlands,2017.000,-3.000
Netherlands,2017.000,-2.000
Netherlands,2017.000,-1.000
Netherlands,2017.000,-1.000
Netherlands,2017.000,-3.000
Netherlands,2017.000,-1.000
Netherlands,2017.000,0.000
Netherlands,2017.000,-2.000
Netherlands,2017.000,-1.000
Netherlands,2017.000,-2.000
Netherlands,2017.000,0.000
Netherlands,2017.000,0.000
Germany,2017.000,-2.000
Germany,2017.000,-2.000
Germany,2017.000,-1.000
Germany,2017.000,-2.000
Germany,2017.000,-1.000
Germany,2017.000,-2.000
Kuwait,2017.000,-1.000
South Africa,2017.000,-2.000
South Africa,2017.000,-1.000
South Africa,2017.000,-3.000
South Africa,2017.000,-2.000
South Africa,2017.000,-1.000
South Africa,2017.000,0.000
South Africa,2017.000,0.000
South Africa,2017.000,-2.000
South Africa,2017.000,0.000
South Africa,2017.000,0.000
South Africa,2017.000,0.000
South Africa,2017.000,-2.000
Philippines,2017.000,0.000
Philippines,2017.000,0.000
Philippines,2017.000,-1.000
Philippines,2017.000,-1.000
Philippines,2017.000,0.000
Philippines,2017.000,0.000
Philippines,2017.000,-1.000
Philippines,2017.000,-2.000
Philippines,2017.000,0.000
Philippines,2017.000,-1.000
Argentina,2017.000,-2.000
Argentina,2017.000,-3.000
Argentina,2017.000,-1.000
Argentina,2017.000,0.000
Argentina,2017.000,-1.000
Argentina,2017.000,-1.000
Argentina,2017.000,-1.000
Argentina,2017.000,-1.000
Spain,2017.000,-1.000
Spain,2017.000,-1.000
Spain,2017.000,-2.000
Spain,2017.000,-2.000
Spain,2017.000,-1.000
Spain,2017.000,-1.000
Spain,2017.000,-1.000
Czech Republic,2017.000,0.000
Czech Republic,2017.000,-1.000
Czech Republic,2017.000,-2.000
Czech Republic,2017.000,-2.000
Czech Republic,2017.000,-2.000
Czech Republic,2017.000,-2.000
Czech Republic,2017.000,0.000
Czech Republic,2017.000,-1.000
Israel,2017.000,-2.000
Israel,2017.000,-2.000
Israel,2017.000,-3.000
Israel,2017.000,-1.000
Israel,2017.000,-1.000
Israel,2017.000,-1.000
Israel,2017.000,-2.000
Israel,2017.000,-1.000
Israel,2017.000,-1.000
Israel,2017.000,-2.000
France,2017.000,0.000
France,2017.000,-2.000
France,2017.000,-1.000
France,2017.000,0.000
France,2017.000,-2.000
France,2017.000,-2.000
France,2017.000,-3.000
Taiwan,2017.000,-1.000
Taiwan,2017.000,-1.000
Taiwan,2017.000,-1.000
Taiwan,2017.000,-1.000
Taiwan,2017.000,-1.000
Taiwan,2017.000,-1.000
United Kingdom,2017.000,-1.000
United Kingdom,2017.000,-2.000
United Kingdom,2017.000,-3.000
United Kingdom,2017.000,-2.000
United Kingdom,2017.000,-4.000
United Kingdom,2017.000,-1.000
United Kingdom,2017.000,-2.000
United Kingdom,2017.000,-1.000
Australia,2017.000,-1.000
Australia,2017.000,-2.000
Australia,2017.000,-1.000
Australia,2017.000,0.000
Australia,2017.000,-1.000
Australia,2017.000,-1.000
Russia,2017.000,-1.000
Russia,2017.000,-1.000
Russia,2017.000,-1.000
Russia,2017.000,-2.000
Russia,2017.000,0.000
Russia,2017.000,-2.000
Kuwait,2017.000,-1.000
Kuwait,2017.000,0.000
Kuwait,2017.000,-1.000
Kuwait,2017.000,-1.000
Kuwait,2017.000,0.000
Kuwait,2017.000,-1.000
Kuwait,2017.000,-1.000
Kuwait,2017.000,-1.000
Germany,2017.000,0.000
Germany,2017.000,0.000
Germany,2017.000,-2.000
Germany,2017.000,-2.000
Germany,2017.000,-2.000
Germany,2017.000,0.000
Germany,2017.000,0.000
Germany,2017.000,-2.000
Germany,2017.000,-1.000
Germany,2017.000,-1.000
Germany,2017.000,-1.000
Germany,2017.000,-1.000
Germany,2017.000,-1.000
Italy,2017.000,-1.000
Italy,2017.000,-1.000
Italy,2017.000,-1.000
Italy,2017.000,-2.000
Italy,2017.000,0.000
Italy,2017.000,-1.000
Russia,2017.000,-1.000
Russia,2017.000,-1.000
Russia,2017.000,-1.000
Russia,2017.000,-1.000
Russia,2017.000,-2.000
Russia,2017.000,-1.000
Russia,2017.000,-2.000
Russia,2017.000,-3.000
"Korea, South",2017.000,-2.000
"Korea, South",2017.000,-2.000
"Korea, South",2017.000,-1.000
"Korea, South",2017.000,-2.000
"Korea, South",2017.000,-2.000
"Korea, South",2017.000,-1.000
"Korea, South",2017.000,-1.000
"Korea, South",2017.000,-2.000
"Korea, South",2017.000,-1.000
Russia,2017.000,-1.000
Russia,2017.000,-1.000
Russia,2017.000,-1.000
Russia,2017.000,-3.000
Russia,2017.000,-2.000
Russia,2017.000,-2.000
Russia,2017.000,0.000
Russia,2017.000,-2.000
Russia,2017.000,0.000
Spain,2017.000,-1.000
Spain,2017.000,-2.000
Spain,2017.000,0.000
Spain,2017.000,-1.000
Spain,2017.000,-1.000
Spain,2017.000,-2.000
Spain,2017.000,-1.000
Venezuela,2017.000,-1.000
Venezuela,2017.000,-1.000
Venezuela,2017.000,0.000
Venezuela,2017.000,-2.000
Venezuela,2017.000,-1.000
Venezuela,2017.000,-1.000
Venezuela,2017.000,-1.000
Venezuela,2017.000,0.000
Venezuela,2017.000,-1.000
Venezuela,2017.000,-1.000
Venezuela,2017.000,-1.000
France,2017.000,-2.000
France,2017.000,-1.000
France,2017.000,-1.000
France,2017.000,-3.000
France,2017.000,-1.000
France,2017.000,-1.000
Czech Republic,2017.000,-1.000
Czech Republic,2017.000,-3.000
Czech Republic,2017.000,0.000
Czech Republic,2017.000,-2.000
Czech Republic,2017.000,-2.000
Czech Republic,2017.000,0.000
Czech Republic,2017.000,-2.000
Czech Republic,2017.000,-2.000
Czech Republic,2017.000,-2.000
Czech Republic,2017.000,-3.000
Czech Republic,2017.000,-1.000
Czech Republic,2017.000,-1.000
Russia,2017.000,-1.000
Russia,2017.000,-1.000
Russia,2017.000,-2.000
Russia,2017.000,-2.000
Russia,2017.000,-2.000
South Africa,2017.000,-1.000
South Africa,2017.000,-1.000
South Africa,2017.000,-2.000
South Africa,2017.000,-1.000
South Africa,2017.000,-1.000
South Africa,2017.000,-1.000
South Africa,2017.000,-2.000
South Africa,2017.000,-1.000
Russia,2017.000,0.000
Russia,2017.000,-2.000
Russia,2017.000,-1.000
Russia,2017.000,-1.000
Russia,2017.000,-2.000
South Africa,2017.000,-1.000
South Africa,2017.000,-1.000
South Africa,2017.000,-1.000
South Africa,2017.000,-2.000
South Africa,2017.000,0.000
South Africa,2017.000,-1.000
South Africa,2017.000,0.000
South Africa,2017.000,-2.000
South Africa,2017.000,-1.000
Sweden,2017.000,-2.000
Sweden,2017.000,-1.000
Sweden,2017.000,-3.000
Sweden,2017.000,-2.000
Sweden,2017.000,-1.000
Sweden,2017.000,-1.000
Sweden,2017.000,-1.000
Sweden,2017.000,-2.000
Sweden,2017.000,-1.000
Sweden,2017.000,-4.000
Spain,2017.000,-2.000
Spain,2017.000,-1.000
Spain,2017.000,0.000
Spain,2017.000,-1.000
Spain,2017.000,-2.000
Spain,2017.000,-1.000
Italy,2017.000,-1.000
Italy,2017.000,-1.000
Italy,2017.000,-1.000
Italy,2017.000,0.000
Italy,2017.000,-3.000
Italy,2017.000,-1.000
Italy,2017.000,-2.000
Mexico,2017.000,-1.000
Mexico,2017.000,-1.000
Mexico,2017.000,-1.000
Mexico,2017.000,-3.000
Mexico,2017.000,-2.000
Mexico,2017.000,-2.000
Mexico,2017.000,-1.000
Taiwan,2017.000,-1.000
Taiwan,2017.000,-1.000
Taiwan,2017.000,-1.000
Taiwan,2017.000,-1.000
Taiwan,2017.000,-2.000
Taiwan,2017.000,-2.000
Chile,2017.000,-1.000
Chile,2017.000,-1.000
Chile,2017.000,-2.000
Chile,2017.000,0.000
Chile,2017.000,-2.000
Chile,2017.000,-2.000
Chile,2017.000,-2.000
Chile,2017.000,-1.000
Chile,2017.000,-1.000
Chile,2017.000,-1.000
Spain,2017.000,-1.000
Spain,2017.000,0.000
Spain,2017.000,-1.000
Spain,2017.000,-1.000
Spain,2017.000,0.000
Spain,2017.000,-1.000
Spain,2017.000,-1.000
Denmark,2017.000,-3.000
Denmark,2017.000,-1.000
Denmark,2017.000,-2.000
Denmark,2017.000,-2.000
Denmark,2017.000,-1.000
Denmark,2017.000,0.000
Denmark,2017.000,-1.000
Denmark,2017.000,-1.000
Denmark,2017.000,-1.000
"Korea, South",2017.000,-2.000
"Korea, South",2017.000,-1.000
"Korea, South",2017.000,-1.000
"Korea, South",2017.000,-2.000
"Korea, South",2017.000,-1.000
"Korea, South",2017.000,-1.000
"Korea, South",2017.000,-1.000
Greece,2017.000,-2.000
Greece,2017.000,-1.000
Greece,2017.000,-2.000
Greece,2017.000,-2.000
Greece,2017.000,-2.000
Greece,2017.000,-1.000
Greece,2017.000,-2.000
Greece,2017.000,-3.000
Greece,2017.000,-1.000
Greece,2017.000,0.000
Italy,2017.000,0.000
Italy,2017.000,0.000
Italy,2017.000,-1.000
Italy,2017.000,-1.000
Italy,2017.000,-1.000
Italy,2017.000,-1.000
Italy,2017.000,0.000
Chile,2017.000,-1.000
Chile,2017.000,-2.000
Chile,2017.000,-1.000
Chile,2017.000,-1.000
Chile,2017.000,-1.000
Chile,2017.000,-1.000
Chile,2017.000,-1.000
Chile,2017.000,0.000
Chile,2017.000,-1.000
Chile,2017.000,-1.000
Chile,2017.000,-2.000
United Kingdom,2017.000,-2.000
United Kingdom,2017.000,-1.000
United Kingdom,2017.000,-2.000
United Kingdom,2017.000,-1.000
Poland,2017.000,-1.000
Poland,2017.000,-1.000
Poland,2017.000,-1.000
Poland,2017.000,-1.000
Poland,2017.000,-1.000
Poland,2017.000,-2.000
Poland,2017.000,-2.000
Poland,2017.000,0.000
Poland,2017.000,-2.000
France,2017.000,-1.000
France,2017.000,-3.000
France,2017.000,-1.000
France,2017.000,-2.000
France,2017.000,-3.000
France,2017.000,-2.000
France,2017.000,-1.000
Philippines,2017.000,-1.000
Philippines,2017.000,0.000
Philippines,2017.000,-1.000
Philippines,2017.000,-2.000
Netherlands,2017.000,-2.000
Netherlands,2017.000,-2.000
Netherlands,2017.000,-1.000
Netherlands,2017.000,-1.000
Netherlands,2017.000,-1.000
Netherlands,2017.000,-1.000
Netherlands,2017.000,-1.000
Netherlands,2017.000,-1.000
Netherlands,2017.000,-1.000
Poland,2017.000,-1.000
Poland,2017.000,-3.000
Poland,2017.000,0.000
Poland,2017.000,-2.000
Poland,2017.000,-2.000
Poland,2017.000,-1.000
Poland,2017.000,-2.000
Poland,2017.000,-2.000
Colombia,2017.000,0.000
Colombia,2017.000,-1.000
Colombia,2017.000,0.000
Colombia,2017.000,-1.000
Colombia,2017.000,-1.000
Colombia,2017.000,-1.000
Argentina,2017.000,-1.000
Argentina,2017.000,-2.000
Argentina,2017.000,-1.000
Argentina,2017.000,-1.000
Argentina,2017.000,-1.000
Argentina,2017.000,-1.000
Argentina,2017.000,-1.000
Argentina,2017.000,-2.000
United Kingdom,2017.000,-3.000
United Kingdom,2017.000,-2.000
United Kingdom,2017.000,-2.000
United Kingdom,2017.000,-2.000
United Kingdom,2017.000,-1.000
United Kingdom,2017.000,-3.000
United Kingdom,2017.000,-1.000
Spain,2017.000,-1.000
Spain,2017.000,0.000
Spain,2017.000,-1.000
Spain,2017.000,-1.000
Spain,2017.000,-1.000
Spain,2017.000,-1.000
Spain,2017.000,-1.000
Italy,2017.000,-1.000
Romania,2017.000,-1.000
Romania,2017.000,0.000
Romania,2017.000,-1.000
Romania,2017.000,0.000
Mexico,2017.000,-1.000
Mexico,2017.000,0.000
Mexico,2017.000,-1.000
Mexico,2017.000,-2.000
Mexico,2017.000,-1.000
Mexico,2017.000,-2.000
Mexico,2017.000,-2.000
Mexico,2017.000,-1.000
Mexico,2017.000,-2.000
Mexico,2017.000,-1.000
Portugal,2017.000,-2.000
Portugal,2017.000,-2.000
Portugal,2017.000,-2.000
Portugal,2017.000,-2.000
Portugal,2017.000,-1.000
Portugal,2017.000,0.000
Portugal,2017.000,-1.000
Portugal,2017.000,-2.000
Taiwan,2017.000,-2.000
Taiwan,2017.000,0.000
Taiwan,2017.000,-2.000
Taiwan,2017.000,-1.000
Taiwan,2017.000,-1.000
Taiwan,2017.000,-2.000
Taiwan,2017.000,0.000
Taiwan,2017.000,-1.000
Taiwan,2017.000,-1.000
Taiwan,2017.000,-2.000
United Kingdom,2017.000,-2.000
United Kingdom,2017.000,-1.000
United Kingdom,2017.000,0.000
United Kingdom,2017.000,-1.000
United Kingdom,2017.000,-1.000
United Kingdom,2017.000,-3.000
United Kingdom,2017.000,-1.000
Turkey,2017.000,-1.000
Turkey,2017.000,0.000
Turkey,2017.000,-3.000
Germany,2017.000,-1.000
Germany,2017.000,-1.000
Germany,2017.000,-2.000
Germany,2017.000,-2.000
Germany,2017.000,-1.000
South Africa,2017.000,-1.000
South Africa,2017.000,-1.000
South Africa,2017.000,-1.000
South Africa,2017.000,-1.000
South Africa,2017.000,-1.000
Colombia,2017.000,-2.000
Colombia,2017.000,-1.000
Colombia,2017.000,0.000
Colombia,2017.000,-1.000
Colombia,2017.000,-1.000
Colombia,2017.000,0.000
Venezuela,2017.000,0.000
Venezuela,2017.000,-1.000
Germany,2017.000,-1.000
Germany,2017.000,-1.000
Germany,2017.000,-3.000
Germany,2017.000,-1.000
Hungary,2017.000,0.000
Hungary,2017.000,-1.000
Hungary,2017.000,-2.000
Hungary,2017.000,-1.000
Hungary,2017.000,-2.000
Hungary,2017.000,-2.000
Hungary,2017.000,0.000
Hungary,2017.000,-2.000
Hungary,2017.000,0.000
Hungary,2017.000,-2.000
Hungary,2017.000,-2.000
Mexico,2017.000,-2.000
Mexico,2017.000,-2.000
Mexico,2017.000,-2.000
Mexico,2017.000,-1.000
Mexico,2017.000,-1.000
Mexico,2017.000,-2.000
Poland,2017.000,-2.000
Poland,2017.000,-1.000
Poland,2017.000,-2.000
Poland,2017.000,-2.000
Poland,2017.000,-2.000
Poland,2017.000,-2.000
Poland,2017.000,-1.000
Poland,2017.000,-2.000
Poland,2017.000,-1.000
Poland,2017.000,-1.000
Belgium,2017.000,-3.000
Belgium,2017.000,-1.000
Belgium,2017.000,-1.000
Belgium,2017.000,-2.000
Belgium,2017.000,0.000
Belgium,2017.000,-1.000
Belgium,2017.000,-2.000
Belgium,2017.000,0.000
Philippines,2017.000,-1.000
Philippines,2017.000,-2.000
Philippines,2017.000,0.000
Philippines,2017.000,-3.000
Philippines,2017.000,0.000
Philippines,2017.000,-1.000
Philippines,2017.000,0.000
Brazil,2017.000,-1.000
Brazil,2017.000,-1.000
Brazil,2017.000,0.000
Brazil,2017.000,-1.000
Brazil,2017.000,-1.000
Brazil,2017.000,-2.000
Brazil,2017.000,-2.000
Brazil,2017.000,-1.000
Brazil,2017.000,0.000
Brazil,2017.000,-1.000
Brazil,2017.000,-1.000
Brazil,2017.000,0.000
Brazil,2017.000,0.000
Brazil,2017.000,-1.000
Brazil,2017.000,-1.000
Brazil,2017.000,-1.000
Brazil,2017.000,-1.000
Brazil,2017.000,-1.000
Brazil,2017.000,0.000
Brazil,2017.000,-2.000
Brazil,2017.000,-1.000
Brazil,2017.000,-1.000
Brazil,2017.000,-2.000
Brazil,2017.000,-2.000
Brazil,2017.000,-2.000
Brazil,2017.000,-1.000
Brazil,2017.000,-1.000
Brazil,2017.000,-2.000
Brazil,2017.000,-1.000
Brazil,2017.000,-2.000
Brazil,2017.000,-3.000
Brazil,2017.000,-2.000
Brazil,2017.000,-1.000
Brazil,2017.000,-1.000
Spain,2017.000,-1.000
Spain,2017.000,-2.000
Spain,2017.000,-1.000
Spain,2017.000,-2.000
Spain,2017.000,-1.000
Spain,2017.000,-2.000
Portugal,2017.000,-2.000
Portugal,2017.000,-2.000
Portugal,2017.000,-2.000
Portugal,2017.000,-1.000
Portugal,2017.000,-1.000
Portugal,2017.000,-1.000
Portugal,2017.000,-1.000
Hungary,2017.000,-1.000
Hungary,2017.000,-2.000
Hungary,2017.000,-1.000
Hungary,2017.000,-3.000
Hungary,2017.000,-1.000
Hungary,2017.000,-1.000
Hungary,2017.000,-2.000
Hungary,2017.000,-2.000
Hungary,2017.000,-1.000
Hungary,2017.000,-2.000
Hungary,2017.000,0.000
Japan,2017.000,-2.000
Japan,2017.000,-1.000
Japan,2017.000,-1.000
Japan,2017.000,-2.000
Japan,2017.000,-1.000
Japan,2017.000,-2.000
Japan,2017.000,-2.000
Japan,2017.000,-3.000
Japan,2017.000,0.000
Japan,2017.000,-1.000
Venezuela,2017.000,-1.000
Venezuela,2017.000,-1.000
Venezuela,2017.000,-1.000
Venezuela,2017.000,-1.000
Czech Republic,2017.000,-1.000
Czech Republic,2017.000,-1.000
Czech Republic,2017.000,-1.000
Czech Republic,2017.000,-1.000
Czech Republic,2017.000,-3.000
Czech Republic,2017.000,-2.000
Czech Republic,2017.000,-1.000
Czech Republic,2017.000,-1.000
Czech Republic,2017.000,-2.000
Thailand,2017.000,-1.000
"Korea, South",2017.000,-1.000
"Korea, South",2017.000,-2.000
