Country,Year,MIC
Thailand,2017.000,-3.000
Thailand,2017.000,-5.000
"Korea, South",2017.000,-4.000
Thailand,2017.000,-4.000
Thailand,2017.000,-3.000
Israel,2017.000,-3.000
Portugal,2017.000,-3.000
France,2017.000,-3.000
Czech Republic,2017.000,-3.000
Czech Republic,2017.000,-3.000
Czech Republic,2017.000,-3.000
Czech Republic,2017.000,-4.000
Czech Republic,2017.000,-4.000
Czech Republic,2017.000,-5.000
Italy,2017.000,-5.000
Italy,2017.000,-3.000
Turkey,2017.000,-5.000
Turkey,2017.000,-4.000
Turkey,2017.000,-5.000
Turkey,2017.000,-4.000
Turkey,2017.000,-5.000
Turkey,2017.000,-5.000
Turkey,2017.000,-4.000
Turkey,2017.000,-5.000
Turkey,2017.000,-3.000
Turkey,2017.000,-4.000
Mexico,2017.000,-3.000
Australia,2017.000,-4.000
Australia,2017.000,-4.000
Australia,2017.000,-5.000
Kuwait,2017.000,-3.000
Kuwait,2017.000,-4.000
Kuwait,2017.000,-5.000
Belgium,2017.000,-4.000
Kuwait,2017.000,-3.000
Australia,2017.000,-4.000
Venezuela,2017.000,-3.000
Venezuela,2017.000,-5.000
Turkey,2017.000,-5.000
Netherlands,2017.000,-4.000
Netherlands,2017.000,-4.000
South Africa,2017.000,-4.000
Spain,2017.000,-4.000
Czech Republic,2017.000,-5.000
Colombia,2017.000,-5.000
Taiwan,2017.000,-3.000
Taiwan,2017.000,-4.000
Taiwan,2017.000,-4.000
Australia,2017.000,-3.000
Russia,2017.000,-4.000
Kuwait,2017.000,-3.000
Germany,2017.000,-5.000
Germany,2017.000,-4.000
Italy,2017.000,-3.000
Russia,2017.000,-4.000
"Korea, South",2017.000,-5.000
Venezuela,2017.000,-5.000
Venezuela,2017.000,-4.000
Venezuela,2017.000,-4.000
Czech Republic,2017.000,-3.000
South Africa,2017.000,-4.000
Russia,2017.000,-4.000
Russia,2017.000,-4.000
Russia,2017.000,-5.000
Spain,2017.000,-4.000
Italy,2017.000,-4.000
Italy,2017.000,-4.000
Mexico,2017.000,-4.000
Taiwan,2017.000,-5.000
Greece,2017.000,-3.000
United Kingdom,2017.000,-4.000
United Kingdom,2017.000,-4.000
United Kingdom,2017.000,-6.000
Philippines,2017.000,-4.000
Netherlands,2017.000,-5.000
Poland,2017.000,-4.000
Poland,2017.000,-4.000
Poland,2017.000,-3.000
Colombia,2017.000,-5.000
Italy,2017.000,-5.000
Romania,2017.000,-5.000
Mexico,2017.000,-4.000
Portugal,2017.000,-4.000
Portugal,2017.000,-4.000
Taiwan,2017.000,-4.000
Taiwan,2017.000,-4.000
Germany,2017.000,-4.000
Germany,2017.000,-4.000
South Africa,2017.000,-5.000
South Africa,2017.000,-5.000
South Africa,2017.000,-4.000
Colombia,2017.000,-3.000
Belgium,2017.000,-5.000
Belgium,2017.000,-5.000
Belgium,2017.000,-5.000
Belgium,2017.000,-4.000
Brazil,2017.000,-3.000
Brazil,2017.000,-5.000
Brazil,2017.000,-5.000
Brazil,2017.000,-4.000
Brazil,2017.000,-4.000
Spain,2017.000,-5.000
Portugal,2017.000,-4.000
Portugal,2017.000,-5.000
Hungary,2017.000,-5.000
Japan,2017.000,-4.000
