Country,Year,MIC
United States,2006.000,-2.000
Argentina,2006.000,-3.000
United States,2006.000,-3.000
United States,2006.000,-1.000
United States,2006.000,-2.000
South Africa,2006.000,-4.000
South Africa,2006.000,-3.000
United States,2006.000,-2.000
Slovenia,2006.000,-3.000
Slovenia,2006.000,-3.000
Slovenia,2006.000,-2.000
Slovenia,2006.000,-2.000
United States,2006.000,-4.000
United States,2006.000,-3.000
Italy,2006.000,-2.000
Italy,2006.000,-4.000
United States,2006.000,-4.000
Australia,2006.000,-4.000
Australia,2006.000,-3.000
Mexico,2006.000,-3.000
Turkey,2006.000,-2.000
United States,2007.000,-4.000
Mexico,2007.000,-4.000
Guatemala,2007.000,-1.000
Ireland,2007.000,-4.000
Argentina,2007.000,-4.000
Australia,2007.000,-3.000
South Africa,2007.000,4.050
United States,2007.000,-4.000
Sweden,2007.000,-4.000
"Korea, South",2007.000,-4.000
Mexico,2007.000,-4.000
"Korea, South",2007.000,-1.000
"Korea, South",2007.000,-4.000
United States,2007.000,-3.000
United States,2007.000,-4.000
United States,2007.000,-4.000
United States,2007.000,-4.000
Canada,2007.000,-3.000
United States,2007.000,-3.000
United States,2007.000,-4.000
Singapore,2007.000,-2.000
Singapore,2007.000,-4.000
Denmark,2007.000,-2.000
United States,2007.000,-3.000
United States,2007.000,-4.000
United States,2007.000,-1.000
United States,2007.000,-4.000
United States,2007.000,-4.000
India,2007.000,-2.000
Taiwan,2007.000,-4.000
"Korea, South",2007.000,-4.000
Slovenia,2008.000,-3.000
Israel,2008.000,-4.000
Spain,2008.000,-4.000
Colombia,2008.000,-1.000
United States,2008.000,-3.000
Canada,2008.000,-4.000
United States,2008.000,-3.000
Thailand,2008.000,-4.000
Italy,2008.000,-4.000
Switzerland,2008.000,-4.000
France,2008.000,-4.000
United States,2008.000,-1.000
France,2008.000,-4.000
Mexico,2008.000,0.000
Mexico,2008.000,-4.000
Hungary,2008.000,-3.000
Hungary,2008.000,-3.000
Hungary,2008.000,-3.000
Hungary,2008.000,-2.000
Hungary,2008.000,-3.000
Hungary,2008.000,-3.000
Hungary,2008.000,-3.000
Hungary,2008.000,-3.000
Hungary,2008.000,-4.000
Hungary,2008.000,-3.000
Hungary,2008.000,-2.000
Hungary,2008.000,-3.000
Hungary,2008.000,-3.000
Hungary,2008.000,-3.000
Romania,2008.000,-4.000
South Africa,2008.000,-3.000
United States,2008.000,-4.000
Honduras,2009.000,2.000
Honduras,2009.000,2.000
Germany,2009.000,2.000
Spain,2010.000,-3.000
Canada,2010.000,-4.000
Italy,2010.000,-4.000
Italy,2010.000,-4.000
Germany,2010.000,-4.000
Germany,2010.000,-4.000
Spain,2010.000,-4.000
Hong Kong,2010.000,-4.000
"Korea, South",2010.000,-4.000
Mexico,2010.000,-4.000
Mexico,2010.000,-4.000
Guatemala,2010.000,-4.000
Poland,2010.000,-4.000
Denmark,2010.000,-3.000
Slovak Republic,2010.000,-4.000
United States,2010.000,-4.000
United States,2010.000,-4.000
United States,2010.000,-4.000
Israel,2010.000,-4.000
Israel,2010.000,-4.000
Israel,2010.000,-4.000
Czech Republic,2011.000,-3.000
Czech Republic,2011.000,-4.000
Slovak Republic,2011.000,-4.000
France,2011.000,-2.000
Spain,2011.000,-4.000
United States,2011.000,-3.000
United States,2011.000,-4.000
United States,2011.000,-4.000
United States,2011.000,-4.000
United States,2011.000,-4.000
United States,2011.000,-4.000
United States,2011.000,-3.000
United States,2011.000,-4.000
United States,2011.000,-4.000
Belgium,2011.000,-4.000
United States,2011.000,-4.000
United States,2011.000,-4.000
Germany,2011.000,-4.000
Spain,2011.000,-4.000
France,2011.000,-4.000
France,2011.000,-3.000
United States,2011.000,-4.000
United States,2011.000,-4.000
United States,2011.000,-4.000
United States,2011.000,-3.000
United States,2011.000,-4.000
United States,2011.000,-3.000
United States,2011.000,-4.000
United States,2011.000,-4.000
United States,2011.000,-4.000
Ireland,2011.000,-4.000
United States,2011.000,-2.000
France,2011.000,-4.000
Germany,2011.000,-4.000
Germany,2011.000,-1.000
Canada,2011.000,-4.000
France,2011.000,-1.000
Germany,2011.000,-4.000
France,2011.000,-4.000
Ireland,2011.000,-3.000
Portugal,2011.000,-4.000
United States,2012.000,-3.000
United States,2012.000,-3.000
United States,2012.000,-1.000
Kuwait,2012.000,-2.000
Canada,2012.000,-2.000
United States,2012.000,-3.000
United States,2012.000,-3.000
United States,2012.000,-2.000
United States,2012.000,-3.000
United States,2012.000,-3.000
United States,2012.000,-3.000
United States,2012.000,-3.000
United States,2012.000,-3.000
United States,2012.000,-2.000
Spain,2012.000,-3.000
Italy,2012.000,-2.000
Panama,2012.000,-3.000
Panama,2012.000,-2.000
Panama,2012.000,-2.000
Belgium,2012.000,-3.000
Belgium,2012.000,-1.000
United States,2012.000,-2.000
United States,2012.000,-3.000
Italy,2012.000,0.000
Germany,2012.000,-3.000
Philippines,2012.000,-3.000
Spain,2012.000,-3.000
Hungary,2012.000,-3.000
United States,2012.000,1.000
Netherlands,2012.000,-3.000
"Korea, South",2012.000,-2.000
United States,2012.000,-2.000
United States,2012.000,-2.000
South Africa,2012.000,-3.000
South Africa,2012.000,-3.000
South Africa,2012.000,-3.000
Portugal,2012.000,-3.000
Portugal,2012.000,-1.000
Portugal,2012.000,-3.000
United States,2012.000,-3.000
United States,2012.000,-3.000
United States,2012.000,-2.000
United States,2012.000,-3.000
United States,2012.000,-3.000
Germany,2012.000,-3.000
Thailand,2012.000,3.050
Hungary,2012.000,-3.000
Hungary,2012.000,-3.000
Sweden,2012.000,-3.000
Canada,2012.000,-3.000
Canada,2012.000,-3.000
France,2012.000,-3.000
Germany,2012.000,-3.000
Germany,2012.000,-1.000
Spain,2012.000,-3.000
Spain,2012.000,-2.000
Portugal,2012.000,-3.000
Mexico,2012.000,-3.000
China,2012.000,-2.000
Colombia,2012.000,-3.000
Colombia,2012.000,-3.000
Spain,2012.000,-3.000
United States,2012.000,-3.000
Spain,2012.000,-3.000
United States,2012.000,-1.000
United States,2012.000,-3.000
France,2012.000,-3.000
Spain,2012.000,-3.000
Ireland,2012.000,-3.000
Ireland,2012.000,-3.000
United States,2012.000,-3.000
Belgium,2012.000,-3.000
Belgium,2012.000,-3.000
Belgium,2012.000,-2.000
Spain,2012.000,-3.000
Spain,2012.000,-3.000
United States,2012.000,0.000
Hungary,2012.000,-3.000
Italy,2012.000,-2.000
Italy,2012.000,-1.000
Colombia,2012.000,-2.000
Spain,2012.000,-2.000
Spain,2012.000,-3.000
Spain,2012.000,-3.000
United States,2012.000,-2.000
United States,2012.000,-3.000
United States,2012.000,-2.000
Italy,2013.000,-1.000
United States,2013.000,-1.000
Colombia,2013.000,4.050
Ireland,2013.000,-1.000
Kenya,2013.000,3.050
Italy,2013.000,-1.000
United States,2013.000,-1.000
Spain,2013.000,0.000
Spain,2013.000,-1.000
Spain,2013.000,0.000
United States,2013.000,-1.000
United States,2013.000,0.000
Taiwan,2013.000,1.000
United Kingdom,2013.000,-1.000
United States,2013.000,2.000
United States,2013.000,-1.000
Spain,2013.000,0.000
Germany,2013.000,-1.000
Belgium,2013.000,-1.000
Kuwait,2013.000,1.000
Spain,2013.000,-1.000
Spain,2013.000,-1.000
Spain,2013.000,-1.000
Spain,2013.000,0.000
Spain,2013.000,2.000
Spain,2013.000,2.000
Brazil,2013.000,3.050
Germany,2013.000,2.000
United States,2013.000,-1.000
France,2013.000,-1.000
Poland,2014.000,-4.000
Germany,2014.000,-3.000
Germany,2014.000,-4.000
Germany,2014.000,-3.000
United States,2014.000,-4.000
United States,2014.000,-4.000
United States,2014.000,-4.000
United States,2014.000,-3.000
United States,2014.000,-4.000
Netherlands,2014.000,-4.000
Portugal,2014.000,-5.000
United States,2014.000,0.000
United States,2014.000,-3.000
United States,2014.000,-2.000
France,2014.000,-3.000
Venezuela,2014.000,-4.000
Venezuela,2014.000,-4.000
Spain,2014.000,-5.000
Sweden,2014.000,-4.000
Thailand,2014.000,-3.000
Philippines,2014.000,-5.000
Philippines,2014.000,-5.000
Greece,2014.000,-4.000
Spain,2014.000,-3.000
"Korea, South",2014.000,-4.000
"Korea, South",2014.000,-5.000
"Korea, South",2014.000,-4.000
"Korea, South",2014.000,-3.000
"Korea, South",2014.000,-3.000
Venezuela,2014.000,-4.000
Spain,2014.000,-2.000
Spain,2014.000,-4.000
United States,2014.000,-2.000
United States,2014.000,-3.000
Switzerland,2014.000,-4.000
Switzerland,2014.000,-2.000
Switzerland,2014.000,-2.000
Australia,2014.000,-4.000
Australia,2014.000,-5.000
Denmark,2014.000,-3.000
Philippines,2014.000,-4.000
Philippines,2014.000,-4.000
Philippines,2014.000,-2.000
Philippines,2014.000,-2.000
Italy,2014.000,-2.000
Italy,2014.000,-1.000
Spain,2014.000,-4.000
Italy,2014.000,-3.000
South Africa,2014.000,-4.000
South Africa,2014.000,-4.000
Greece,2014.000,-2.000
Kenya,2014.000,-2.000
Kenya,2014.000,-5.000
Nigeria,2014.000,-4.000
Kuwait,2014.000,-5.000
Romania,2014.000,-4.000
United Kingdom,2014.000,-3.000
United Kingdom,2014.000,-4.000
United Kingdom,2014.000,-2.000
Mexico,2014.000,-2.000
Philippines,2014.000,3.050
Mexico,2014.000,-5.000
Mexico,2014.000,-5.000
Mexico,2014.000,-4.000
Mexico,2014.000,-5.000
Mexico,2014.000,-4.000
Mexico,2014.000,-4.000
Mexico,2014.000,-4.000
Italy,2014.000,-4.000
Italy,2014.000,-4.000
Italy,2014.000,-3.000
Italy,2014.000,-4.000
Germany,2014.000,-4.000
France,2014.000,-3.000
France,2014.000,-4.000
Italy,2014.000,-4.000
Colombia,2014.000,-3.000
Belgium,2014.000,-3.000
Belgium,2014.000,-4.000
Canada,2014.000,-4.000
Czech Republic,2014.000,-2.000
Czech Republic,2014.000,-4.000
Turkey,2014.000,-5.000
Russia,2014.000,-4.000
Russia,2014.000,-5.000
France,2014.000,-4.000
Russia,2014.000,-5.000
Taiwan,2014.000,-3.000
Taiwan,2014.000,-5.000
Brazil,2014.000,-4.000
Brazil,2014.000,-3.000
United States,2014.000,-2.000
United States,2014.000,-4.000
United States,2014.000,-4.000
United States,2014.000,-3.000
Belgium,2014.000,-2.000
Belgium,2014.000,-4.000
Belgium,2014.000,1.000
Germany,2014.000,-4.000
Germany,2014.000,-4.000
Germany,2014.000,-4.000
Germany,2014.000,-2.000
Germany,2014.000,-3.000
Germany,2014.000,-4.000
Canada,2014.000,-4.000
Canada,2014.000,-3.000
Turkey,2014.000,-3.000
Japan,2014.000,-4.000
Portugal,2014.000,-3.000
Spain,2014.000,-2.000
Germany,2014.000,-4.000
Germany,2014.000,-4.000
Spain,2014.000,-4.000
Mexico,2014.000,-5.000
Poland,2014.000,-2.000
Spain,2014.000,-3.000
Germany,2014.000,-1.000
Germany,2014.000,-4.000
Germany,2014.000,-4.000
United States,2014.000,-3.000
United States,2014.000,-4.000
Belgium,2014.000,-2.000
Germany,2014.000,-3.000
Germany,2014.000,-3.000
Germany,2014.000,-4.000
Germany,2014.000,-3.000
Germany,2014.000,-3.000
Nigeria,2014.000,-5.000
Belgium,2014.000,-5.000
Colombia,2014.000,-3.000
Kenya,2014.000,-3.000
United States,2014.000,-4.000
United States,2014.000,-3.000
Mexico,2014.000,-5.000
Mexico,2014.000,-4.000
United States,2014.000,-4.000
United States,2014.000,-4.000
Portugal,2014.000,-2.000
Portugal,2014.000,-3.000
United States,2014.000,-3.000
United States,2014.000,-4.000
United States,2014.000,-4.000
Germany,2014.000,-3.000
France,2014.000,-1.000
Canada,2014.000,-4.000
Spain,2014.000,-4.000
Spain,2014.000,-4.000
Panama,2014.000,1.000
Panama,2014.000,-4.000
Canada,2014.000,-3.000
Canada,2014.000,-4.000
Canada,2014.000,-3.000
United States,2014.000,-4.000
United States,2014.000,-3.000
United States,2014.000,-3.000
United States,2014.000,-4.000
United States,2014.000,-3.000
United States,2014.000,-4.000
France,2014.000,-2.000
France,2014.000,-4.000
Spain,2014.000,-3.000
Spain,2014.000,-3.000
Spain,2014.000,-1.000
Spain,2014.000,-4.000
Croatia,2014.000,-3.000
Croatia,2014.000,-4.000
Croatia,2014.000,-4.000
Croatia,2014.000,-3.000
United States,2014.000,-4.000
Italy,2014.000,-4.000
Italy,2014.000,-4.000
Belgium,2014.000,-4.000
Belgium,2014.000,-3.000
Canada,2014.000,-1.000
Germany,2014.000,-3.000
Germany,2014.000,-3.000
Spain,2014.000,-3.000
Greece,2014.000,-1.000
Greece,2014.000,-2.000
United States,2014.000,-4.000
United States,2014.000,-3.000
United States,2014.000,-4.000
United States,2014.000,-4.000
United States,2014.000,-3.000
United States,2014.000,-4.000
United States,2014.000,-4.000
United States,2014.000,-4.000
Italy,2014.000,-4.000
Italy,2014.000,-4.000
Italy,2014.000,-4.000
Italy,2014.000,-4.000
Germany,2014.000,-4.000
Germany,2014.000,-4.000
Spain,2014.000,-3.000
Belgium,2014.000,-4.000
Belgium,2014.000,-3.000
Belgium,2014.000,-4.000
Germany,2014.000,-4.000
Germany,2014.000,-4.000
Germany,2014.000,-3.000
United States,2014.000,-4.000
Italy,2014.000,-4.000
Italy,2014.000,-4.000
Italy,2014.000,-4.000
Germany,2014.000,-3.000
Germany,2014.000,-3.000
Portugal,2014.000,-5.000
Czech Republic,2014.000,-3.000
Czech Republic,2014.000,-3.000
Czech Republic,2014.000,-4.000
Czech Republic,2014.000,-4.000
Croatia,2014.000,-2.000
Germany,2014.000,-2.000
United States,2014.000,-3.000
United States,2014.000,-2.000
Italy,2014.000,-3.000
Italy,2014.000,-3.000
Sweden,2014.000,-3.000
Sweden,2014.000,-3.000
Sweden,2014.000,-4.000
Sweden,2014.000,-4.000
Sweden,2014.000,-3.000
France,2014.000,-3.000
Spain,2014.000,-4.000
Spain,2014.000,-2.000
Spain,2014.000,-3.000
Spain,2014.000,-2.000
Italy,2014.000,-3.000
Japan,2014.000,-2.000
United States,2014.000,-4.000
France,2014.000,-1.000
France,2014.000,-3.000
France,2014.000,-3.000
Australia,2014.000,-4.000
Italy,2014.000,-2.000
Italy,2014.000,-2.000
Italy,2014.000,-4.000
Spain,2014.000,-3.000
Spain,2014.000,-3.000
Belgium,2014.000,-4.000
United States,2014.000,-4.000
United States,2014.000,-5.000
Italy,2014.000,-2.000
Italy,2014.000,-4.000
Italy,2014.000,-4.000
Spain,2014.000,-4.000
Spain,2014.000,-4.000
Israel,2014.000,-4.000
Italy,2014.000,-1.000
Italy,2014.000,-4.000
France,2014.000,-3.000
Chile,2014.000,-4.000
United Kingdom,2014.000,-4.000
Finland,2014.000,-3.000
Finland,2014.000,-4.000
Finland,2014.000,-4.000
Finland,2014.000,-4.000
Chile,2015.000,-2.000
Venezuela,2015.000,4.000
Germany,2015.000,-2.000
Italy,2015.000,-2.000
Spain,2015.000,-1.000
Germany,2015.000,1.000
Argentina,2015.000,-2.000
France,2015.000,-2.000
Spain,2015.000,-1.000
Belgium,2015.000,-1.000
Canada,2015.000,-1.000
Chile,2015.000,-1.000
Singapore,2015.000,-2.000
China,2015.000,-2.000
United States,2015.000,-2.000
United States,2015.000,-2.000
Spain,2015.000,-2.000
United States,2015.000,-2.000
Spain,2015.000,1.000
Belgium,2015.000,-2.000
Germany,2015.000,-1.000
Portugal,2015.000,-2.000
Portugal,2015.000,-2.000
Germany,2015.000,-2.000
Germany,2015.000,-2.000
United States,2015.000,-2.000
United States,2015.000,-1.000
United States,2015.000,0.000
United States,2015.000,-2.000
Croatia,2015.000,-2.000
Portugal,2015.000,-1.000
Portugal,2015.000,0.000
Portugal,2015.000,0.000
China,2015.000,-2.000
China,2015.000,-1.000
Spain,2015.000,-2.000
United States,2015.000,-2.000
Mexico,2016.000,2.000
Mexico,2016.000,-1.000
"Korea, South",2016.000,0.000
Greece,2016.000,0.000
Poland,2016.000,2.000
Brazil,2016.000,-1.000
United States,2016.000,-1.000
Portugal,2016.000,-1.000
"Korea, South",2016.000,-1.000
Philippines,2016.000,3.050
Kuwait,2016.000,-1.000
Canada,2016.000,-1.000
Czech Republic,2016.000,-1.000
Mexico,2016.000,1.000
Mexico,2016.000,4.050
Taiwan,2016.000,-1.000
Spain,2016.000,-1.000
Spain,2016.000,-1.000
Spain,2017.000,2.000
Venezuela,2017.000,3.050
Venezuela,2017.000,2.000
Spain,2017.000,4.050
Philippines,2017.000,3.050
"Korea, South",2017.000,0.000
Venezuela,2017.000,4.000
Spain,2017.000,0.000
Japan,2017.000,0.000
Philippines,2017.000,4.050
