Country,Year,MIC
United States,2004.000,-4.000
Italy,2004.000,-4.000
France,2004.000,-4.000
United States,2004.000,-4.000
United States,2004.000,-4.000
United States,2004.000,-4.000
United States,2004.000,-4.000
Portugal,2004.000,-4.000
Portugal,2004.000,-4.000
Austria,2004.000,-4.000
Italy,2004.000,-4.000
Germany,2004.000,-4.000
United States,2004.000,-4.000
Guatemala,2004.000,-3.000
United States,2004.000,-4.000
France,2004.000,-4.000
Italy,2005.000,-4.000
Turkey,2005.000,-4.000
Turkey,2005.000,-4.000
United States,2005.000,-4.000
United States,2005.000,-4.000
United States,2005.000,-4.000
United States,2005.000,-4.000
United States,2005.000,-4.000
Spain,2005.000,-4.000
Spain,2005.000,-4.000
United States,2005.000,-4.000
United States,2005.000,-4.000
United States,2005.000,-4.000
United States,2005.000,-4.000
United States,2005.000,-4.000
United States,2005.000,-4.000
United States,2005.000,-4.000
United States,2005.000,-4.000
United States,2005.000,-4.000
Belgium,2005.000,-4.000
United States,2005.000,-4.000
France,2005.000,-4.000
France,2005.000,-4.000
France,2005.000,-4.000
United States,2005.000,-4.000
France,2005.000,-4.000
United States,2005.000,-4.000
United States,2005.000,-4.000
United States,2005.000,-4.000
United States,2005.000,-4.000
United States,2005.000,-4.000
United States,2005.000,-4.000
Turkey,2005.000,-4.000
United States,2005.000,-4.000
United States,2005.000,-4.000
United States,2005.000,-4.000
United States,2005.000,-4.000
United States,2005.000,-3.000
United States,2005.000,-4.000
United States,2005.000,-4.000
United States,2005.000,-4.000
United States,2005.000,-4.000
United States,2005.000,-4.000
United States,2005.000,-4.000
United States,2005.000,-4.000
United States,2005.000,-4.000
United States,2005.000,-4.000
United States,2005.000,-4.000
United States,2005.000,-4.000
United States,2005.000,-4.000
United States,2005.000,-4.000
United States,2005.000,-4.000
United States,2005.000,-4.000
Israel,2005.000,-4.000
United States,2005.000,-4.000
United States,2005.000,-3.000
United States,2005.000,-4.000
United States,2005.000,-4.000
United States,2005.000,-4.000
United States,2005.000,-4.000
Israel,2005.000,-4.000
Israel,2005.000,-4.000
Israel,2005.000,-4.000
Israel,2005.000,-4.000
Israel,2005.000,-4.000
Israel,2005.000,-4.000
Israel,2005.000,-4.000
Israel,2005.000,0.000
Turkey,2005.000,-4.000
Turkey,2005.000,-4.000
Turkey,2005.000,-4.000
Turkey,2005.000,-4.000
Turkey,2005.000,-4.000
Turkey,2005.000,-4.000
Turkey,2005.000,-4.000
Turkey,2005.000,-4.000
Turkey,2005.000,-3.000
Turkey,2005.000,-4.000
Chile,2005.000,-4.000
United States,2006.000,-2.000
United States,2006.000,-2.000
United States,2006.000,-1.000
United States,2006.000,1.000
United States,2006.000,-1.000
United States,2006.000,-1.000
United States,2006.000,-1.000
United States,2006.000,-1.000
United States,2006.000,-2.000
United States,2006.000,-2.000
United States,2006.000,-1.000
United States,2006.000,-1.000
Honduras,2006.000,-2.000
Honduras,2006.000,0.000
Honduras,2006.000,-1.000
Honduras,2006.000,-2.000
Honduras,2006.000,1.000
United States,2006.000,0.000
United States,2006.000,-1.000
Puerto Rico,2006.000,3.000
Puerto Rico,2006.000,1.000
Puerto Rico,2006.000,1.000
Puerto Rico,2006.000,3.000
Puerto Rico,2006.000,1.000
United States,2006.000,-2.000
United States,2006.000,-1.000
United States,2006.000,-2.000
United States,2006.000,-2.000
United States,2006.000,-2.000
United States,2006.000,-1.000
United States,2006.000,-2.000
United States,2006.000,-2.000
United States,2006.000,-1.000
United States,2006.000,-2.000
United States,2006.000,-1.000
United States,2006.000,-2.000
United States,2006.000,-1.000
United States,2006.000,-2.000
United States,2006.000,-2.000
United States,2006.000,-2.000
United States,2006.000,-2.000
United States,2006.000,-2.000
United States,2006.000,-1.000
United States,2006.000,-1.000
United States,2006.000,-1.000
United States,2006.000,-1.000
United States,2006.000,-1.000
United States,2006.000,-2.000
United States,2006.000,1.000
Taiwan,2006.000,-1.000
United States,2006.000,4.050
United States,2006.000,0.000
Israel,2006.000,-1.000
Slovenia,2006.000,3.000
United States,2006.000,-2.000
United States,2006.000,-2.000
United States,2006.000,-2.000
United States,2006.000,1.000
United States,2006.000,-2.000
United States,2006.000,0.000
Italy,2006.000,2.000
Nicaragua,2006.000,1.000
Mexico,2006.000,-2.000
Mexico,2006.000,0.000
Mexico,2006.000,-2.000
Mexico,2006.000,-2.000
Mexico,2006.000,-2.000
Mexico,2006.000,-2.000
Mexico,2006.000,-2.000
Mexico,2006.000,-2.000
Mexico,2006.000,-2.000
Mexico,2006.000,-2.000
Mexico,2006.000,-1.000
Mexico,2006.000,-2.000
United States,2006.000,-2.000
Mexico,2006.000,2.000
Mexico,2006.000,-2.000
Guatemala,2006.000,-2.000
Guatemala,2006.000,3.000
Guatemala,2006.000,1.000
Guatemala,2006.000,-2.000
Australia,2006.000,-2.000
Australia,2006.000,-1.000
Australia,2006.000,-1.000
Australia,2006.000,-1.000
Australia,2006.000,-2.000
Australia,2006.000,-1.000
Australia,2006.000,-1.000
Australia,2006.000,-1.000
Australia,2006.000,-2.000
Australia,2006.000,-1.000
Australia,2006.000,-1.000
Australia,2006.000,-1.000
India,2006.000,0.000
India,2006.000,1.000
Mexico,2006.000,-2.000
Mexico,2006.000,1.000
Honduras,2007.000,-1.000
Nicaragua,2007.000,1.000
Mexico,2007.000,1.000
Australia,2007.000,-1.000
Australia,2007.000,0.000
France,2007.000,-1.000
Mexico,2007.000,3.000
Mexico,2007.000,2.000
Mexico,2007.000,1.000
Mexico,2007.000,1.000
Mexico,2007.000,0.000
Mexico,2007.000,0.000
Mexico,2007.000,1.000
Mexico,2007.000,1.000
Mexico,2007.000,0.000
Mexico,2007.000,0.000
Mexico,2007.000,0.000
Mexico,2007.000,1.000
Mexico,2007.000,-1.000
Germany,2007.000,-1.000
Germany,2007.000,0.000
Germany,2007.000,-1.000
Germany,2007.000,-1.000
Germany,2007.000,0.000
Greece,2007.000,3.000
Greece,2007.000,3.000
Greece,2007.000,-1.000
United Kingdom,2007.000,-1.000
Germany,2007.000,-1.000
Germany,2007.000,-1.000
South Africa,2007.000,3.000
South Africa,2007.000,3.000
South Africa,2007.000,3.000
South Africa,2007.000,3.000
South Africa,2007.000,3.000
South Africa,2007.000,2.000
South Africa,2007.000,0.000
South Africa,2007.000,2.000
South Africa,2007.000,1.000
South Africa,2007.000,-1.000
South Africa,2007.000,1.000
United States,2007.000,0.000
United States,2007.000,4.050
United States,2007.000,-1.000
Argentina,2007.000,-1.000
Israel,2007.000,1.000
Israel,2007.000,4.050
Israel,2007.000,2.000
Israel,2007.000,4.050
Israel,2007.000,4.050
Israel,2007.000,1.000
Israel,2007.000,1.000
Israel,2007.000,0.000
Israel,2007.000,1.000
Israel,2007.000,1.000
Israel,2007.000,1.000
Israel,2007.000,1.000
Israel,2007.000,1.000
Israel,2007.000,1.000
Israel,2007.000,1.000
Israel,2007.000,-1.000
Israel,2007.000,1.000
Israel,2007.000,0.000
Israel,2007.000,1.000
Israel,2007.000,1.000
Israel,2007.000,1.000
Israel,2007.000,1.000
Israel,2007.000,4.050
Israel,2007.000,2.000
Israel,2007.000,1.000
Israel,2007.000,0.000
Israel,2007.000,-1.000
Israel,2007.000,0.000
Israel,2007.000,-1.000
India,2007.000,1.000
India,2007.000,3.000
India,2007.000,-1.000
Mexico,2007.000,0.000
Spain,2007.000,-1.000
Belgium,2007.000,-1.000
United States,2007.000,4.050
United States,2007.000,3.000
United States,2007.000,4.000
United States,2007.000,-1.000
India,2007.000,2.000
India,2007.000,0.000
Ireland,2007.000,0.000
Ireland,2007.000,-1.000
United States,2007.000,-1.000
United States,2007.000,-1.000
United States,2007.000,-1.000
United States,2007.000,0.000
Venezuela,2007.000,4.000
Venezuela,2007.000,2.000
Venezuela,2007.000,0.000
United States,2007.000,0.000
United States,2007.000,-1.000
United States,2007.000,0.000
United States,2007.000,0.000
United States,2007.000,1.000
United States,2007.000,-1.000
United States,2007.000,-1.000
United States,2007.000,0.000
United States,2007.000,4.000
United States,2007.000,0.000
United States,2007.000,2.000
United States,2007.000,0.000
United States,2007.000,1.000
United States,2007.000,4.000
United States,2007.000,-1.000
United States,2007.000,4.000
United States,2007.000,4.000
United States,2007.000,4.000
United States,2007.000,2.000
India,2007.000,-1.000
India,2007.000,-1.000
India,2007.000,-1.000
India,2007.000,-1.000
India,2007.000,3.000
India,2007.000,-1.000
United States,2007.000,1.000
United States,2007.000,-1.000
United States,2007.000,0.000
United States,2007.000,4.050
Czech Republic,2007.000,-1.000
United States,2007.000,-1.000
United States,2007.000,-1.000
United States,2007.000,-1.000
United States,2007.000,-1.000
Chile,2007.000,-1.000
Denmark,2007.000,-1.000
United States,2007.000,2.000
Philippines,2007.000,4.050
Philippines,2007.000,-1.000
India,2007.000,3.000
India,2007.000,4.050
India,2007.000,1.000
India,2007.000,4.000
Germany,2007.000,3.000
United States,2007.000,0.000
Mexico,2007.000,4.000
United States,2007.000,-1.000
United States,2007.000,1.000
United States,2007.000,-1.000
United States,2007.000,1.000
Germany,2008.000,-1.000
Germany,2008.000,0.000
Italy,2008.000,-1.000
Italy,2008.000,0.000
Colombia,2008.000,0.000
Mexico,2008.000,-1.000
Argentina,2008.000,-1.000
Mexico,2008.000,3.000
Turkey,2008.000,4.000
United States,2008.000,2.000
United States,2008.000,-1.000
United States,2008.000,1.000
United States,2008.000,2.000
United States,2008.000,1.000
United States,2008.000,-1.000
United States,2008.000,4.000
Australia,2008.000,-1.000
Italy,2008.000,0.000
Italy,2008.000,-1.000
Italy,2008.000,1.000
Italy,2008.000,1.000
Italy,2008.000,3.000
Italy,2008.000,2.000
Italy,2008.000,0.000
Italy,2008.000,0.000
Italy,2008.000,3.000
Italy,2008.000,1.000
Italy,2008.000,2.000
Italy,2008.000,0.000
Italy,2008.000,-1.000
Spain,2008.000,0.000
Spain,2008.000,0.000
Spain,2008.000,2.000
India,2008.000,0.000
India,2008.000,3.000
India,2008.000,0.000
India,2008.000,-1.000
United States,2008.000,4.050
Ireland,2008.000,-1.000
United States,2008.000,-1.000
Mexico,2008.000,-1.000
Mexico,2008.000,0.000
Mexico,2008.000,2.000
Mexico,2008.000,2.000
Mexico,2008.000,4.050
Mexico,2008.000,1.000
Germany,2008.000,0.000
Argentina,2008.000,2.000
United States,2008.000,1.000
Colombia,2008.000,4.000
Colombia,2008.000,4.000
Colombia,2008.000,1.000
Colombia,2008.000,0.000
Colombia,2008.000,0.000
Colombia,2008.000,4.050
Colombia,2008.000,4.000
Turkey,2008.000,1.000
Turkey,2008.000,0.000
Turkey,2008.000,4.050
"Korea, South",2008.000,-1.000
United States,2008.000,1.000
Mexico,2008.000,0.000
Belgium,2008.000,-1.000
Italy,2008.000,0.000
Czech Republic,2008.000,-1.000
Finland,2008.000,1.000
Croatia,2008.000,2.000
Croatia,2008.000,1.000
Israel,2008.000,3.000
Chile,2008.000,-1.000
Chile,2008.000,-1.000
Chile,2008.000,0.000
Chile,2008.000,-1.000
Indonesia,2008.000,4.050
Indonesia,2008.000,-1.000
Indonesia,2008.000,0.000
France,2008.000,1.000
France,2008.000,1.000
France,2008.000,-1.000
France,2008.000,1.000
France,2008.000,2.000
France,2008.000,1.000
Slovenia,2008.000,2.000
Mexico,2008.000,0.000
Mexico,2008.000,-1.000
Mexico,2008.000,0.000
Mexico,2008.000,-1.000
Mexico,2008.000,-1.000
Mexico,2008.000,-1.000
Mexico,2008.000,-1.000
Mexico,2008.000,0.000
Mexico,2008.000,-1.000
Mexico,2008.000,-1.000
Mexico,2008.000,-1.000
Brazil,2008.000,3.000
France,2008.000,-1.000
Spain,2008.000,3.000
Mexico,2008.000,-1.000
Mexico,2008.000,0.000
Mexico,2008.000,1.000
Mexico,2008.000,-1.000
Mexico,2008.000,-1.000
Mexico,2008.000,-1.000
Mexico,2008.000,-1.000
Mexico,2008.000,-1.000
Mexico,2008.000,-1.000
Mexico,2008.000,-1.000
Mexico,2008.000,-1.000
Mexico,2008.000,-1.000
Mexico,2008.000,-1.000
Mexico,2008.000,-1.000
Mexico,2008.000,-1.000
Mexico,2008.000,-1.000
Mexico,2008.000,-1.000
Ireland,2008.000,2.000
France,2008.000,1.000
France,2008.000,1.000
Turkey,2008.000,0.000
France,2008.000,-1.000
Romania,2008.000,4.050
Canada,2008.000,1.000
India,2008.000,3.000
India,2008.000,4.050
Guatemala,2008.000,4.050
Guatemala,2008.000,3.000
Guatemala,2008.000,4.050
Guatemala,2008.000,4.050
Guatemala,2008.000,2.000
Guatemala,2008.000,2.000
Guatemala,2008.000,-1.000
Guatemala,2008.000,2.000
Guatemala,2008.000,4.050
Guatemala,2008.000,2.000
Romania,2008.000,0.000
Romania,2008.000,2.000
Poland,2008.000,0.000
Germany,2008.000,-1.000
Italy,2008.000,2.000
Italy,2008.000,1.000
Italy,2008.000,-1.000
Colombia,2009.000,-1.000
Colombia,2009.000,0.000
Mexico,2009.000,3.000
Mexico,2009.000,4.050
Greece,2009.000,-1.000
Greece,2009.000,-1.000
Greece,2009.000,1.000
Mexico,2009.000,0.000
Italy,2009.000,0.000
Italy,2009.000,0.000
Italy,2009.000,-1.000
Italy,2009.000,1.000
"Korea, South",2009.000,-1.000
"Korea, South",2009.000,-1.000
"Korea, South",2009.000,4.000
Turkey,2009.000,-1.000
Turkey,2009.000,1.000
Turkey,2009.000,0.000
Turkey,2009.000,2.000
Turkey,2009.000,-1.000
Turkey,2009.000,2.000
Turkey,2009.000,2.000
Turkey,2009.000,-1.000
Turkey,2009.000,-1.000
Bulgaria,2009.000,-1.000
United States,2009.000,3.000
Italy,2009.000,2.000
Italy,2009.000,1.000
Italy,2009.000,1.000
Italy,2009.000,-1.000
Italy,2009.000,-1.000
Italy,2009.000,-1.000
United States,2009.000,3.000
United States,2009.000,-1.000
Spain,2009.000,-1.000
United States,2009.000,0.000
United States,2009.000,-1.000
United States,2009.000,-1.000
United States,2009.000,1.000
United States,2009.000,-1.000
United States,2009.000,0.000
United States,2009.000,1.000
Mexico,2009.000,2.000
Argentina,2009.000,3.000
Malaysia,2009.000,-1.000
Romania,2009.000,3.000
Romania,2009.000,2.000
Romania,2009.000,1.000
Portugal,2009.000,0.000
Taiwan,2009.000,0.000
Taiwan,2009.000,4.050
Bulgaria,2009.000,2.000
Bulgaria,2009.000,1.000
China,2009.000,0.000
Greece,2009.000,-1.000
Spain,2009.000,-1.000
Spain,2009.000,-1.000
United States,2009.000,-1.000
United States,2009.000,4.000
Hungary,2009.000,0.000
Colombia,2009.000,0.000
Colombia,2009.000,-1.000
Colombia,2009.000,1.000
China,2009.000,-1.000
Poland,2009.000,3.000
Greece,2009.000,0.000
Germany,2009.000,-1.000
Denmark,2009.000,2.000
Denmark,2009.000,2.000
Denmark,2009.000,1.000
Mauritius,2009.000,-1.000
Italy,2009.000,0.000
United States,2009.000,0.000
United States,2009.000,-1.000
United States,2009.000,0.000
Chile,2009.000,-1.000
Poland,2009.000,-1.000
Panama,2009.000,-1.000
Panama,2009.000,-1.000
Belgium,2009.000,4.000
Belgium,2009.000,-1.000
Belgium,2009.000,-1.000
Spain,2009.000,2.000
Mexico,2009.000,-1.000
Mexico,2009.000,0.000
Mexico,2009.000,1.000
Mexico,2009.000,-1.000
Mexico,2009.000,-1.000
Mexico,2009.000,1.000
Mexico,2009.000,-1.000
Mexico,2009.000,-1.000
Mexico,2009.000,-1.000
Mexico,2009.000,-1.000
Mexico,2009.000,-1.000
Mexico,2009.000,-1.000
Canada,2009.000,1.000
Canada,2009.000,-1.000
Canada,2009.000,1.000
Germany,2009.000,-1.000
Bulgaria,2009.000,-1.000
United States,2009.000,2.000
United States,2009.000,0.000
United States,2009.000,4.000
Mexico,2009.000,0.000
Mexico,2009.000,-1.000
Mexico,2009.000,0.000
Mexico,2009.000,-1.000
Mexico,2009.000,0.000
Germany,2009.000,4.000
Germany,2009.000,-1.000
Germany,2009.000,-1.000
Germany,2009.000,4.000
Hungary,2009.000,0.000
United States,2009.000,0.000
United States,2009.000,0.000
United States,2009.000,1.000
United States,2009.000,1.000
Portugal,2009.000,0.000
France,2009.000,-1.000
United Kingdom,2009.000,0.000
Germany,2009.000,1.000
Guatemala,2009.000,0.000
Guatemala,2009.000,-1.000
Honduras,2009.000,4.000
El Salvador,2009.000,2.000
El Salvador,2009.000,3.000
El Salvador,2009.000,2.000
El Salvador,2009.000,2.000
El Salvador,2009.000,2.000
El Salvador,2009.000,3.000
El Salvador,2009.000,3.000
El Salvador,2009.000,2.000
Germany,2009.000,0.000
Austria,2009.000,0.000
Brazil,2009.000,-1.000
Brazil,2009.000,0.000
Austria,2009.000,1.000
Austria,2009.000,0.000
Guatemala,2009.000,1.000
Guatemala,2009.000,0.000
Guatemala,2009.000,1.000
Guatemala,2009.000,0.000
Argentina,2009.000,4.050
Bulgaria,2010.000,-1.000
Venezuela,2010.000,-1.000
Spain,2010.000,-1.000
Israel,2010.000,0.000
France,2010.000,-1.000
Venezuela,2010.000,0.000
United States,2010.000,-1.000
United States,2010.000,-1.000
United States,2010.000,-1.000
United States,2010.000,0.000
United States,2010.000,-1.000
United States,2010.000,-1.000
Canada,2010.000,0.000
Spain,2010.000,-1.000
Spain,2010.000,0.000
Spain,2010.000,1.000
Romania,2010.000,4.050
Italy,2010.000,-1.000
Italy,2010.000,2.000
Portugal,2010.000,1.000
China,2010.000,-1.000
United States,2010.000,-1.000
Israel,2010.000,-1.000
China,2010.000,0.000
China,2010.000,-1.000
China,2010.000,-1.000
China,2010.000,0.000
China,2010.000,-1.000
Greece,2010.000,-1.000
Colombia,2010.000,-1.000
Colombia,2010.000,0.000
Romania,2010.000,-1.000
Poland,2010.000,-1.000
Mexico,2010.000,-1.000
Mexico,2010.000,-1.000
Mexico,2010.000,-1.000
Mexico,2010.000,-1.000
Mexico,2010.000,-1.000
Greece,2010.000,0.000
Guatemala,2010.000,-1.000
Guatemala,2010.000,0.000
Guatemala,2010.000,0.000
Guatemala,2010.000,0.000
Guatemala,2010.000,4.050
Guatemala,2010.000,3.000
Thailand,2010.000,-1.000
Thailand,2010.000,-1.000
United States,2010.000,-1.000
Italy,2010.000,-1.000
Mexico,2010.000,2.000
Mexico,2010.000,0.000
Israel,2010.000,1.000
Israel,2010.000,3.000
Mexico,2011.000,-1.000
Greece,2011.000,-1.000
Greece,2011.000,4.000
Greece,2011.000,0.000
Colombia,2011.000,0.000
Venezuela,2011.000,0.000
Venezuela,2011.000,-1.000
Venezuela,2011.000,-1.000
Italy,2011.000,0.000
United States,2011.000,4.050
United States,2011.000,-1.000
Belgium,2011.000,0.000
United States,2011.000,0.000
Italy,2011.000,-1.000
United States,2011.000,-1.000
Jordan,2011.000,-1.000
Jordan,2011.000,-1.000
Italy,2011.000,3.000
Italy,2011.000,-1.000
Italy,2011.000,0.000
France,2011.000,-1.000
France,2011.000,-1.000
Morocco,2011.000,0.000
Saudi Arabia,2011.000,0.000
France,2011.000,0.000
France,2011.000,-1.000
France,2011.000,-1.000
United States,2011.000,0.000
Spain,2011.000,-1.000
Spain,2011.000,0.000
Spain,2011.000,-1.000
Egypt,2011.000,1.000
United States,2011.000,-1.000
Italy,2011.000,-1.000
Italy,2011.000,-1.000
Italy,2011.000,4.000
Belgium,2011.000,0.000
Germany,2011.000,-1.000
Ireland,2012.000,0.000
Ireland,2012.000,-1.000
Italy,2012.000,-1.000
United States,2012.000,1.000
Canada,2012.000,-1.000
Germany,2012.000,3.000
Jordan,2012.000,-1.000
Egypt,2012.000,4.050
Egypt,2012.000,4.050
Egypt,2012.000,4.000
Egypt,2012.000,-1.000
Egypt,2012.000,0.000
Egypt,2012.000,-1.000
Egypt,2012.000,2.000
Egypt,2012.000,-1.000
Tunisia,2012.000,0.000
Tunisia,2012.000,0.000
Tunisia,2012.000,1.000
United States,2012.000,0.000
United States,2012.000,-1.000
Kuwait,2012.000,0.000
Kuwait,2012.000,4.050
Kuwait,2012.000,0.000
Kuwait,2012.000,0.000
Morocco,2012.000,4.000
United States,2012.000,0.000
United States,2012.000,0.000
United States,2012.000,0.000
Spain,2012.000,-1.000
United States,2012.000,2.000
Germany,2012.000,0.000
Germany,2012.000,-1.000
Italy,2012.000,2.000
Israel,2012.000,3.000
Czech Republic,2012.000,-1.000
Philippines,2012.000,3.050
Portugal,2012.000,0.000
Chile,2012.000,-1.000
Turkey,2012.000,1.000
Turkey,2012.000,-1.000
Italy,2012.000,3.050
Italy,2012.000,0.000
Germany,2012.000,2.000
Spain,2012.000,1.000
Spain,2012.000,-1.000
Spain,2012.000,-1.000
Germany,2012.000,-1.000
Germany,2012.000,0.000
"Korea, South",2012.000,3.050
Portugal,2012.000,-1.000
Colombia,2012.000,2.000
Colombia,2012.000,2.000
Germany,2012.000,0.000
Spain,2012.000,-1.000
Spain,2012.000,2.000
Spain,2012.000,0.000
Ireland,2012.000,1.000
China,2012.000,1.000
China,2012.000,1.000
China,2012.000,3.000
China,2012.000,3.000
Brazil,2012.000,3.000
Spain,2012.000,-1.000
Italy,2012.000,0.000
Germany,2012.000,2.000
Italy,2012.000,1.000
Colombia,2012.000,4.050
Colombia,2012.000,1.000
Colombia,2012.000,4.050
Colombia,2012.000,-1.000
Colombia,2012.000,1.000
Spain,2012.000,1.000
Spain,2012.000,-1.000
Spain,2012.000,0.000
Spain,2012.000,1.000
Spain,2012.000,0.000
Spain,2012.000,-1.000
United States,2012.000,4.000
United States,2012.000,0.000
Spain,2013.000,-1.000
Italy,2013.000,4.050
Italy,2013.000,0.000
Italy,2013.000,-1.000
Spain,2013.000,0.000
Ireland,2013.000,1.000
Spain,2013.000,0.000
Spain,2013.000,3.000
Spain,2013.000,2.000
Spain,2013.000,2.000
Spain,2013.000,-1.000
Spain,2013.000,-1.000
United States,2013.000,3.000
Germany,2013.000,1.000
Greece,2013.000,-1.000
Italy,2013.000,-1.000
United Kingdom,2013.000,-1.000
Italy,2013.000,2.000
Italy,2013.000,0.000
Italy,2013.000,1.000
Italy,2013.000,1.000
China,2013.000,3.050
China,2013.000,-1.000
China,2013.000,2.000
China,2013.000,2.000
United States,2013.000,-1.000
Hong Kong,2013.000,1.000
Sweden,2013.000,0.000
United States,2013.000,-1.000
Croatia,2013.000,2.000
Croatia,2013.000,4.050
France,2013.000,-1.000
Nigeria,2013.000,0.000
Nigeria,2013.000,2.000
United States,2013.000,-1.000
United States,2013.000,1.000
United States,2013.000,4.050
United States,2013.000,4.000
United States,2013.000,4.000
Germany,2013.000,2.000
Germany,2013.000,-1.000
United States,2013.000,3.000
Spain,2013.000,-1.000
Switzerland,2013.000,0.000
Poland,2013.000,-1.000
Thailand,2013.000,3.050
Greece,2013.000,3.050
Germany,2013.000,-1.000
Germany,2013.000,-1.000
Spain,2013.000,-1.000
Spain,2013.000,-1.000
Spain,2013.000,4.000
Belgium,2013.000,1.000
Belgium,2013.000,3.000
Morocco,2013.000,-1.000
Egypt,2013.000,4.050
Egypt,2013.000,4.000
Egypt,2013.000,-1.000
Egypt,2013.000,2.000
Egypt,2013.000,1.000
Egypt,2013.000,0.000
Egypt,2013.000,0.000
Tunisia,2013.000,2.000
Spain,2013.000,-1.000
Spain,2013.000,-1.000
Spain,2013.000,-1.000
Spain,2013.000,-1.000
Spain,2013.000,-1.000
Kuwait,2013.000,3.050
Germany,2013.000,1.000
United States,2013.000,1.000
United States,2013.000,-1.000
Taiwan,2013.000,1.000
Taiwan,2013.000,1.000
Taiwan,2013.000,0.000
Thailand,2013.000,3.050
Colombia,2013.000,0.000
Colombia,2013.000,2.000
Colombia,2013.000,1.000
United States,2013.000,0.000
Canada,2013.000,-1.000
Canada,2013.000,0.000
United States,2013.000,4.050
United States,2013.000,4.050
Italy,2013.000,1.000
Italy,2013.000,-1.000
Italy,2013.000,-1.000
Kuwait,2013.000,4.050
United States,2013.000,2.000
Spain,2013.000,0.000
Germany,2013.000,4.050
Germany,2013.000,4.050
Italy,2013.000,2.000
United States,2013.000,-1.000
United States,2013.000,4.050
United States,2013.000,1.000
United States,2013.000,1.000
United States,2013.000,1.000
United States,2013.000,3.000
United States,2013.000,1.000
United States,2013.000,4.050
Brazil,2013.000,2.000
Brazil,2013.000,2.000
United States,2013.000,2.000
China,2013.000,3.000
China,2013.000,2.000
Germany,2013.000,2.000
France,2013.000,0.000
China,2014.000,3.050
United States,2014.000,-1.000
Mexico,2014.000,1.000
Italy,2014.000,2.000
Germany,2014.000,0.000
United States,2014.000,0.000
United States,2014.000,-1.000
Switzerland,2014.000,-1.000
Argentina,2014.000,3.050
Argentina,2014.000,3.000
United States,2014.000,3.000
United States,2014.000,3.050
Argentina,2014.000,3.050
Italy,2014.000,3.000
Italy,2014.000,2.000
Kuwait,2014.000,3.050
China,2014.000,3.050
France,2014.000,-1.000
China,2014.000,3.050
China,2014.000,-1.000
Mexico,2014.000,4.050
Mexico,2014.000,4.000
Mexico,2014.000,0.000
Mexico,2014.000,-1.000
Mexico,2014.000,4.050
Mexico,2014.000,4.050
Mexico,2014.000,3.000
Spain,2014.000,-1.000
Italy,2014.000,1.000
United States,2014.000,-1.000
Russia,2014.000,3.000
Brazil,2014.000,2.000
Germany,2014.000,0.000
Spain,2014.000,-1.000
Spain,2014.000,-1.000
Germany,2014.000,4.050
Israel,2014.000,3.050
China,2014.000,-1.000
United Kingdom,2014.000,-1.000
Germany,2014.000,4.050
Nigeria,2014.000,0.000
Colombia,2014.000,0.000
Turkey,2014.000,-1.000
United States,2014.000,-1.000
United States,2014.000,-1.000
Mexico,2014.000,-1.000
France,2014.000,3.000
Panama,2014.000,4.000
France,2014.000,-1.000
Belgium,2014.000,-1.000
Portugal,2014.000,-1.000
Portugal,2014.000,-1.000
United States,2014.000,0.000
Italy,2014.000,-1.000
United States,2014.000,4.000
United States,2014.000,-1.000
France,2014.000,-1.000
Portugal,2014.000,3.000
Portugal,2014.000,3.000
Portugal,2014.000,3.000
China,2014.000,-1.000
Germany,2014.000,2.000
Germany,2014.000,-1.000
Italy,2014.000,-1.000
Italy,2014.000,-1.000
Italy,2014.000,4.000
Italy,2014.000,0.000
Italy,2014.000,0.000
Israel,2014.000,3.000
Italy,2014.000,-1.000
Italy,2014.000,0.000
Italy,2015.000,2.000
France,2015.000,0.000
Chile,2015.000,-1.000
Italy,2015.000,0.000
Panama,2015.000,0.000
Jordan,2015.000,-1.000
Pakistan,2015.000,-1.000
Venezuela,2015.000,2.000
Guatemala,2015.000,-1.000
Guatemala,2015.000,-1.000
Guatemala,2015.000,-1.000
Guatemala,2015.000,4.000
Guatemala,2015.000,-1.000
Guatemala,2015.000,-1.000
Thailand,2015.000,4.050
Thailand,2015.000,0.000
United States,2015.000,0.000
Israel,2015.000,-1.000
Italy,2015.000,3.000
Germany,2015.000,0.000
Russia,2015.000,3.050
Russia,2015.000,3.050
Chile,2015.000,-1.000
Mexico,2015.000,1.000
Spain,2015.000,0.000
Turkey,2015.000,0.000
Turkey,2015.000,1.000
Turkey,2015.000,0.000
Turkey,2015.000,0.000
Turkey,2015.000,2.000
Turkey,2015.000,1.000
Turkey,2015.000,2.000
Turkey,2015.000,1.000
Turkey,2015.000,2.000
Turkey,2015.000,1.000
Turkey,2015.000,-1.000
Turkey,2015.000,0.000
Turkey,2015.000,1.000
Turkey,2015.000,-1.000
Turkey,2015.000,0.000
Turkey,2015.000,2.000
Turkey,2015.000,0.000
Turkey,2015.000,0.000
Turkey,2015.000,-1.000
Turkey,2015.000,0.000
Turkey,2015.000,1.000
Turkey,2015.000,1.000
Turkey,2015.000,3.050
Turkey,2015.000,2.000
Turkey,2015.000,1.000
Italy,2015.000,3.000
Italy,2015.000,3.000
United States,2015.000,1.000
Thailand,2015.000,3.050
Thailand,2015.000,0.000
Thailand,2015.000,0.000
Thailand,2015.000,3.050
Austria,2015.000,-1.000
Belgium,2015.000,2.000
Belgium,2015.000,-1.000
United States,2015.000,0.000
Mexico,2015.000,2.000
Mexico,2015.000,3.050
"Korea, South",2015.000,2.000
Argentina,2015.000,3.000
Canada,2015.000,-1.000
Colombia,2015.000,-1.000
Colombia,2015.000,2.000
Spain,2015.000,1.000
China,2015.000,3.000
China,2015.000,-1.000
China,2015.000,0.000
China,2015.000,0.000
China,2015.000,0.000
China,2015.000,-1.000
China,2015.000,2.000
China,2015.000,-1.000
China,2015.000,4.000
China,2015.000,0.000
Colombia,2015.000,-1.000
Argentina,2015.000,4.000
Spain,2015.000,0.000
Spain,2015.000,0.000
Colombia,2015.000,-1.000
Spain,2015.000,0.000
Brazil,2015.000,-1.000
Canada,2015.000,0.000
Brazil,2015.000,4.050
United States,2015.000,2.000
Belgium,2015.000,0.000
Belgium,2015.000,0.000
Philippines,2015.000,-1.000
Belgium,2015.000,3.000
Italy,2015.000,3.000
China,2015.000,3.050
France,2015.000,0.000
United Kingdom,2015.000,1.000
Germany,2015.000,4.050
United States,2015.000,-1.000
United States,2015.000,-1.000
Italy,2015.000,-1.000
Italy,2015.000,3.000
Turkey,2015.000,2.000
United States,2015.000,-1.000
India,2015.000,4.050
India,2015.000,4.000
China,2015.000,-1.000
China,2015.000,-1.000
China,2015.000,3.050
China,2015.000,3.050
Spain,2015.000,-1.000
Vietnam,2016.000,0.000
Colombia,2016.000,0.000
Spain,2016.000,0.000
Spain,2016.000,0.000
Spain,2016.000,3.000
Italy,2016.000,0.000
Spain,2016.000,3.000
Mexico,2016.000,3.000
China,2016.000,3.050
Kuwait,2016.000,-1.000
China,2016.000,-1.000
Kuwait,2016.000,0.000
Mexico,2016.000,3.050
Italy,2016.000,3.000
Spain,2016.000,0.000
Belgium,2016.000,-1.000
Italy,2016.000,-1.000
Italy,2016.000,3.050
Italy,2016.000,3.000
United States,2016.000,2.000
United States,2016.000,2.000
France,2016.000,-1.000
France,2016.000,1.000
Venezuela,2016.000,2.000
Venezuela,2016.000,2.000
Venezuela,2016.000,0.000
Venezuela,2016.000,3.000
Venezuela,2016.000,-1.000
Venezuela,2016.000,-1.000
Venezuela,2016.000,-1.000
United Kingdom,2016.000,3.050
United Kingdom,2016.000,3.050
Panama,2016.000,-1.000
Panama,2016.000,-1.000
Panama,2016.000,-1.000
Romania,2016.000,3.050
United States,2016.000,1.000
Pakistan,2016.000,4.050
Pakistan,2016.000,4.000
Pakistan,2016.000,2.000
India,2016.000,-1.000
Belgium,2016.000,-1.000
United States,2016.000,-1.000
Philippines,2016.000,3.050
Brazil,2016.000,2.000
Brazil,2016.000,-1.000
Taiwan,2016.000,1.000
Taiwan,2016.000,0.000
Philippines,2016.000,4.000
Canada,2016.000,0.000
Germany,2016.000,-1.000
Belgium,2016.000,1.000
Colombia,2016.000,0.000
Australia,2016.000,3.000
Brazil,2016.000,1.000
Brazil,2016.000,3.000
Guatemala,2016.000,4.050
Guatemala,2016.000,4.050
Guatemala,2016.000,0.000
Brazil,2016.000,1.000
Thailand,2016.000,3.050
Thailand,2016.000,3.050
Thailand,2016.000,3.050
Poland,2016.000,1.000
United States,2016.000,0.000
Spain,2016.000,-1.000
Venezuela,2016.000,1.000
Thailand,2016.000,-1.000
Philippines,2016.000,3.050
Philippines,2016.000,3.000
Taiwan,2016.000,3.000
Malaysia,2016.000,-1.000
Malaysia,2016.000,-1.000
Venezuela,2016.000,-1.000
Venezuela,2016.000,-1.000
Austria,2016.000,-1.000
Morocco,2016.000,-1.000
Saudi Arabia,2016.000,0.000
Saudi Arabia,2016.000,-1.000
Italy,2016.000,2.000
Italy,2016.000,2.000
China,2016.000,4.050
China,2016.000,4.050
China,2016.000,4.050
China,2016.000,4.050
China,2016.000,-1.000
Taiwan,2016.000,1.000
Germany,2016.000,-1.000
Germany,2016.000,0.000
China,2016.000,-1.000
Italy,2016.000,0.000
Spain,2016.000,1.000
Spain,2016.000,0.000
Italy,2016.000,2.000
Italy,2016.000,-1.000
Italy,2016.000,4.050
India,2016.000,4.000
India,2016.000,4.050
India,2016.000,4.000
India,2016.000,4.000
India,2016.000,-1.000
India,2016.000,4.050
India,2016.000,-1.000
Germany,2016.000,0.000
China,2016.000,-1.000
Spain,2016.000,-1.000
Spain,2016.000,0.000
Turkey,2016.000,-1.000
France,2016.000,0.000
Taiwan,2016.000,-1.000
Taiwan,2016.000,-1.000
United States,2016.000,-1.000
China,2016.000,3.050
China,2016.000,3.050
China,2016.000,3.050
Italy,2016.000,-1.000
Netherlands,2016.000,1.000
Portugal,2016.000,0.000
Croatia,2016.000,3.000
Croatia,2016.000,0.000
Canada,2016.000,-1.000
France,2016.000,-1.000
Pakistan,2016.000,-1.000
Pakistan,2016.000,-1.000
Spain,2017.000,-1.000
Portugal,2017.000,-1.000
United States,2017.000,0.000
United States,2017.000,-1.000
United States,2017.000,0.000
Belgium,2017.000,-1.000
Italy,2017.000,2.000
Spain,2017.000,-1.000
Spain,2017.000,0.000
Spain,2017.000,0.000
Italy,2017.000,-1.000
Thailand,2017.000,3.050
Thailand,2017.000,3.050
Thailand,2017.000,2.000
Thailand,2017.000,3.050
Greece,2017.000,1.000
Jordan,2017.000,-1.000
Belgium,2017.000,-1.000
Belgium,2017.000,0.000
Belgium,2017.000,-1.000
South Africa,2017.000,-1.000
Italy,2017.000,-1.000
United Kingdom,2017.000,-1.000
United Kingdom,2017.000,4.000
United Kingdom,2017.000,4.050
Australia,2017.000,-1.000
Belgium,2017.000,-1.000
Germany,2017.000,0.000
Germany,2017.000,-1.000
Belgium,2017.000,-1.000
Hungary,2017.000,3.000
Hungary,2017.000,4.050
Venezuela,2017.000,-1.000
Australia,2017.000,2.000
Germany,2017.000,1.000
United States,2017.000,-1.000
United States,2017.000,-1.000
Spain,2017.000,-1.000
Spain,2017.000,0.000
Argentina,2017.000,2.000
Germany,2017.000,4.050
Israel,2017.000,0.000
Taiwan,2017.000,-1.000
Taiwan,2017.000,3.000
United Kingdom,2017.000,3.050
Australia,2017.000,-1.000
Kuwait,2017.000,3.050
Germany,2017.000,2.000
Italy,2017.000,0.000
"Korea, South",2017.000,3.050
"Korea, South",2017.000,1.000
Russia,2017.000,2.000
Venezuela,2017.000,3.050
Venezuela,2017.000,2.000
Russia,2017.000,-1.000
South Africa,2017.000,-1.000
Italy,2017.000,-1.000
Italy,2017.000,2.000
South Africa,2017.000,1.000
Sweden,2017.000,1.000
Greece,2017.000,1.000
France,2017.000,1.000
Colombia,2017.000,2.000
Colombia,2017.000,4.050
Colombia,2017.000,4.050
Mexico,2017.000,3.000
Chile,2017.000,-1.000
Guatemala,2017.000,-1.000
Guatemala,2017.000,0.000
Guatemala,2017.000,0.000
Guatemala,2017.000,0.000
Guatemala,2017.000,0.000
Venezuela,2017.000,0.000
United Kingdom,2017.000,-1.000
South Africa,2017.000,-1.000
South Africa,2017.000,-1.000
Colombia,2017.000,3.000
Colombia,2017.000,1.000
Mexico,2017.000,-1.000
Pakistan,2017.000,0.000
Pakistan,2017.000,0.000
Pakistan,2017.000,4.050
Pakistan,2017.000,4.050
Pakistan,2017.000,-1.000
Philippines,2017.000,3.050
Brazil,2017.000,2.000
"Korea, South",2017.000,0.000
Spain,2017.000,-1.000
Taiwan,2017.000,-1.000
Ireland,2017.000,0.000
Ireland,2017.000,-1.000
Ireland,2017.000,-1.000
Ireland,2017.000,-1.000
Ireland,2017.000,-1.000
Ireland,2017.000,-1.000
Ireland,2017.000,-1.000
Taiwan,2017.000,4.050
Taiwan,2017.000,1.000
Taiwan,2017.000,-1.000
Taiwan,2017.000,-1.000
Taiwan,2017.000,2.000
Germany,2017.000,-1.000
Germany,2017.000,-1.000
Belgium,2017.000,1.000
