Country,Year,MIC
Australia,2012.000,-2.000
Philippines,2012.000,-3.000
Philippines,2012.000,-3.000
Argentina,2012.000,-2.000
Argentina,2012.000,-3.000
Argentina,2012.000,-3.000
Argentina,2012.000,-3.000
Italy,2012.000,-3.000
Italy,2012.000,1.000
Israel,2012.000,2.000
South Africa,2012.000,-3.000
South Africa,2012.000,-3.000
South Africa,2012.000,-3.000
South Africa,2012.000,-3.000
Philippines,2012.000,-1.000
Philippines,2012.000,-2.000
Philippines,2012.000,-3.000
Philippines,2012.000,-3.000
Philippines,2012.000,-3.000
Hungary,2012.000,-3.000
Hungary,2012.000,-3.000
Hungary,2012.000,-3.000
Hungary,2012.000,-3.000
Spain,2012.000,-2.000
Philippines,2012.000,2.050
Greece,2012.000,-2.000
United States,2012.000,-3.000
United States,2012.000,-2.000
Spain,2012.000,-3.000
Spain,2012.000,-3.000
South Africa,2012.000,-3.000
South Africa,2012.000,-3.000
France,2012.000,-2.000
Germany,2012.000,-2.000
United States,2012.000,-3.000
United States,2012.000,-2.000
Chile,2012.000,-2.000
Argentina,2012.000,-3.000
Argentina,2012.000,-3.000
Turkey,2012.000,1.000
Romania,2012.000,-2.000
Romania,2012.000,-3.000
Russia,2012.000,-3.000
Russia,2012.000,-3.000
China,2012.000,-2.000
Thailand,2012.000,0.000
Turkey,2012.000,-1.000
Russia,2012.000,-3.000
Russia,2012.000,-3.000
Russia,2012.000,-3.000
Russia,2012.000,-3.000
Russia,2012.000,-3.000
Russia,2012.000,-1.000
Russia,2012.000,-3.000
Russia,2012.000,-3.000
Italy,2012.000,-2.000
Italy,2012.000,2.050
Italy,2012.000,-3.000
Italy,2012.000,0.000
Italy,2012.000,-2.000
Italy,2012.000,-3.000
Spain,2012.000,-2.000
Belgium,2012.000,-3.000
"Korea, South",2012.000,-3.000
"Korea, South",2012.000,-2.000
"Korea, South",2012.000,-3.000
"Korea, South",2012.000,-3.000
"Korea, South",2012.000,-3.000
United States,2012.000,-2.000
United States,2012.000,-1.000
Italy,2012.000,-3.000
Taiwan,2012.000,-3.000
Taiwan,2012.000,-3.000
Colombia,2012.000,1.000
Colombia,2012.000,2.000
Colombia,2012.000,-2.000
Colombia,2012.000,-1.000
France,2012.000,-2.000
France,2012.000,-3.000
France,2012.000,-3.000
France,2012.000,-2.000
Mexico,2012.000,-2.000
Mexico,2012.000,-2.000
Mexico,2012.000,-3.000
Turkey,2012.000,-3.000
United States,2012.000,-3.000
United States,2012.000,-3.000
United States,2012.000,-3.000
United States,2012.000,-3.000
United States,2012.000,-3.000
Germany,2012.000,-3.000
Austria,2012.000,-3.000
Spain,2012.000,-3.000
Taiwan,2012.000,-3.000
Thailand,2012.000,-3.000
Thailand,2012.000,-3.000
Thailand,2012.000,-3.000
Thailand,2012.000,-3.000
China,2012.000,0.000
China,2012.000,-1.000
China,2012.000,1.000
China,2012.000,-3.000
Brazil,2012.000,-3.000
Brazil,2012.000,2.050
Sweden,2012.000,-3.000
Sweden,2012.000,-1.000
Sweden,2012.000,-3.000
Sweden,2012.000,-3.000
United Kingdom,2012.000,-1.000
China,2012.000,-3.000
China,2012.000,-3.000
China,2012.000,-3.000
Japan,2012.000,-2.000
Japan,2012.000,-2.000
Portugal,2012.000,-3.000
Portugal,2012.000,-3.000
Israel,2013.000,-2.000
Israel,2013.000,-3.000
Greece,2013.000,-2.000
Greece,2013.000,0.000
United States,2013.000,-2.000
China,2013.000,-3.000
China,2013.000,-3.000
China,2013.000,-3.000
France,2013.000,-3.000
Poland,2013.000,-3.000
China,2013.000,-3.000
Ireland,2013.000,-3.000
Ireland,2013.000,-3.000
Ireland,2013.000,-3.000
China,2013.000,-3.000
China,2013.000,-3.000
Germany,2013.000,-3.000
China,2013.000,-3.000
China,2013.000,2.050
China,2013.000,-1.000
China,2013.000,2.000
China,2013.000,-3.000
China,2013.000,1.000
Australia,2013.000,-3.000
Hong Kong,2013.000,1.000
Hong Kong,2013.000,-3.000
Japan,2013.000,-3.000
France,2013.000,-2.000
Nigeria,2013.000,0.000
Nigeria,2013.000,2.000
Kenya,2013.000,-3.000
Kenya,2013.000,-3.000
Russia,2013.000,-3.000
Russia,2013.000,-3.000
Russia,2013.000,-3.000
Russia,2013.000,-3.000
United States,2013.000,2.000
United States,2013.000,-2.000
Sweden,2013.000,-3.000
Belgium,2013.000,-3.000
Belgium,2013.000,-3.000
Italy,2013.000,-2.000
Argentina,2013.000,-3.000
United States,2013.000,-2.000
United States,2013.000,-3.000
United States,2013.000,-3.000
Hungary,2013.000,-3.000
Hungary,2013.000,-3.000
Chile,2013.000,-3.000
Spain,2013.000,-3.000
Thailand,2013.000,-3.000
Thailand,2013.000,2.050
Turkey,2013.000,-3.000
Turkey,2013.000,-3.000
Greece,2013.000,2.050
Taiwan,2013.000,-3.000
Taiwan,2013.000,-3.000
Taiwan,2013.000,-3.000
Belgium,2013.000,-2.000
Israel,2013.000,-2.000
Israel,2013.000,-2.000
Israel,2013.000,-3.000
Israel,2013.000,-3.000
Israel,2013.000,-3.000
Romania,2013.000,-3.000
Romania,2013.000,-3.000
Romania,2013.000,-3.000
Romania,2013.000,-1.000
China,2013.000,-3.000
Argentina,2013.000,-3.000
Spain,2013.000,-3.000
Spain,2013.000,-3.000
Spain,2013.000,-3.000
Portugal,2013.000,-3.000
Portugal,2013.000,-2.000
Portugal,2013.000,-3.000
Germany,2013.000,-3.000
Italy,2013.000,-3.000
Italy,2013.000,-3.000
Australia,2013.000,-3.000
France,2013.000,-2.000
Portugal,2013.000,-3.000
Portugal,2013.000,-2.000
Thailand,2013.000,-3.000
Thailand,2013.000,-3.000
Thailand,2013.000,-3.000
Thailand,2013.000,-3.000
Taiwan,2013.000,-3.000
Taiwan,2013.000,-2.000
Kuwait,2013.000,-2.000
Kuwait,2013.000,2.050
Mexico,2013.000,-3.000
Turkey,2013.000,-3.000
"Korea, South",2013.000,-3.000
"Korea, South",2013.000,-3.000
Philippines,2013.000,-3.000
Philippines,2013.000,-2.000
Philippines,2013.000,-3.000
Philippines,2013.000,-3.000
Taiwan,2013.000,0.000
Taiwan,2013.000,0.000
Taiwan,2013.000,-2.000
Taiwan,2013.000,-3.000
United Kingdom,2013.000,-3.000
United Kingdom,2013.000,-2.000
Colombia,2013.000,-3.000
Thailand,2013.000,2.050
Colombia,2013.000,-3.000
Colombia,2013.000,-3.000
Colombia,2013.000,-3.000
Colombia,2013.000,0.000
Colombia,2013.000,0.000
Colombia,2013.000,0.000
South Africa,2013.000,-3.000
South Africa,2013.000,-2.000
Australia,2013.000,-2.000
United Kingdom,2013.000,-3.000
Chile,2013.000,-3.000
Chile,2013.000,-3.000
Italy,2013.000,2.050
China,2013.000,-3.000
Russia,2013.000,-3.000
Russia,2013.000,-3.000
Argentina,2013.000,-3.000
Russia,2013.000,-3.000
Italy,2013.000,-3.000
United States,2013.000,2.050
United States,2013.000,-3.000
United States,2013.000,-2.000
United States,2013.000,2.000
Belgium,2013.000,-2.000
United States,2013.000,-3.000
United States,2013.000,-3.000
United States,2013.000,-3.000
United States,2013.000,-3.000
United States,2013.000,-3.000
Venezuela,2013.000,-2.000
Poland,2013.000,-3.000
Poland,2013.000,-3.000
Poland,2013.000,-2.000
Poland,2013.000,-3.000
"Korea, South",2013.000,-3.000
"Korea, South",2013.000,-3.000
"Korea, South",2013.000,-3.000
Brazil,2013.000,-3.000
Brazil,2013.000,2.000
Brazil,2013.000,1.000
Brazil,2013.000,-3.000
Brazil,2013.000,-3.000
Brazil,2013.000,-3.000
Japan,2013.000,-3.000
Japan,2013.000,-2.000
China,2013.000,2.050
China,2013.000,2.050
China,2013.000,-3.000
Czech Republic,2013.000,-3.000
China,2014.000,3.050
China,2014.000,-2.000
United States,2014.000,-2.000
United States,2014.000,-2.000
Chile,2014.000,-2.000
France,2014.000,-2.000
Thailand,2014.000,-2.000
Mexico,2014.000,1.000
United Kingdom,2014.000,-2.000
"Korea, South",2014.000,-2.000
"Korea, South",2014.000,-2.000
Germany,2014.000,-2.000
Venezuela,2014.000,-2.000
Germany,2014.000,-1.000
Argentina,2014.000,2.000
Argentina,2014.000,1.000
United States,2014.000,-2.000
United States,2014.000,-2.000
United States,2014.000,2.000
United States,2014.000,2.050
Argentina,2014.000,2.050
Israel,2014.000,-2.000
Israel,2014.000,-2.000
South Africa,2014.000,-2.000
Kuwait,2014.000,2.050
Greece,2014.000,-2.000
China,2014.000,3.050
Kenya,2014.000,-2.000
China,2014.000,3.050
China,2014.000,-2.000
China,2014.000,-2.000
Mexico,2014.000,-1.000
Mexico,2014.000,-2.000
Mexico,2014.000,-1.000
Germany,2014.000,-2.000
Russia,2014.000,-2.000
Russia,2014.000,2.000
Taiwan,2014.000,-2.000
Spain,2014.000,-2.000
Brazil,2014.000,1.000
Belgium,2014.000,-2.000
Belgium,2014.000,-1.000
Hungary,2014.000,-1.000
Israel,2014.000,2.050
Mexico,2014.000,-2.000
China,2014.000,-1.000
Nigeria,2014.000,-1.000
Belgium,2014.000,-2.000
Colombia,2014.000,0.000
United States,2014.000,-2.000
Turkey,2014.000,-1.000
Turkey,2014.000,-1.000
Turkey,2014.000,-2.000
United States,2014.000,-2.000
France,2014.000,-2.000
Austria,2014.000,-2.000
Mexico,2014.000,-2.000
Denmark,2014.000,-2.000
United States,2014.000,-2.000
Portugal,2014.000,2.000
Portugal,2014.000,2.000
Portugal,2014.000,2.000
China,2014.000,-2.000
Japan,2014.000,-1.000
Israel,2014.000,2.000
United States,2015.000,-1.000
United States,2015.000,0.000
Italy,2015.000,0.000
Russia,2015.000,3.050
Russia,2015.000,3.050
Mexico,2015.000,0.000
Spain,2015.000,-1.000
Turkey,2015.000,0.000
Turkey,2015.000,0.000
Turkey,2015.000,2.000
Turkey,2015.000,-1.000
Turkey,2015.000,0.000
Turkey,2015.000,0.000
Turkey,2015.000,1.000
Turkey,2015.000,1.000
Turkey,2015.000,1.000
Turkey,2015.000,1.000
Turkey,2015.000,-1.000
Turkey,2015.000,0.000
Turkey,2015.000,-1.000
Turkey,2015.000,-1.000
Turkey,2015.000,-1.000
Turkey,2015.000,3.050
Turkey,2015.000,0.000
Turkey,2015.000,-1.000
Greece,2015.000,-1.000
Italy,2015.000,1.000
Italy,2015.000,2.000
Portugal,2015.000,-1.000
Portugal,2015.000,0.000
United States,2015.000,1.000
Thailand,2015.000,3.050
Thailand,2015.000,0.000
Thailand,2015.000,3.050
Mexico,2015.000,2.000
Mexico,2015.000,3.050
"Korea, South",2015.000,1.000
Argentina,2015.000,2.000
Kuwait,2015.000,-1.000
South Africa,2015.000,-1.000
Colombia,2015.000,-1.000
Colombia,2015.000,0.000
Spain,2015.000,0.000
Japan,2015.000,-1.000
Colombia,2015.000,-1.000
Brazil,2015.000,-1.000
Philippines,2015.000,0.000
Belgium,2015.000,2.000
China,2015.000,3.050
Turkey,2015.000,1.000
China,2015.000,0.000
China,2015.000,0.000
China,2015.000,3.050
China,2015.000,2.000
China,2016.000,3.050
Mexico,2016.000,3.000
Italy,2016.000,2.000
Spain,2016.000,0.000
Belgium,2016.000,0.000
Italy,2016.000,0.000
Italy,2016.000,3.050
Italy,2016.000,3.050
United States,2016.000,2.000
United States,2016.000,1.000
France,2016.000,1.000
Venezuela,2016.000,1.000
Venezuela,2016.000,1.000
Venezuela,2016.000,0.000
Venezuela,2016.000,2.000
United Kingdom,2016.000,3.050
United Kingdom,2016.000,3.050
Romania,2016.000,3.050
Philippines,2016.000,3.050
Taiwan,2016.000,1.000
Taiwan,2016.000,0.000
Belgium,2016.000,0.000
Chile,2016.000,0.000
Colombia,2016.000,0.000
Australia,2016.000,3.000
Brazil,2016.000,0.000
Brazil,2016.000,2.000
Brazil,2016.000,1.000
Thailand,2016.000,3.050
Thailand,2016.000,3.050
Thailand,2016.000,3.050
Poland,2016.000,1.000
United States,2016.000,0.000
Philippines,2016.000,3.050
Philippines,2016.000,2.000
Taiwan,2016.000,2.000
Italy,2016.000,1.000
Italy,2016.000,2.000
China,2016.000,3.050
China,2016.000,3.050
China,2016.000,3.050
Netherlands,2016.000,0.000
Thailand,2017.000,3.000
Thailand,2017.000,3.050
Thailand,2017.000,2.000
Thailand,2017.000,3.050
Greece,2017.000,0.000
Belgium,2017.000,0.000
Belgium,2017.000,-1.000
Australia,2017.000,-1.000
United Kingdom,2017.000,0.000
Germany,2017.000,0.000
Argentina,2017.000,1.000
Israel,2017.000,1.000
Taiwan,2017.000,2.000
United Kingdom,2017.000,3.050
Australia,2017.000,-1.000
Kuwait,2017.000,3.050
Germany,2017.000,1.000
Italy,2017.000,0.000
"Korea, South",2017.000,3.050
"Korea, South",2017.000,0.000
Russia,2017.000,2.000
Venezuela,2017.000,3.050
Venezuela,2017.000,0.000
Russia,2017.000,-1.000
South Africa,2017.000,-1.000
South Africa,2017.000,2.000
Sweden,2017.000,1.000
Spain,2017.000,-1.000
Greece,2017.000,1.000
France,2017.000,0.000
Mexico,2017.000,2.000
South Africa,2017.000,1.000
Colombia,2017.000,2.000
Colombia,2017.000,2.000
Philippines,2017.000,3.050
Brazil,2017.000,1.000
