Country,Year,MIC
Argentina,2012.000,2.050
Argentina,2012.000,-1.000
South Africa,2012.000,2.050
Germany,2012.000,-1.000
Greece,2012.000,-1.000
China,2012.000,2.050
China,2012.000,1.000
China,2012.000,2.050
China,2012.000,-2.000
Belgium,2012.000,0.000
Belgium,2012.000,-2.000
France,2012.000,-2.000
United States,2012.000,0.000
China,2012.000,-2.000
Portugal,2012.000,-2.000
Greece,2013.000,0.000
Belgium,2013.000,0.000
Greece,2013.000,2.050
Belgium,2013.000,-1.000
Austria,2013.000,2.050
Romania,2013.000,2.050
Spain,2013.000,2.050
South Africa,2013.000,2.050
China,2013.000,2.000
Belgium,2013.000,-1.000
Netherlands,2014.000,-6.000
China,2014.000,-6.000
China,2014.000,3.050
Portugal,2014.000,2.050
Italy,2014.000,2.000
"Korea, South",2014.000,-2.000
Greece,2014.000,-1.000
Belgium,2014.000,-1.000
Italy,2014.000,-2.000
Mexico,2014.000,-2.000
Brazil,2014.000,2.050
Brazil,2014.000,1.000
Colombia,2014.000,1.000
France,2014.000,-1.000
United States,2014.000,-2.000
Spain,2015.000,-1.000
Turkey,2015.000,3.000
Venezuela,2015.000,3.050
Belgium,2015.000,2.000
Australia,2015.000,1.000
Italy,2015.000,3.050
Poland,2015.000,3.050
Colombia,2015.000,0.000
Venezuela,2015.000,3.000
Belgium,2015.000,1.000
Romania,2015.000,2.000
Romania,2015.000,3.000
Romania,2015.000,2.000
China,2015.000,3.000
China,2015.000,-1.000
China,2015.000,-1.000
China,2015.000,1.000
Colombia,2015.000,0.000
Colombia,2015.000,0.000
China,2016.000,2.000
Kuwait,2016.000,3.050
Argentina,2016.000,1.000
Argentina,2016.000,1.000
Mexico,2016.000,-1.000
"Korea, South",2016.000,-1.000
Venezuela,2016.000,-7.000
Italy,2016.000,3.000
Belgium,2016.000,0.000
Brazil,2016.000,3.050
Belgium,2016.000,1.000
South Africa,2016.000,-1.000
Philippines,2016.000,3.050
China,2016.000,-1.000
Portugal,2016.000,2.000
Netherlands,2016.000,-1.000
Australia,2017.000,2.000
Belgium,2017.000,0.000
Philippines,2017.000,3.050
Venezuela,2017.000,3.050
Chile,2017.000,2.000
Spain,2017.000,2.000
Poland,2017.000,1.000
Poland,2017.000,0.000
Brazil,2017.000,1.000
