Country,Year,MIC
United States,2004.000,-4.000
United Kingdom,2004.000,-4.000
Spain,2004.000,-4.000
Italy,2004.000,-4.000
Italy,2004.000,-4.000
Germany,2004.000,-4.000
France,2004.000,-4.000
United States,2004.000,-4.000
United Kingdom,2004.000,-4.000
France,2004.000,-4.000
France,2004.000,-4.000
France,2004.000,-4.000
Germany,2004.000,-4.000
Greece,2004.000,-4.000
United States,2004.000,-4.000
United States,2004.000,-4.000
Poland,2004.000,-4.000
United Kingdom,2004.000,-4.000
United Kingdom,2004.000,-4.000
United Kingdom,2004.000,-4.000
United Kingdom,2004.000,-4.000
Portugal,2004.000,-4.000
United States,2004.000,-4.000
United States,2004.000,-4.000
United States,2004.000,-4.000
United States,2004.000,-4.000
Australia,2004.000,-4.000
Canada,2004.000,-4.000
Pakistan,2005.000,-4.000
United States,2005.000,-4.000
United States,2005.000,-4.000
South Africa,2005.000,-4.000
Sweden,2005.000,-4.000
Spain,2005.000,-4.000
Spain,2005.000,1.000
Spain,2005.000,-4.000
Spain,2005.000,-4.000
Spain,2005.000,-4.000
Spain,2005.000,-4.000
United States,2005.000,-4.000
United States,2005.000,-4.000
United States,2005.000,-3.000
United States,2005.000,-4.000
United States,2005.000,-4.000
United States,2005.000,-4.000
Turkey,2005.000,-4.000
Colombia,2006.000,-3.000
United States,2006.000,-3.000
United States,2006.000,-3.000
United States,2006.000,-3.000
United States,2006.000,-3.000
United States,2006.000,-3.000
United States,2006.000,-3.000
United States,2006.000,-3.000
United States,2006.000,-2.000
United States,2006.000,-1.000
United States,2006.000,-1.000
United States,2006.000,-1.000
United States,2006.000,-1.000
United States,2006.000,-1.000
United States,2006.000,-1.000
United States,2006.000,-3.000
United States,2006.000,-1.000
United States,2006.000,-1.000
United States,2006.000,-2.000
United States,2006.000,-3.000
United States,2006.000,-3.000
South Africa,2006.000,-3.000
South Africa,2006.000,-3.000
Israel,2006.000,-3.000
United States,2006.000,-3.000
Slovenia,2006.000,-3.000
Slovenia,2006.000,-3.000
Slovenia,2006.000,-3.000
Slovenia,2006.000,-3.000
Slovenia,2006.000,-3.000
Slovenia,2006.000,-3.000
Slovenia,2006.000,-3.000
Slovenia,2006.000,-3.000
Slovenia,2006.000,-3.000
United States,2006.000,-3.000
United States,2006.000,-3.000
United States,2006.000,-3.000
United States,2006.000,-3.000
United States,2006.000,-3.000
United States,2006.000,-3.000
Italy,2006.000,-3.000
Italy,2006.000,-3.000
Italy,2006.000,-3.000
Italy,2006.000,-3.000
Italy,2006.000,-1.000
United States,2006.000,-3.000
Mexico,2006.000,-2.000
Mexico,2006.000,-1.000
Mexico,2006.000,-2.000
Mexico,2006.000,-2.000
Mexico,2006.000,-2.000
Panama,2006.000,-3.000
Mexico,2006.000,-3.000
Canada,2006.000,-3.000
Italy,2006.000,-3.000
Australia,2006.000,-3.000
Australia,2006.000,-3.000
India,2006.000,2.000
United States,2006.000,-2.000
Ireland,2007.000,1.000
Ireland,2007.000,-1.000
Germany,2007.000,1.000
India,2007.000,-1.000
United States,2007.000,0.000
United States,2007.000,2.000
United States,2007.000,2.000
France,2007.000,2.000
Greece,2007.000,3.000
United Kingdom,2007.000,0.000
Israel,2007.000,4.050
Israel,2007.000,4.050
Israel,2007.000,4.050
Israel,2007.000,4.050
Israel,2007.000,4.050
India,2007.000,0.000
India,2007.000,2.000
Singapore,2007.000,-1.000
Italy,2007.000,-1.000
Spain,2007.000,0.000
United States,2007.000,-1.000
United States,2007.000,-1.000
United States,2007.000,-1.000
United States,2007.000,2.000
United States,2007.000,2.000
United States,2007.000,4.050
United States,2007.000,3.000
Singapore,2007.000,-1.000
Spain,2007.000,1.000
France,2007.000,4.050
France,2007.000,1.000
India,2007.000,1.000
India,2007.000,2.000
Turkey,2008.000,-1.000
Italy,2008.000,-1.000
Spain,2008.000,-1.000
Spain,2008.000,-2.000
United States,2008.000,-2.000
Italy,2008.000,-2.000
United States,2008.000,-2.000
Italy,2008.000,-2.000
Italy,2008.000,-2.000
Italy,2008.000,-1.000
Ireland,2008.000,-1.000
Ireland,2008.000,0.000
Ireland,2008.000,-1.000
Germany,2008.000,3.000
Colombia,2008.000,4.000
Turkey,2008.000,-1.000
Turkey,2008.000,-1.000
Turkey,2008.000,4.050
France,2008.000,-1.000
Czech Republic,2008.000,-2.000
Spain,2008.000,-2.000
Spain,2008.000,4.050
Spain,2008.000,4.050
France,2008.000,-2.000
France,2008.000,0.000
United States,2008.000,-2.000
United States,2008.000,-2.000
United States,2008.000,-2.000
United States,2008.000,-2.000
United States,2008.000,-2.000
United States,2008.000,-2.000
Mexico,2008.000,-2.000
France,2008.000,-2.000
Mexico,2008.000,1.000
Mexico,2008.000,-1.000
Mexico,2008.000,-2.000
Mexico,2008.000,-2.000
France,2008.000,1.000
Romania,2008.000,-2.000
Turkey,2008.000,-1.000
United States,2008.000,4.050
Spain,2008.000,2.000
Brazil,2008.000,0.000
Poland,2008.000,1.000
Mexico,2009.000,2.000
Greece,2009.000,3.000
Turkey,2009.000,1.000
Turkey,2009.000,2.000
Spain,2009.000,1.000
Spain,2009.000,2.000
United States,2009.000,2.000
United States,2009.000,2.000
Italy,2009.000,1.000
Belgium,2009.000,2.000
Mexico,2009.000,2.000
Mexico,2009.000,1.000
Belgium,2009.000,1.000
United States,2009.000,1.000
El Salvador,2009.000,1.000
Israel,2010.000,1.000
Spain,2010.000,1.000
United States,2010.000,-1.000
United States,2010.000,-1.000
United States,2010.000,4.050
Australia,2010.000,-1.000
Australia,2010.000,0.000
United States,2010.000,0.000
United States,2010.000,2.000
Canada,2010.000,1.000
United States,2010.000,-1.000
Spain,2010.000,2.000
Spain,2010.000,0.000
Italy,2010.000,0.000
United States,2010.000,-1.000
United States,2010.000,-1.000
United States,2010.000,-1.000
United States,2010.000,-1.000
Belgium,2010.000,3.000
Belgium,2010.000,3.000
Mexico,2010.000,0.000
Germany,2010.000,-1.000
Germany,2010.000,-1.000
Belgium,2010.000,4.000
United States,2010.000,-1.000
United States,2010.000,-1.000
Mexico,2010.000,-1.000
Germany,2010.000,1.000
Mexico,2010.000,0.000
Lithuania,2010.000,1.000
Mexico,2010.000,-1.000
Mexico,2010.000,-1.000
Spain,2011.000,0.000
United States,2011.000,-2.000
United States,2011.000,0.000
United States,2011.000,0.000
Jordan,2011.000,-2.000
Spain,2011.000,-1.000
Spain,2011.000,-1.000
Spain,2011.000,-2.000
Spain,2011.000,-2.000
United States,2011.000,-1.000
United States,2011.000,-2.000
Germany,2011.000,-2.000
Germany,2011.000,-1.000
Germany,2011.000,-1.000
Germany,2011.000,-2.000
France,2011.000,-2.000
Italy,2011.000,-1.000
Ireland,2011.000,-2.000
France,2011.000,0.000
Spain,2011.000,0.000
Spain,2011.000,0.000
United States,2012.000,0.000
Italy,2012.000,0.000
Germany,2012.000,-1.000
Egypt,2012.000,0.000
United States,2012.000,4.050
Italy,2012.000,-1.000
Belgium,2012.000,0.000
Argentina,2012.000,3.050
Argentina,2012.000,-1.000
South Africa,2012.000,3.000
United States,2012.000,-1.000
China,2012.000,3.050
China,2012.000,3.000
China,2012.000,3.050
Belgium,2012.000,-1.000
Belgium,2012.000,2.000
Belgium,2012.000,2.000
Italy,2012.000,0.000
United States,2012.000,-1.000
Spain,2012.000,0.000
Spain,2012.000,-1.000
United States,2012.000,1.000
Austria,2012.000,-8.000
Italy,2012.000,4.000
Spain,2012.000,4.050
Spain,2012.000,1.000
Spain,2012.000,4.050
Belgium,2013.000,0.000
Belgium,2013.000,2.000
Greece,2013.000,0.000
Italy,2013.000,4.050
Colombia,2013.000,3.000
Denmark,2013.000,0.000
United States,2013.000,1.000
Spain,2013.000,1.000
Italy,2013.000,-1.000
Poland,2013.000,1.000
Belgium,2013.000,1.000
Greece,2013.000,3.050
Belgium,2013.000,1.000
Spain,2013.000,3.000
Austria,2013.000,3.050
Romania,2013.000,3.050
Spain,2013.000,-1.000
Spain,2013.000,-1.000
Spain,2013.000,0.000
United States,2013.000,-1.000
Spain,2013.000,1.000
South Africa,2013.000,2.000
China,2013.000,2.000
France,2013.000,0.000
Belgium,2013.000,1.000
Belgium,2013.000,1.000
United States,2013.000,-1.000
United States,2013.000,2.000
Spain,2013.000,0.000
Spain,2013.000,-1.000
Spain,2013.000,2.000
Spain,2013.000,-1.000
China,2014.000,3.050
Portugal,2014.000,3.050
Italy,2014.000,3.000
Greece,2014.000,-1.000
Belgium,2014.000,-1.000
Italy,2014.000,-1.000
Netherlands,2014.000,0.000
Brazil,2014.000,2.000
Brazil,2014.000,2.000
Belgium,2014.000,-1.000
Belgium,2014.000,-1.000
Colombia,2014.000,1.000
Spain,2014.000,0.000
Spain,2014.000,0.000
Greece,2014.000,2.000
France,2014.000,0.000
Spain,2014.000,0.000
Italy,2014.000,1.000
Spain,2014.000,-1.000
Italy,2014.000,-1.000
Germany,2014.000,1.000
Russia,2015.000,-1.000
Turkey,2015.000,3.000
Venezuela,2015.000,3.050
Spain,2015.000,1.000
Belgium,2015.000,2.000
Australia,2015.000,2.000
Italy,2015.000,3.050
Poland,2015.000,3.050
Colombia,2015.000,2.000
Venezuela,2015.000,3.050
Ireland,2015.000,0.000
Ireland,2015.000,-1.000
Ireland,2015.000,-1.000
Venezuela,2015.000,4.000
Belgium,2015.000,1.000
Belgium,2015.000,0.000
Romania,2015.000,2.000
Romania,2015.000,3.000
Romania,2015.000,2.000
China,2015.000,2.000
Germany,2015.000,0.000
United States,2015.000,-1.000
Spain,2015.000,2.000
Spain,2015.000,3.000
China,2015.000,-1.000
China,2015.000,0.000
Colombia,2015.000,0.000
Colombia,2015.000,1.000
Germany,2015.000,0.000
Germany,2015.000,0.000
Colombia,2016.000,-1.000
Belgium,2016.000,0.000
Italy,2016.000,-1.000
Mexico,2016.000,1.000
United Kingdom,2016.000,0.000
China,2016.000,3.000
Kuwait,2016.000,3.050
Argentina,2016.000,2.000
Argentina,2016.000,1.000
Mexico,2016.000,-1.000
Spain,2016.000,-1.000
Spain,2016.000,-1.000
Italy,2016.000,2.000
Belgium,2016.000,0.000
Brazil,2016.000,3.050
Ireland,2016.000,0.000
Ireland,2016.000,0.000
Latvia,2016.000,-1.000
Belgium,2016.000,0.000
Philippines,2016.000,3.050
Spain,2016.000,2.000
Spain,2016.000,2.000
"Korea, South",2016.000,-1.000
Colombia,2016.000,-1.000
United States,2016.000,-1.000
Taiwan,2016.000,0.000
Greece,2016.000,4.000
Croatia,2016.000,-1.000
Portugal,2016.000,3.000
Netherlands,2016.000,-1.000
Spain,2016.000,0.000
United States,2016.000,0.000
Ireland,2016.000,-1.000
France,2016.000,0.000
France,2017.000,-1.000
Italy,2017.000,-1.000
Italy,2017.000,-1.000
Spain,2017.000,0.000
Spain,2017.000,2.000
France,2017.000,1.000
Australia,2017.000,3.000
Belgium,2017.000,0.000
Philippines,2017.000,3.050
United States,2017.000,4.050
Germany,2017.000,3.000
Venezuela,2017.000,3.050
South Africa,2017.000,-1.000
Spain,2017.000,1.000
Poland,2017.000,1.000
Poland,2017.000,0.000
Spain,2017.000,-1.000
France,2017.000,0.000
Brazil,2017.000,2.000
United States,2017.000,3.000
Ireland,2017.000,-1.000
Ireland,2017.000,0.000
Taiwan,2017.000,0.000
