Country,Year,MIC
China,2014.000,-2.000
Portugal,2014.000,0.000
Portugal,2014.000,-1.000
Portugal,2014.000,0.000
Portugal,2014.000,0.000
United States,2014.000,0.000
United States,2014.000,-1.000
United States,2014.000,-2.000
Germany,2014.000,0.000
Germany,2014.000,0.000
United States,2014.000,0.000
Spain,2014.000,-1.000
Spain,2014.000,0.000
Hungary,2014.000,0.000
Hungary,2014.000,0.000
Chile,2014.000,-2.000
Chile,2014.000,0.000
Spain,2014.000,0.000
Spain,2014.000,0.000
France,2014.000,-1.000
Thailand,2014.000,0.000
Philippines,2014.000,0.000
Portugal,2014.000,0.000
Portugal,2014.000,-2.000
Italy,2014.000,0.000
United States,2014.000,0.000
Greece,2014.000,0.000
Greece,2014.000,0.000
Thailand,2014.000,0.000
Thailand,2014.000,-1.000
"Korea, South",2014.000,0.000
United Kingdom,2014.000,-3.000
United Kingdom,2014.000,0.000
South Africa,2014.000,0.000
Germany,2014.000,0.000
Germany,2014.000,-1.000
Greece,2014.000,0.000
Greece,2014.000,0.000
Hungary,2014.000,0.000
Venezuela,2014.000,0.000
Germany,2014.000,0.000
Germany,2014.000,0.000
Poland,2014.000,-1.000
South Africa,2014.000,0.000
South Africa,2014.000,-1.000
Argentina,2014.000,0.000
United States,2014.000,-1.000
Denmark,2014.000,0.000
Denmark,2014.000,0.000
United States,2014.000,0.000
Philippines,2014.000,0.000
Philippines,2014.000,-1.000
Philippines,2014.000,-1.000
Philippines,2014.000,-1.000
Israel,2014.000,0.000
Israel,2014.000,0.000
Israel,2014.000,0.000
Spain,2014.000,0.000
Spain,2014.000,-1.000
Taiwan,2014.000,0.000
Czech Republic,2014.000,-2.000
Czech Republic,2014.000,-2.000
China,2014.000,0.000
Argentina,2014.000,0.000
Argentina,2014.000,0.000
Argentina,2014.000,-1.000
Germany,2014.000,-2.000
United States,2014.000,0.000
South Africa,2014.000,0.000
South Africa,2014.000,0.000
South Africa,2014.000,0.000
South Africa,2014.000,0.000
United States,2014.000,-1.000
United States,2014.000,0.000
Kenya,2014.000,-1.000
Kenya,2014.000,-2.000
Kenya,2014.000,-2.000
Israel,2014.000,0.000
Australia,2014.000,-1.000
China,2014.000,0.000
Mexico,2014.000,0.000
Philippines,2014.000,0.000
Romania,2014.000,0.000
Czech Republic,2014.000,0.000
France,2014.000,-3.000
Mexico,2014.000,0.000
Russia,2014.000,0.000
Taiwan,2014.000,0.000
Taiwan,2014.000,0.000
Taiwan,2014.000,0.000
Russia,2014.000,0.000
Russia,2014.000,-2.000
Taiwan,2014.000,0.000
Taiwan,2014.000,0.000
Taiwan,2014.000,-1.000
Austria,2014.000,0.000
Austria,2014.000,0.000
Brazil,2014.000,0.000
Brazil,2014.000,-3.000
Brazil,2014.000,-1.000
Brazil,2014.000,0.000
Brazil,2014.000,-2.000
Brazil,2014.000,-3.000
Brazil,2014.000,0.000
Brazil,2014.000,-1.000
Belgium,2014.000,-1.000
Belgium,2014.000,0.000
Belgium,2014.000,-1.000
China,2014.000,-2.000
China,2014.000,-5.000
Hungary,2014.000,0.000
Portugal,2014.000,0.000
Italy,2014.000,0.000
Italy,2014.000,0.000
Italy,2014.000,0.000
Mexico,2014.000,0.000
Poland,2014.000,0.000
Poland,2014.000,0.000
Belgium,2014.000,-1.000
Belgium,2014.000,-1.000
Belgium,2014.000,-1.000
Germany,2014.000,0.000
Germany,2014.000,-1.000
Kuwait,2014.000,0.000
Belgium,2014.000,0.000
Colombia,2014.000,-1.000
Colombia,2014.000,-2.000
Chile,2014.000,0.000
Austria,2014.000,0.000
Austria,2014.000,0.000
United States,2014.000,-1.000
Denmark,2014.000,0.000
Denmark,2014.000,-1.000
Mexico,2014.000,-1.000
France,2014.000,-2.000
France,2014.000,-1.000
France,2014.000,-2.000
France,2014.000,-1.000
Austria,2014.000,0.000
Austria,2014.000,0.000
United States,2014.000,0.000
United States,2014.000,0.000
Denmark,2014.000,0.000
Denmark,2014.000,-1.000
Denmark,2014.000,0.000
Denmark,2014.000,-1.000
United States,2014.000,0.000
Thailand,2014.000,0.000
Thailand,2014.000,0.000
Thailand,2014.000,-1.000
Thailand,2014.000,0.000
Thailand,2014.000,0.000
Thailand,2014.000,-1.000
Thailand,2014.000,-1.000
Portugal,2014.000,0.000
United States,2014.000,-2.000
United States,2014.000,-3.000
United States,2014.000,-1.000
China,2014.000,0.000
United States,2014.000,-1.000
Japan,2014.000,0.000
Greece,2014.000,0.000
Greece,2014.000,-1.000
Greece,2014.000,0.000
