Country,Year,MIC
United States,2004.000,-4.000
United States,2004.000,3.000
United States,2004.000,-3.000
United States,2004.000,-4.000
United States,2004.000,-2.000
Italy,2004.000,-4.000
Italy,2004.000,-4.000
Italy,2004.000,-4.000
Italy,2004.000,-3.000
France,2004.000,-4.000
United States,2004.000,-3.000
United States,2004.000,-4.000
United States,2004.000,-4.000
United States,2004.000,-4.000
United States,2004.000,-4.000
Ireland,2004.000,-3.000
Philippines,2004.000,-4.000
Philippines,2004.000,-4.000
United States,2004.000,-4.000
United States,2004.000,-4.000
United States,2004.000,-4.000
United States,2004.000,-3.000
United States,2004.000,-3.000
United States,2004.000,-4.000
United Kingdom,2004.000,-4.000
India,2004.000,-3.000
India,2004.000,-3.000
India,2004.000,-3.000
India,2004.000,-4.000
United States,2004.000,-4.000
United States,2004.000,-4.000
Chile,2004.000,-4.000
Singapore,2004.000,-3.000
Canada,2004.000,-3.000
Mexico,2005.000,0.000
United States,2005.000,-1.000
United States,2005.000,4.050
Italy,2005.000,0.000
Romania,2005.000,1.000
United States,2006.000,4.050
United States,2006.000,2.000
United States,2006.000,0.000
Turkey,2006.000,4.050
United States,2006.000,0.000
United States,2006.000,3.000
Puerto Rico,2006.000,4.000
Puerto Rico,2006.000,4.000
Puerto Rico,2006.000,0.000
Puerto Rico,2006.000,4.050
United States,2006.000,1.000
United States,2006.000,0.000
United States,2006.000,0.000
United States,2006.000,0.000
United States,2006.000,0.000
United States,2006.000,0.000
United States,2006.000,0.000
United States,2006.000,0.000
United States,2006.000,1.000
United States,2006.000,0.000
Mexico,2006.000,2.000
Croatia,2006.000,0.000
Germany,2006.000,1.000
France,2006.000,1.000
France,2006.000,1.000
France,2006.000,2.000
Mexico,2006.000,3.000
Mexico,2006.000,2.000
France,2007.000,2.000
Argentina,2007.000,1.000
Argentina,2007.000,1.000
Argentina,2007.000,1.000
Argentina,2007.000,1.000
Argentina,2007.000,1.000
United States,2007.000,2.000
Germany,2007.000,3.000
Germany,2007.000,3.000
Belgium,2007.000,1.000
"Korea, South",2007.000,3.000
"Korea, South",2007.000,2.000
"Korea, South",2007.000,2.000
"Korea, South",2007.000,3.000
"Korea, South",2007.000,2.000
"Korea, South",2007.000,2.000
United States,2007.000,0.000
Greece,2007.000,3.000
Finland,2007.000,0.000
South Africa,2007.000,2.000
United States,2007.000,1.000
United States,2007.000,4.050
United States,2007.000,4.050
United States,2007.000,1.000
United States,2007.000,4.050
Canada,2007.000,4.000
Mexico,2007.000,1.000
"Korea, South",2007.000,3.000
Taiwan,2007.000,0.000
Guatemala,2007.000,0.000
Guatemala,2007.000,1.000
Guatemala,2007.000,0.000
Ireland,2007.000,1.000
United States,2007.000,1.000
United States,2007.000,0.000
United States,2007.000,0.000
United States,2007.000,0.000
United States,2007.000,0.000
United States,2007.000,0.000
United States,2007.000,4.050
United States,2007.000,4.050
United States,2007.000,3.000
United States,2007.000,2.000
United States,2007.000,1.000
United States,2007.000,2.000
United States,2007.000,3.000
United States,2007.000,2.000
United States,2007.000,3.000
United States,2007.000,0.000
United States,2007.000,0.000
United States,2007.000,1.000
United States,2007.000,1.000
United States,2007.000,0.000
United States,2007.000,0.000
United States,2007.000,2.000
United States,2007.000,1.000
United States,2007.000,2.000
United States,2007.000,0.000
United States,2007.000,1.000
United States,2007.000,2.000
United States,2007.000,0.000
United States,2007.000,2.000
United States,2007.000,0.000
United States,2007.000,0.000
United States,2007.000,0.000
Canada,2007.000,2.000
Taiwan,2007.000,1.000
Taiwan,2007.000,0.000
Chile,2007.000,0.000
Chile,2007.000,0.000
Argentina,2007.000,1.000
United States,2007.000,0.000
United States,2007.000,4.050
Croatia,2007.000,4.050
Croatia,2007.000,0.000
India,2007.000,2.000
India,2007.000,1.000
Taiwan,2007.000,0.000
United States,2007.000,2.000
Mexico,2007.000,3.000
United States,2007.000,0.000
Philippines,2008.000,0.000
Philippines,2008.000,-1.000
United States,2008.000,4.000
Colombia,2008.000,4.050
Italy,2008.000,0.000
Italy,2008.000,0.000
Italy,2008.000,0.000
Italy,2008.000,0.000
Italy,2008.000,0.000
Italy,2008.000,0.000
Italy,2008.000,0.000
Italy,2008.000,0.000
Italy,2008.000,0.000
Italy,2008.000,0.000
United States,2008.000,0.000
Spain,2008.000,-1.000
Spain,2008.000,-1.000
Lithuania,2008.000,1.000
United States,2008.000,-1.000
United States,2008.000,3.000
United States,2008.000,3.000
United States,2008.000,-1.000
United States,2008.000,-1.000
Argentina,2008.000,2.000
Greece,2008.000,-1.000
United States,2008.000,-1.000
United States,2008.000,-1.000
United States,2008.000,0.000
United States,2008.000,-1.000
Mexico,2008.000,2.000
Turkey,2008.000,-1.000
Turkey,2008.000,4.050
Turkey,2008.000,0.000
Turkey,2008.000,-1.000
Turkey,2008.000,-1.000
Turkey,2008.000,1.000
Turkey,2008.000,-1.000
United States,2008.000,3.000
United States,2008.000,4.000
United States,2008.000,2.000
Switzerland,2008.000,-1.000
Italy,2008.000,-1.000
Spain,2008.000,-1.000
Spain,2008.000,1.000
Spain,2008.000,-1.000
India,2008.000,0.000
India,2008.000,0.000
Spain,2008.000,2.000
Mexico,2008.000,0.000
Mexico,2008.000,0.000
Germany,2008.000,-1.000
Germany,2008.000,-1.000
United States,2008.000,0.000
United States,2008.000,3.000
United States,2008.000,2.000
United States,2008.000,-1.000
United States,2008.000,2.000
Israel,2008.000,-1.000
Germany,2008.000,-1.000
Latvia,2008.000,-1.000
Mexico,2008.000,-1.000
Mexico,2008.000,-1.000
Portugal,2008.000,-1.000
United States,2008.000,1.000
Belgium,2008.000,1.000
Belgium,2008.000,-1.000
Mexico,2008.000,-1.000
United States,2008.000,-1.000
Czech Republic,2008.000,-1.000
Colombia,2008.000,2.000
Colombia,2008.000,0.000
Colombia,2008.000,4.050
Colombia,2008.000,2.000
Colombia,2008.000,1.000
Belgium,2008.000,0.000
Italy,2008.000,-1.000
Italy,2008.000,3.000
Colombia,2008.000,-1.000
Colombia,2008.000,-1.000
Colombia,2008.000,4.050
United States,2008.000,0.000
United States,2008.000,0.000
United States,2008.000,0.000
United States,2008.000,-1.000
United States,2008.000,0.000
United States,2008.000,0.000
United States,2008.000,-1.000
United States,2008.000,-1.000
Chile,2008.000,1.000
Chile,2008.000,4.000
Indonesia,2008.000,4.050
Indonesia,2008.000,4.050
Indonesia,2008.000,4.050
Indonesia,2008.000,4.050
Indonesia,2008.000,-1.000
Portugal,2008.000,2.000
Portugal,2008.000,-1.000
Portugal,2008.000,0.000
Portugal,2008.000,2.000
France,2008.000,-1.000
Slovenia,2008.000,2.000
Slovenia,2008.000,-1.000
Slovenia,2008.000,2.000
Argentina,2008.000,0.000
Argentina,2008.000,-1.000
Spain,2008.000,-1.000
Spain,2008.000,0.000
Mexico,2008.000,-1.000
Brazil,2008.000,1.000
Mexico,2008.000,-1.000
France,2008.000,2.000
France,2008.000,4.050
Hungary,2008.000,2.000
Hungary,2008.000,1.000
Hungary,2008.000,3.000
Ireland,2008.000,0.000
France,2008.000,2.000
France,2008.000,1.000
France,2008.000,2.000
France,2008.000,2.000
Romania,2008.000,1.000
Romania,2008.000,-1.000
Romania,2008.000,2.000
Argentina,2008.000,0.000
United States,2008.000,-1.000
Spain,2008.000,0.000
Guatemala,2008.000,3.000
Guatemala,2008.000,3.000
Guatemala,2008.000,-1.000
Guatemala,2008.000,-1.000
Italy,2008.000,0.000
Italy,2008.000,-1.000
Colombia,2008.000,3.000
Mexico,2008.000,-1.000
Mexico,2008.000,1.000
Finland,2009.000,0.000
Colombia,2009.000,-1.000
Mexico,2009.000,2.000
France,2009.000,0.000
Venezuela,2009.000,-1.000
Venezuela,2009.000,3.000
Bulgaria,2009.000,1.000
Bulgaria,2009.000,1.000
France,2009.000,3.000
Turkey,2009.000,0.000
Bulgaria,2009.000,-1.000
United States,2009.000,0.000
United States,2009.000,0.000
United States,2009.000,3.000
United States,2009.000,2.000
United States,2009.000,-1.000
United States,2009.000,1.000
United States,2009.000,3.000
United States,2009.000,1.000
United States,2009.000,1.000
United States,2009.000,-1.000
United States,2009.000,3.000
China,2009.000,1.000
United States,2009.000,-1.000
France,2009.000,-1.000
United States,2009.000,2.000
Mexico,2009.000,0.000
Mexico,2009.000,-1.000
Spain,2009.000,-1.000
Romania,2009.000,0.000
Portugal,2009.000,1.000
Portugal,2009.000,0.000
Bulgaria,2009.000,0.000
Mexico,2009.000,3.000
Mexico,2009.000,2.000
China,2009.000,-1.000
China,2009.000,-1.000
United States,2009.000,2.000
United States,2009.000,0.000
Colombia,2009.000,-1.000
Colombia,2009.000,0.000
Colombia,2009.000,0.000
Colombia,2009.000,-1.000
Colombia,2009.000,1.000
Colombia,2009.000,0.000
Colombia,2009.000,4.050
Colombia,2009.000,2.000
Colombia,2009.000,4.050
Colombia,2009.000,4.050
Colombia,2009.000,4.050
Colombia,2009.000,0.000
Colombia,2009.000,0.000
Colombia,2009.000,1.000
China,2009.000,-1.000
Poland,2009.000,2.000
Poland,2009.000,-1.000
Poland,2009.000,2.000
Poland,2009.000,4.000
Poland,2009.000,4.000
Poland,2009.000,4.000
Poland,2009.000,-1.000
United States,2009.000,0.000
United States,2009.000,0.000
United States,2009.000,0.000
United States,2009.000,-1.000
United States,2009.000,4.050
Spain,2009.000,2.000
Latvia,2009.000,4.050
United States,2009.000,-1.000
United States,2009.000,2.000
United States,2009.000,1.000
United States,2009.000,2.000
United States,2009.000,-1.000
Australia,2009.000,-1.000
Italy,2009.000,0.000
Poland,2009.000,1.000
Poland,2009.000,3.000
Poland,2009.000,2.000
Poland,2009.000,2.000
Poland,2009.000,3.000
Poland,2009.000,4.050
Poland,2009.000,4.050
Romania,2009.000,-1.000
Belgium,2009.000,0.000
Belgium,2009.000,2.000
Belgium,2009.000,3.000
Belgium,2009.000,0.000
Belgium,2009.000,2.000
France,2009.000,0.000
France,2009.000,2.000
United States,2009.000,0.000
United States,2009.000,0.000
Spain,2009.000,1.000
Spain,2009.000,-1.000
Canada,2009.000,1.000
Bulgaria,2009.000,0.000
United States,2009.000,3.000
United States,2009.000,-1.000
United States,2009.000,2.000
Mexico,2009.000,2.000
Mexico,2009.000,2.000
Mexico,2009.000,-1.000
Italy,2009.000,2.000
Italy,2009.000,0.000
Germany,2009.000,4.050
Germany,2009.000,4.050
United States,2009.000,-1.000
United States,2009.000,1.000
United States,2009.000,-1.000
United States,2009.000,3.000
United States,2009.000,0.000
Israel,2009.000,0.000
Israel,2009.000,1.000
Mexico,2009.000,-1.000
"Korea, South",2009.000,4.050
France,2009.000,-1.000
Germany,2009.000,-1.000
Germany,2009.000,-1.000
Germany,2009.000,-1.000
Germany,2009.000,-1.000
Ireland,2009.000,-1.000
Ireland,2009.000,-1.000
Belgium,2009.000,0.000
Saudi Arabia,2009.000,2.000
Chile,2009.000,0.000
Germany,2009.000,-1.000
Germany,2009.000,0.000
Honduras,2009.000,1.000
Netherlands,2009.000,0.000
Austria,2009.000,-1.000
Austria,2009.000,0.000
United States,2009.000,-1.000
United States,2009.000,4.050
Spain,2009.000,-1.000
Spain,2009.000,-1.000
Mexico,2009.000,-1.000
Mexico,2009.000,2.000
Mexico,2009.000,0.000
Spain,2009.000,4.050
United States,2010.000,-1.000
Israel,2010.000,1.000
United States,2010.000,-1.000
United States,2010.000,-1.000
United States,2010.000,4.000
Italy,2010.000,0.000
Hungary,2010.000,-1.000
Israel,2010.000,0.000
Israel,2010.000,-1.000
United States,2010.000,1.000
United States,2010.000,0.000
United States,2010.000,-1.000
United States,2010.000,0.000
United States,2010.000,2.000
United States,2010.000,4.050
United States,2010.000,0.000
United States,2010.000,1.000
Italy,2010.000,0.000
United States,2010.000,1.000
United States,2010.000,-1.000
Canada,2010.000,4.050
Canada,2010.000,1.000
Spain,2010.000,0.000
United States,2010.000,-1.000
United States,2010.000,4.050
Sweden,2010.000,-1.000
Italy,2010.000,2.000
Italy,2010.000,2.000
Italy,2010.000,-1.000
Italy,2010.000,1.000
Italy,2010.000,2.000
Italy,2010.000,2.000
United States,2010.000,0.000
United States,2010.000,0.000
United States,2010.000,-1.000
United States,2010.000,0.000
Israel,2010.000,0.000
United States,2010.000,0.000
United States,2010.000,-1.000
United States,2010.000,-1.000
Belgium,2010.000,-1.000
Portugal,2010.000,-1.000
Bulgaria,2010.000,-1.000
Bulgaria,2010.000,-1.000
Bulgaria,2010.000,-1.000
United States,2010.000,2.000
"Korea, South",2010.000,1.000
Israel,2010.000,4.050
Germany,2010.000,2.000
Germany,2010.000,-1.000
Germany,2010.000,0.000
Germany,2010.000,0.000
Germany,2010.000,-1.000
Germany,2010.000,-1.000
Belgium,2010.000,-1.000
Belgium,2010.000,0.000
Belgium,2010.000,0.000
Mexico,2010.000,1.000
Argentina,2010.000,4.050
Argentina,2010.000,4.050
Argentina,2010.000,-1.000
Argentina,2010.000,-1.000
Colombia,2010.000,4.050
Colombia,2010.000,1.000
Colombia,2010.000,-1.000
Colombia,2010.000,-1.000
Colombia,2010.000,-1.000
Singapore,2010.000,-1.000
Hungary,2010.000,0.000
Poland,2010.000,4.050
Poland,2010.000,3.000
Poland,2010.000,3.000
Mexico,2010.000,-1.000
France,2010.000,-1.000
France,2010.000,-1.000
Germany,2010.000,4.050
Italy,2010.000,1.000
Mexico,2010.000,-1.000
Greece,2010.000,0.000
Guatemala,2010.000,4.050
Slovak Republic,2010.000,-1.000
Canada,2010.000,1.000
Canada,2010.000,1.000
Canada,2010.000,0.000
United States,2010.000,0.000
United States,2010.000,-1.000
United States,2010.000,0.000
United States,2010.000,0.000
United States,2010.000,-1.000
Germany,2010.000,2.000
Panama,2010.000,-1.000
Panama,2010.000,-1.000
Panama,2010.000,0.000
Panama,2010.000,0.000
Panama,2010.000,0.000
Netherlands,2010.000,-1.000
United States,2010.000,-1.000
Mexico,2010.000,4.000
Mexico,2010.000,2.000
Mexico,2010.000,4.050
Mexico,2010.000,4.050
Mexico,2010.000,4.050
Mexico,2010.000,4.050
Mexico,2010.000,-1.000
Mexico,2010.000,-1.000
Mexico,2010.000,-1.000
Mexico,2010.000,-1.000
Mexico,2010.000,-1.000
Mexico,2010.000,-1.000
Israel,2010.000,-1.000
Israel,2010.000,0.000
Italy,2011.000,-1.000
Colombia,2011.000,0.000
Colombia,2011.000,0.000
Italy,2011.000,-1.000
Spain,2011.000,0.000
Spain,2011.000,-1.000
Spain,2011.000,-1.000
Spain,2011.000,0.000
Bulgaria,2011.000,0.000
United States,2011.000,-1.000
Germany,2011.000,-1.000
Germany,2011.000,-1.000
United States,2011.000,-1.000
United States,2011.000,-1.000
United States,2011.000,0.000
Belgium,2011.000,0.000
Italy,2011.000,0.000
United States,2011.000,3.000
United States,2011.000,4.050
United States,2011.000,4.050
Italy,2011.000,-1.000
Italy,2011.000,-1.000
Italy,2011.000,4.050
Spain,2011.000,3.000
Canada,2011.000,-1.000
United States,2011.000,-1.000
United States,2011.000,2.000
Saudi Arabia,2011.000,4.050
Saudi Arabia,2011.000,4.050
Spain,2011.000,4.050
Spain,2011.000,-1.000
Spain,2011.000,-1.000
Canada,2011.000,4.050
Canada,2011.000,4.050
France,2011.000,0.000
Ireland,2011.000,-1.000
Saudi Arabia,2011.000,-1.000
Saudi Arabia,2011.000,1.000
France,2011.000,3.000
Switzerland,2011.000,0.000
Canada,2011.000,-1.000
France,2011.000,2.000
Germany,2011.000,-1.000
Germany,2011.000,0.000
Italy,2011.000,0.000
Spain,2011.000,0.000
United States,2012.000,0.000
Egypt,2012.000,0.000
Egypt,2012.000,4.050
Kuwait,2012.000,0.000
Kuwait,2012.000,0.000
United States,2012.000,4.050
Canada,2012.000,0.000
United States,2012.000,3.000
Canada,2012.000,4.050
Canada,2012.000,4.050
Canada,2012.000,4.050
Saudi Arabia,2012.000,0.000
Panama,2012.000,0.000
Panama,2012.000,0.000
Hungary,2012.000,3.050
South Africa,2012.000,4.050
Portugal,2012.000,0.000
Russia,2012.000,3.050
Germany,2012.000,0.000
Germany,2012.000,0.000
Italy,2012.000,1.000
Italy,2012.000,3.000
Italy,2012.000,0.000
Italy,2012.000,0.000
Italy,2012.000,4.050
Italy,2012.000,0.000
Taiwan,2012.000,3.000
Spain,2012.000,0.000
China,2012.000,3.050
Sweden,2012.000,0.000
Italy,2012.000,4.050
Italy,2012.000,4.050
Italy,2012.000,4.050
Italy,2012.000,4.050
Spain,2012.000,2.000
France,2012.000,1.000
Italy,2012.000,3.000
Colombia,2012.000,4.050
Colombia,2012.000,0.000
Colombia,2012.000,0.000
Spain,2012.000,1.000
Spain,2012.000,1.000
Spain,2012.000,4.050
Spain,2012.000,4.050
United States,2013.000,0.000
United States,2013.000,1.000
United States,2013.000,4.050
Italy,2013.000,3.000
Italy,2013.000,4.050
United States,2013.000,3.000
Germany,2013.000,3.000
Canada,2013.000,4.050
Spain,2013.000,0.000
Spain,2013.000,0.000
Spain,2013.000,2.000
United States,2013.000,0.000
Mexico,2013.000,0.000
Mexico,2013.000,4.050
United States,2013.000,4.050
Sweden,2013.000,0.000
United States,2013.000,0.000
Germany,2013.000,0.000
United States,2013.000,0.000
Spain,2013.000,0.000
Spain,2013.000,1.000
Belgium,2013.000,2.000
Belgium,2013.000,1.000
Spain,2013.000,0.000
Turkey,2013.000,3.050
Saudi Arabia,2013.000,0.000
Tunisia,2013.000,1.000
Colombia,2013.000,3.050
Kuwait,2013.000,0.000
Italy,2013.000,0.000
Canada,2013.000,0.000
United States,2013.000,0.000
United States,2013.000,4.050
United States,2013.000,4.050
Switzerland,2013.000,0.000
Belgium,2013.000,3.000
Panama,2013.000,4.050
Canada,2013.000,4.050
Canada,2013.000,0.000
United States,2013.000,1.000
United States,2013.000,0.000
Spain,2013.000,0.000
United States,2014.000,-1.000
Poland,2014.000,0.000
Germany,2014.000,-1.000
United States,2014.000,-1.000
United States,2014.000,-1.000
China,2014.000,3.050
Italy,2014.000,3.000
Italy,2014.000,1.000
Italy,2014.000,1.000
Germany,2014.000,-7.000
Romania,2014.000,-1.000
Romania,2014.000,3.000
Spain,2014.000,-1.000
Colombia,2014.000,4.050
Colombia,2014.000,4.000
United States,2014.000,-1.000
Turkey,2014.000,3.050
Romania,2014.000,3.050
Romania,2014.000,3.050
United States,2014.000,0.000
Canada,2014.000,-1.000
Belgium,2014.000,0.000
Chile,2014.000,-1.000
Chile,2014.000,-1.000
United States,2014.000,0.000
Canada,2014.000,-1.000
Panama,2014.000,0.000
Canada,2014.000,2.000
United States,2014.000,0.000
Chile,2014.000,0.000
Chile,2014.000,0.000
United States,2014.000,4.050
Germany,2014.000,-1.000
Spain,2014.000,-1.000
United States,2014.000,-1.000
United States,2014.000,-1.000
France,2014.000,-1.000
France,2014.000,0.000
Sweden,2014.000,-1.000
Belgium,2014.000,-1.000
Belgium,2014.000,-1.000
Greece,2014.000,-1.000
Brazil,2014.000,-1.000
Italy,2015.000,0.000
Mexico,2015.000,4.000
Mexico,2015.000,0.000
Russia,2015.000,1.000
Argentina,2015.000,3.050
Argentina,2015.000,1.000
China,2015.000,4.050
China,2015.000,0.000
China,2015.000,4.050
China,2015.000,4.050
China,2015.000,4.050
China,2015.000,4.050
China,2015.000,0.000
China,2015.000,4.050
China,2015.000,4.050
China,2015.000,4.050
China,2015.000,4.050
China,2015.000,2.000
China,2015.000,4.000
China,2015.000,4.000
China,2015.000,4.050
China,2015.000,4.050
China,2015.000,4.050
Argentina,2015.000,4.050
Argentina,2015.000,4.050
United States,2015.000,4.050
Spain,2015.000,0.000
Spain,2015.000,0.000
Venezuela,2015.000,0.000
Venezuela,2015.000,0.000
Colombia,2015.000,4.050
Colombia,2015.000,4.050
Colombia,2015.000,0.000
Mexico,2015.000,3.050
United States,2015.000,4.050
Italy,2015.000,0.000
Spain,2015.000,0.000
Belgium,2015.000,4.050
Belgium,2015.000,4.000
United States,2015.000,0.000
Italy,2015.000,3.000
United States,2015.000,0.000
Croatia,2015.000,2.000
Spain,2015.000,0.000
Italy,2015.000,4.050
Germany,2015.000,0.000
Germany,2015.000,4.050
Germany,2015.000,4.050
Argentina,2015.000,3.000
United States,2015.000,0.000
Colombia,2016.000,2.000
Colombia,2016.000,4.050
Colombia,2016.000,3.000
Colombia,2016.000,4.050
Italy,2016.000,3.000
Spain,2016.000,4.000
South Africa,2016.000,0.000
South Africa,2016.000,4.050
United Kingdom,2016.000,0.000
Argentina,2016.000,3.050
China,2016.000,2.000
Russia,2016.000,2.000
Colombia,2016.000,1.000
Colombia,2016.000,0.000
Colombia,2016.000,3.050
United States,2016.000,2.000
Italy,2016.000,3.050
Brazil,2016.000,0.000
Taiwan,2016.000,1.000
Germany,2016.000,1.000
Australia,2016.000,3.000
Brazil,2016.000,3.050
Brazil,2016.000,3.050
Latvia,2016.000,0.000
Netherlands,2016.000,3.050
Netherlands,2016.000,3.050
France,2016.000,1.000
Spain,2016.000,1.000
Venezuela,2016.000,4.050
Saudi Arabia,2016.000,4.050
Saudi Arabia,2016.000,4.050
Kuwait,2016.000,0.000
United States,2016.000,3.000
China,2016.000,4.000
China,2016.000,0.000
Italy,2016.000,0.000
Italy,2016.000,0.000
United States,2016.000,4.050
United States,2016.000,4.050
Germany,2016.000,2.000
Czech Republic,2016.000,0.000
Czech Republic,2016.000,0.000
Belgium,2016.000,2.000
Spain,2016.000,0.000
Colombia,2016.000,3.000
United States,2016.000,0.000
United States,2016.000,0.000
Taiwan,2016.000,1.000
Taiwan,2016.000,1.000
Taiwan,2016.000,1.000
Croatia,2016.000,2.000
Canada,2016.000,0.000
Greece,2016.000,0.000
Greece,2016.000,4.050
Spain,2016.000,4.050
Germany,2017.000,0.000
Spain,2017.000,0.000
Spain,2017.000,0.000
Croatia,2017.000,2.000
Czech Republic,2017.000,0.000
Spain,2017.000,0.000
Argentina,2017.000,2.000
France,2017.000,1.000
Taiwan,2017.000,1.000
Russia,2017.000,0.000
Russia,2017.000,1.000
Spain,2017.000,1.000
Argentina,2017.000,4.050
Colombia,2017.000,3.050
Guatemala,2017.000,0.000
United States,2017.000,0.000
Spain,2017.000,2.000
Spain,2017.000,2.000
Mexico,2017.000,4.000
Brazil,2017.000,4.000
Brazil,2017.000,0.000
France,2017.000,2.000
Greece,2017.000,1.000
Brazil,2017.000,3.050
Hungary,2017.000,4.050
Taiwan,2017.000,1.000
