Country,Year,MIC
Australia,2012.000,-3.000
Australia,2012.000,-3.000
Philippines,2012.000,-3.000
Philippines,2012.000,-3.000
Italy,2012.000,-3.000
Italy,2012.000,-2.000
Italy,2012.000,-2.000
Portugal,2012.000,-3.000
Portugal,2012.000,-3.000
Mexico,2012.000,-2.000
Mexico,2012.000,-3.000
Mexico,2012.000,-4.000
Mexico,2012.000,-3.000
Mexico,2012.000,-2.000
Chile,2012.000,-2.000
Chile,2012.000,-3.000
Chile,2012.000,-3.000
Chile,2012.000,-2.000
Chile,2012.000,-3.000
Argentina,2012.000,-3.000
Argentina,2012.000,-3.000
Argentina,2012.000,-2.000
Argentina,2012.000,-3.000
Portugal,2012.000,-3.000
Portugal,2012.000,-3.000
Portugal,2012.000,-4.000
Portugal,2012.000,-4.000
Portugal,2012.000,-3.000
Portugal,2012.000,-4.000
Portugal,2012.000,-4.000
Portugal,2012.000,-3.000
Portugal,2012.000,-3.000
Italy,2012.000,-4.000
Greece,2012.000,-4.000
Greece,2012.000,-5.000
Israel,2012.000,-3.000
Israel,2012.000,-4.000
Israel,2012.000,-3.000
South Africa,2012.000,-4.000
South Africa,2012.000,-4.000
Spain,2012.000,-3.000
Romania,2012.000,-3.000
Philippines,2012.000,-4.000
Philippines,2012.000,-4.000
Czech Republic,2012.000,-2.000
United States,2012.000,-2.000
Hungary,2012.000,-3.000
United States,2012.000,-4.000
Denmark,2012.000,-3.000
Denmark,2012.000,-2.000
Mexico,2012.000,-4.000
United States,2012.000,-4.000
Philippines,2012.000,-3.000
Philippines,2012.000,-2.000
Netherlands,2012.000,-4.000
Netherlands,2012.000,-3.000
Netherlands,2012.000,-3.000
Netherlands,2012.000,-4.000
Netherlands,2012.000,-3.000
Netherlands,2012.000,-4.000
Greece,2012.000,-4.000
Greece,2012.000,-3.000
Greece,2012.000,-3.000
Greece,2012.000,-3.000
Greece,2012.000,-3.000
France,2012.000,-3.000
"Korea, South",2012.000,-4.000
"Korea, South",2012.000,-3.000
United States,2012.000,-3.000
United States,2012.000,-3.000
United States,2012.000,-2.000
Venezuela,2012.000,-4.000
Venezuela,2012.000,-3.000
Venezuela,2012.000,-2.000
Colombia,2012.000,-4.000
Colombia,2012.000,-3.000
Spain,2012.000,-3.000
Czech Republic,2012.000,-3.000
Czech Republic,2012.000,-3.000
Taiwan,2012.000,-3.000
Taiwan,2012.000,-3.000
Taiwan,2012.000,-3.000
South Africa,2012.000,-4.000
South Africa,2012.000,-3.000
United States,2012.000,-3.000
France,2012.000,-2.000
Greece,2012.000,-3.000
Greece,2012.000,-4.000
Germany,2012.000,-3.000
Sweden,2012.000,-4.000
Sweden,2012.000,-3.000
Venezuela,2012.000,-3.000
Venezuela,2012.000,-4.000
United States,2012.000,-2.000
Argentina,2012.000,-2.000
Argentina,2012.000,-2.000
Argentina,2012.000,-4.000
Argentina,2012.000,-4.000
Argentina,2012.000,-3.000
United Kingdom,2012.000,-4.000
Germany,2012.000,-4.000
Germany,2012.000,-2.000
Germany,2012.000,-3.000
United States,2012.000,-3.000
Turkey,2012.000,-3.000
Israel,2012.000,-4.000
Israel,2012.000,-4.000
United States,2012.000,-3.000
Romania,2012.000,-2.000
Romania,2012.000,-4.000
Chile,2012.000,-4.000
Chile,2012.000,-3.000
Belgium,2012.000,-2.000
Belgium,2012.000,-2.000
China,2012.000,-3.000
United States,2012.000,-4.000
United States,2012.000,-2.000
Thailand,2012.000,-2.000
Thailand,2012.000,-4.000
Thailand,2012.000,-3.000
Thailand,2012.000,-3.000
Turkey,2012.000,-4.000
Hungary,2012.000,-3.000
Hungary,2012.000,-3.000
United States,2012.000,-2.000
United States,2012.000,-4.000
United States,2012.000,-3.000
United States,2012.000,-3.000
United States,2012.000,-3.000
United States,2012.000,-4.000
United States,2012.000,-3.000
Russia,2012.000,-3.000
Russia,2012.000,-2.000
Russia,2012.000,-3.000
Russia,2012.000,-2.000
Russia,2012.000,-3.000
Sweden,2012.000,-4.000
Belgium,2012.000,-3.000
Belgium,2012.000,-3.000
Italy,2012.000,-3.000
Australia,2012.000,-3.000
Spain,2012.000,-2.000
"Korea, South",2012.000,-4.000
"Korea, South",2012.000,-2.000
United Kingdom,2012.000,-3.000
United States,2012.000,-3.000
United States,2012.000,-4.000
United States,2012.000,-3.000
Germany,2012.000,-3.000
United States,2012.000,-2.000
Italy,2012.000,-2.000
Australia,2012.000,-3.000
Taiwan,2012.000,-4.000
Taiwan,2012.000,-3.000
Colombia,2012.000,-2.000
Colombia,2012.000,-2.000
Colombia,2012.000,-2.000
Colombia,2012.000,-2.000
Colombia,2012.000,-3.000
Colombia,2012.000,-3.000
France,2012.000,-4.000
China,2012.000,-3.000
China,2012.000,-3.000
China,2012.000,-3.000
Czech Republic,2012.000,-3.000
Czech Republic,2012.000,-3.000
Czech Republic,2012.000,-3.000
Czech Republic,2012.000,-3.000
Czech Republic,2012.000,-4.000
Czech Republic,2012.000,-3.000
United States,2012.000,-4.000
United States,2012.000,-2.000
United States,2012.000,-3.000
Japan,2012.000,-3.000
United States,2012.000,-3.000
Japan,2012.000,-4.000
Germany,2012.000,-4.000
Austria,2012.000,-3.000
Austria,2012.000,-3.000
Spain,2012.000,-3.000
Taiwan,2012.000,-3.000
Thailand,2012.000,-4.000
Thailand,2012.000,-3.000
Austria,2012.000,-3.000
Austria,2012.000,-4.000
Austria,2012.000,-4.000
China,2012.000,-3.000
United States,2012.000,-3.000
China,2012.000,-4.000
United States,2012.000,-3.000
United States,2012.000,-3.000
China,2012.000,-4.000
China,2012.000,-3.000
China,2012.000,-3.000
United Kingdom,2012.000,-3.000
China,2012.000,-3.000
Japan,2012.000,-4.000
Portugal,2012.000,-3.000
Portugal,2012.000,-2.000
Kuwait,2016.000,-3.000
Kuwait,2016.000,-2.000
Kuwait,2016.000,-3.000
Russia,2016.000,-3.000
Argentina,2016.000,-3.000
Greece,2016.000,-5.000
Greece,2016.000,-3.000
Greece,2016.000,-4.000
Greece,2016.000,-5.000
Greece,2016.000,-4.000
Greece,2016.000,-3.000
Greece,2016.000,-2.000
Greece,2016.000,-3.000
Greece,2016.000,-3.000
Greece,2016.000,-3.000
Greece,2016.000,-5.000
Greece,2016.000,-3.000
Greece,2016.000,-3.000
Greece,2016.000,-4.000
Mexico,2016.000,-2.000
Mexico,2016.000,-2.000
China,2016.000,-3.000
China,2016.000,-4.000
Kuwait,2016.000,-3.000
Kuwait,2016.000,-3.000
Mexico,2016.000,-4.000
Mexico,2016.000,-3.000
Mexico,2016.000,-4.000
Argentina,2016.000,-4.000
Argentina,2016.000,-2.000
Argentina,2016.000,-3.000
Argentina,2016.000,-4.000
Argentina,2016.000,-3.000
Mexico,2016.000,-3.000
Mexico,2016.000,-3.000
Mexico,2016.000,-3.000
Mexico,2016.000,-4.000
Mexico,2016.000,-3.000
Mexico,2016.000,-2.000
Mexico,2016.000,-3.000
Mexico,2016.000,-3.000
Mexico,2016.000,-4.000
Mexico,2016.000,-3.000
Mexico,2016.000,-3.000
Mexico,2016.000,-3.000
Russia,2016.000,-3.000
Russia,2016.000,-3.000
Russia,2016.000,-3.000
Russia,2016.000,-3.000
Russia,2016.000,-3.000
Russia,2016.000,-3.000
Russia,2016.000,-3.000
Russia,2016.000,-3.000
Russia,2016.000,-3.000
Kuwait,2016.000,-3.000
Kuwait,2016.000,-3.000
China,2016.000,-4.000
Russia,2016.000,-3.000
Colombia,2016.000,-3.000
Colombia,2016.000,-3.000
Colombia,2016.000,-3.000
Mexico,2016.000,-2.000
Mexico,2016.000,-3.000
Australia,2016.000,-3.000
Portugal,2016.000,-3.000
Portugal,2016.000,-3.000
Portugal,2016.000,-3.000
Israel,2016.000,-3.000
Israel,2016.000,-3.000
Italy,2016.000,-3.000
Spain,2016.000,-4.000
Spain,2016.000,-4.000
Belgium,2016.000,-3.000
Belgium,2016.000,-3.000
Belgium,2016.000,-3.000
Italy,2016.000,-2.000
Hungary,2016.000,-3.000
Hungary,2016.000,-3.000
Italy,2016.000,-2.000
Israel,2016.000,-2.000
Israel,2016.000,-3.000
Israel,2016.000,-3.000
Israel,2016.000,-3.000
Israel,2016.000,-3.000
Israel,2016.000,-4.000
Spain,2016.000,-2.000
Spain,2016.000,-2.000
South Africa,2016.000,-3.000
United States,2016.000,-3.000
United States,2016.000,-3.000
United States,2016.000,-3.000
United States,2016.000,-4.000
United States,2016.000,-3.000
Germany,2016.000,-3.000
France,2016.000,-2.000
South Africa,2016.000,-3.000
South Africa,2016.000,-3.000
United States,2016.000,-3.000
United States,2016.000,-3.000
United States,2016.000,-4.000
South Africa,2016.000,-3.000
Thailand,2016.000,-3.000
Thailand,2016.000,-2.000
Thailand,2016.000,-2.000
Thailand,2016.000,-2.000
Spain,2016.000,-4.000
Chile,2016.000,-3.000
Chile,2016.000,-3.000
Israel,2016.000,-3.000
Israel,2016.000,-3.000
Czech Republic,2016.000,-3.000
Czech Republic,2016.000,-2.000
Czech Republic,2016.000,-2.000
France,2016.000,-2.000
United States,2016.000,-3.000
Germany,2016.000,-2.000
United Kingdom,2016.000,-3.000
United States,2016.000,-3.000
Venezuela,2016.000,-3.000
Venezuela,2016.000,-2.000
Venezuela,2016.000,-2.000
Venezuela,2016.000,-2.000
Venezuela,2016.000,-3.000
Venezuela,2016.000,-3.000
Venezuela,2016.000,-3.000
Venezuela,2016.000,-3.000
Venezuela,2016.000,-3.000
Venezuela,2016.000,-3.000
Venezuela,2016.000,-3.000
Venezuela,2016.000,-3.000
United Kingdom,2016.000,-2.000
United Kingdom,2016.000,-2.000
France,2016.000,-2.000
Germany,2016.000,-3.000
Germany,2016.000,-3.000
Germany,2016.000,-3.000
Germany,2016.000,-3.000
Germany,2016.000,-3.000
Denmark,2016.000,-3.000
Denmark,2016.000,-3.000
Chile,2016.000,-3.000
Chile,2016.000,-2.000
Chile,2016.000,-3.000
Czech Republic,2016.000,-4.000
Czech Republic,2016.000,-3.000
Czech Republic,2016.000,-3.000
Greece,2016.000,-3.000
Greece,2016.000,-3.000
Greece,2016.000,-3.000
Greece,2016.000,-3.000
Greece,2016.000,-3.000
Greece,2016.000,-4.000
Greece,2016.000,-3.000
Greece,2016.000,-3.000
Greece,2016.000,-3.000
Greece,2016.000,-3.000
Greece,2016.000,-3.000
Greece,2016.000,-3.000
United States,2016.000,-2.000
Austria,2016.000,-3.000
Austria,2016.000,-3.000
Austria,2016.000,-2.000
Austria,2016.000,-4.000
Austria,2016.000,-3.000
Austria,2016.000,-2.000
Austria,2016.000,-3.000
Turkey,2016.000,-3.000
France,2016.000,-3.000
Greece,2016.000,-3.000
Greece,2016.000,-2.000
Greece,2016.000,-3.000
Greece,2016.000,-3.000
Greece,2016.000,-3.000
Italy,2016.000,-3.000
United States,2016.000,-2.000
United States,2016.000,-3.000
United States,2016.000,-3.000
United States,2016.000,-3.000
Spain,2016.000,-3.000
Austria,2016.000,-2.000
Austria,2016.000,-3.000
Japan,2016.000,-3.000
Taiwan,2016.000,-3.000
Taiwan,2016.000,-2.000
China,2016.000,-3.000
United States,2016.000,-3.000
United States,2016.000,-2.000
United States,2016.000,-3.000
United Kingdom,2016.000,-3.000
United States,2016.000,-4.000
Australia,2016.000,-3.000
Spain,2016.000,-3.000
Philippines,2016.000,-3.000
Philippines,2016.000,-4.000
Australia,2016.000,-3.000
Taiwan,2016.000,-2.000
Germany,2016.000,-3.000
Belgium,2016.000,-3.000
Belgium,2016.000,-2.000
Germany,2016.000,-4.000
Chile,2016.000,-3.000
Chile,2016.000,-3.000
Chile,2016.000,-3.000
Chile,2016.000,-3.000
Chile,2016.000,-3.000
Colombia,2016.000,-3.000
Colombia,2016.000,-3.000
Colombia,2016.000,-3.000
Colombia,2016.000,-3.000
Colombia,2016.000,-3.000
"Korea, South",2016.000,-3.000
"Korea, South",2016.000,-2.000
United States,2016.000,-3.000
United States,2016.000,-4.000
United States,2016.000,-4.000
Japan,2016.000,-4.000
United Kingdom,2016.000,-3.000
France,2016.000,-2.000
Portugal,2016.000,-2.000
Portugal,2016.000,-2.000
Portugal,2016.000,-3.000
Portugal,2016.000,-2.000
Portugal,2016.000,-2.000
Brazil,2016.000,-2.000
Brazil,2016.000,-2.000
Brazil,2016.000,-3.000
Brazil,2016.000,-3.000
Brazil,2016.000,-3.000
Brazil,2016.000,-3.000
Brazil,2016.000,-2.000
Brazil,2016.000,-3.000
Brazil,2016.000,-2.000
Brazil,2016.000,-3.000
Brazil,2016.000,-3.000
Brazil,2016.000,-4.000
Brazil,2016.000,-2.000
Brazil,2016.000,-3.000
Brazil,2016.000,-2.000
Brazil,2016.000,-2.000
Brazil,2016.000,-3.000
Brazil,2016.000,-3.000
Brazil,2016.000,-3.000
Brazil,2016.000,-3.000
Brazil,2016.000,-2.000
Brazil,2016.000,-3.000
Brazil,2016.000,-2.000
Brazil,2016.000,-3.000
Brazil,2016.000,-2.000
Brazil,2016.000,-4.000
Brazil,2016.000,-3.000
Brazil,2016.000,-2.000
Portugal,2016.000,-3.000
Portugal,2016.000,-3.000
Portugal,2016.000,-2.000
France,2016.000,-3.000
Philippines,2016.000,-3.000
Philippines,2016.000,-3.000
Philippines,2016.000,-3.000
Thailand,2016.000,-2.000
Thailand,2016.000,-3.000
Poland,2016.000,-2.000
Poland,2016.000,-3.000
Belgium,2016.000,-2.000
Belgium,2016.000,-2.000
Hungary,2016.000,-3.000
France,2016.000,-3.000
Australia,2016.000,-3.000
Australia,2016.000,-3.000
Netherlands,2016.000,-3.000
Netherlands,2016.000,-4.000
Netherlands,2016.000,-3.000
Netherlands,2016.000,-3.000
Netherlands,2016.000,-4.000
Netherlands,2016.000,-3.000
Netherlands,2016.000,-3.000
Netherlands,2016.000,-3.000
Netherlands,2016.000,-2.000
Netherlands,2016.000,-3.000
Netherlands,2016.000,-2.000
Czech Republic,2016.000,-3.000
Czech Republic,2016.000,-2.000
Czech Republic,2016.000,-3.000
Czech Republic,2016.000,-2.000
United States,2016.000,-2.000
Philippines,2016.000,-3.000
Philippines,2016.000,-3.000
Venezuela,2016.000,-3.000
Venezuela,2016.000,-2.000
Venezuela,2016.000,-2.000
Venezuela,2016.000,-3.000
Turkey,2016.000,-3.000
United States,2016.000,-3.000
South Africa,2016.000,-2.000
South Africa,2016.000,-3.000
United States,2016.000,-3.000
Thailand,2016.000,-2.000
Thailand,2016.000,-3.000
Hungary,2016.000,-2.000
Hungary,2016.000,-3.000
Hungary,2016.000,-4.000
Philippines,2016.000,-3.000
Philippines,2016.000,-3.000
Turkey,2016.000,-2.000
Taiwan,2016.000,-4.000
Taiwan,2016.000,-2.000
Taiwan,2016.000,-2.000
Italy,2016.000,-3.000
Italy,2016.000,-3.000
Italy,2016.000,-3.000
United States,2016.000,-3.000
United States,2016.000,-3.000
United States,2016.000,-2.000
Germany,2016.000,-3.000
Belgium,2016.000,-3.000
Belgium,2016.000,-2.000
China,2016.000,-3.000
China,2016.000,-3.000
China,2016.000,-2.000
Portugal,2016.000,-3.000
Portugal,2016.000,-2.000
Portugal,2016.000,-2.000
Netherlands,2016.000,-3.000
Netherlands,2016.000,-4.000
China,2016.000,-2.000
Philippines,2017.000,-3.000
Philippines,2017.000,-3.000
Thailand,2017.000,-3.000
Thailand,2017.000,-3.000
"Korea, South",2017.000,-3.000
"Korea, South",2017.000,-3.000
Thailand,2017.000,-3.000
Thailand,2017.000,-3.000
Thailand,2017.000,-4.000
Thailand,2017.000,-4.000
Thailand,2017.000,-2.000
Thailand,2017.000,-3.000
Thailand,2017.000,-2.000
Mexico,2017.000,-3.000
Argentina,2017.000,-3.000
Portugal,2017.000,-4.000
Portugal,2017.000,-3.000
Portugal,2017.000,-2.000
Portugal,2017.000,-3.000
Hungary,2017.000,-3.000
Hungary,2017.000,-3.000
Israel,2017.000,-3.000
Israel,2017.000,-4.000
Israel,2017.000,-4.000
Israel,2017.000,-4.000
Israel,2017.000,-4.000
Portugal,2017.000,-3.000
Israel,2017.000,-3.000
France,2017.000,-2.000
France,2017.000,-4.000
Greece,2017.000,-3.000
Greece,2017.000,-4.000
Greece,2017.000,-4.000
Greece,2017.000,-4.000
Greece,2017.000,-4.000
Greece,2017.000,-3.000
Greece,2017.000,-3.000
Greece,2017.000,-3.000
Greece,2017.000,-3.000
Greece,2017.000,-3.000
Greece,2017.000,-4.000
Greece,2017.000,-3.000
Greece,2017.000,-3.000
Greece,2017.000,-3.000
Greece,2017.000,-3.000
Greece,2017.000,-4.000
Greece,2017.000,-3.000
Greece,2017.000,-3.000
Greece,2017.000,-3.000
Greece,2017.000,-4.000
Greece,2017.000,-2.000
Greece,2017.000,-3.000
Greece,2017.000,-3.000
Greece,2017.000,-3.000
Greece,2017.000,-3.000
Greece,2017.000,-3.000
Greece,2017.000,-4.000
Greece,2017.000,-3.000
Greece,2017.000,-4.000
Czech Republic,2017.000,-3.000
Czech Republic,2017.000,-4.000
Czech Republic,2017.000,-3.000
Belgium,2017.000,-4.000
Belgium,2017.000,-4.000
Belgium,2017.000,-4.000
Italy,2017.000,-3.000
Turkey,2017.000,-3.000
Turkey,2017.000,-3.000
Turkey,2017.000,-3.000
Turkey,2017.000,-3.000
Mexico,2017.000,-3.000
Spain,2017.000,-3.000
Australia,2017.000,-2.000
Turkey,2017.000,-3.000
Spain,2017.000,-3.000
France,2017.000,-3.000
Belgium,2017.000,-4.000
Belgium,2017.000,-4.000
Belgium,2017.000,-4.000
Germany,2017.000,-3.000
Kuwait,2017.000,-4.000
Kuwait,2017.000,-3.000
Belgium,2017.000,-4.000
Belgium,2017.000,-3.000
Australia,2017.000,-4.000
United Kingdom,2017.000,-2.000
Israel,2017.000,-4.000
Israel,2017.000,-3.000
France,2017.000,-4.000
Australia,2017.000,-3.000
Australia,2017.000,-3.000
Kuwait,2017.000,-4.000
Kuwait,2017.000,-4.000
Australia,2017.000,-3.000
Venezuela,2017.000,-4.000
Venezuela,2017.000,-4.000
Venezuela,2017.000,-3.000
Venezuela,2017.000,-3.000
Venezuela,2017.000,-4.000
Italy,2017.000,-4.000
Turkey,2017.000,-3.000
Turkey,2017.000,-3.000
Netherlands,2017.000,-2.000
Netherlands,2017.000,-3.000
Netherlands,2017.000,-4.000
Netherlands,2017.000,-2.000
Netherlands,2017.000,-3.000
Netherlands,2017.000,-3.000
Netherlands,2017.000,-4.000
Netherlands,2017.000,-2.000
Netherlands,2017.000,-3.000
Netherlands,2017.000,-3.000
Netherlands,2017.000,-3.000
Germany,2017.000,-3.000
Germany,2017.000,-4.000
Germany,2017.000,-3.000
Kuwait,2017.000,-2.000
South Africa,2017.000,-3.000
South Africa,2017.000,-3.000
Philippines,2017.000,-3.000
Philippines,2017.000,-3.000
Argentina,2017.000,-4.000
Argentina,2017.000,-3.000
Spain,2017.000,-3.000
Czech Republic,2017.000,-4.000
Czech Republic,2017.000,-3.000
Colombia,2017.000,-4.000
Colombia,2017.000,-3.000
Colombia,2017.000,-2.000
Israel,2017.000,-3.000
Israel,2017.000,-3.000
France,2017.000,-4.000
Taiwan,2017.000,-3.000
United Kingdom,2017.000,-2.000
Australia,2017.000,-3.000
Kuwait,2017.000,-2.000
Germany,2017.000,-4.000
Italy,2017.000,-5.000
Russia,2017.000,-5.000
Russia,2017.000,-4.000
Russia,2017.000,-4.000
Spain,2017.000,-4.000
Venezuela,2017.000,-3.000
Venezuela,2017.000,-4.000
Venezuela,2017.000,-4.000
Venezuela,2017.000,-2.000
Venezuela,2017.000,-3.000
Venezuela,2017.000,-3.000
Venezuela,2017.000,-4.000
France,2017.000,-4.000
France,2017.000,-3.000
Czech Republic,2017.000,-3.000
Czech Republic,2017.000,-4.000
Russia,2017.000,-4.000
South Africa,2017.000,-2.000
South Africa,2017.000,-4.000
South Africa,2017.000,-3.000
South Africa,2017.000,-3.000
South Africa,2017.000,-3.000
Russia,2017.000,-4.000
South Africa,2017.000,-3.000
South Africa,2017.000,-2.000
Sweden,2017.000,-2.000
Sweden,2017.000,-3.000
Italy,2017.000,-4.000
Mexico,2017.000,-4.000
Mexico,2017.000,-3.000
Taiwan,2017.000,-4.000
Taiwan,2017.000,-3.000
Chile,2017.000,-3.000
Chile,2017.000,-4.000
Spain,2017.000,-4.000
Denmark,2017.000,-3.000
Denmark,2017.000,-4.000
"Korea, South",2017.000,-4.000
"Korea, South",2017.000,-2.000
"Korea, South",2017.000,-3.000
Greece,2017.000,-4.000
Greece,2017.000,-3.000
Greece,2017.000,-3.000
Italy,2017.000,-4.000
Chile,2017.000,-3.000
Chile,2017.000,-4.000
United Kingdom,2017.000,-3.000
Poland,2017.000,-4.000
Poland,2017.000,-4.000
France,2017.000,-4.000
Philippines,2017.000,-3.000
Philippines,2017.000,-3.000
Philippines,2017.000,-3.000
Netherlands,2017.000,-3.000
Poland,2017.000,-4.000
Poland,2017.000,-3.000
Colombia,2017.000,-3.000
Colombia,2017.000,-3.000
Colombia,2017.000,-3.000
Colombia,2017.000,-2.000
Colombia,2017.000,-2.000
Argentina,2017.000,-3.000
Argentina,2017.000,-3.000
United Kingdom,2017.000,-3.000
Spain,2017.000,-3.000
Italy,2017.000,-2.000
Mexico,2017.000,-4.000
Mexico,2017.000,-4.000
Mexico,2017.000,-3.000
Mexico,2017.000,-4.000
Mexico,2017.000,-4.000
Mexico,2017.000,-4.000
Mexico,2017.000,-3.000
Mexico,2017.000,-4.000
Mexico,2017.000,-4.000
Mexico,2017.000,-2.000
Mexico,2017.000,-2.000
Mexico,2017.000,-2.000
Mexico,2017.000,-4.000
Mexico,2017.000,-4.000
Mexico,2017.000,-3.000
Mexico,2017.000,-3.000
Mexico,2017.000,-4.000
Mexico,2017.000,-3.000
Mexico,2017.000,-3.000
Portugal,2017.000,-3.000
Portugal,2017.000,-3.000
Taiwan,2017.000,-3.000
Taiwan,2017.000,-4.000
United Kingdom,2017.000,-2.000
Turkey,2017.000,-3.000
Germany,2017.000,-3.000
South Africa,2017.000,-4.000
South Africa,2017.000,-3.000
Colombia,2017.000,-3.000
Colombia,2017.000,-3.000
Colombia,2017.000,-2.000
Colombia,2017.000,-3.000
Colombia,2017.000,-4.000
Colombia,2017.000,-3.000
Colombia,2017.000,-2.000
Colombia,2017.000,-4.000
Colombia,2017.000,-4.000
Colombia,2017.000,-3.000
Venezuela,2017.000,-3.000
Germany,2017.000,-3.000
Hungary,2017.000,-4.000
Hungary,2017.000,-4.000
Hungary,2017.000,-4.000
Hungary,2017.000,-5.000
Mexico,2017.000,-3.000
Poland,2017.000,-3.000
Poland,2017.000,-3.000
Belgium,2017.000,-3.000
Belgium,2017.000,-3.000
Italy,2017.000,-3.000
Philippines,2017.000,-3.000
Philippines,2017.000,-3.000
Brazil,2017.000,-3.000
Brazil,2017.000,-4.000
Brazil,2017.000,-4.000
Brazil,2017.000,-3.000
Brazil,2017.000,-4.000
Brazil,2017.000,-3.000
Brazil,2017.000,-2.000
Brazil,2017.000,-3.000
Brazil,2017.000,-3.000
Brazil,2017.000,-4.000
Brazil,2017.000,-4.000
Brazil,2017.000,-3.000
Brazil,2017.000,-5.000
Brazil,2017.000,-4.000
Brazil,2017.000,-4.000
Brazil,2017.000,-3.000
Brazil,2017.000,-3.000
Brazil,2017.000,-3.000
Brazil,2017.000,-3.000
Brazil,2017.000,-2.000
Spain,2017.000,-3.000
Portugal,2017.000,-3.000
Portugal,2017.000,-3.000
Portugal,2017.000,-3.000
Hungary,2017.000,-2.000
Hungary,2017.000,-3.000
Japan,2017.000,-3.000
Japan,2017.000,-3.000
Venezuela,2017.000,-4.000
Venezuela,2017.000,-4.000
Venezuela,2017.000,-2.000
Czech Republic,2017.000,-3.000
Czech Republic,2017.000,-4.000
Philippines,2017.000,-3.000
Philippines,2017.000,-4.000
