Country,Year,MIC
Australia,2012.000,-4.000
Australia,2012.000,-3.000
Australia,2012.000,-3.000
Philippines,2012.000,-5.000
Philippines,2012.000,-6.000
Philippines,2012.000,-4.000
Portugal,2012.000,-5.000
Portugal,2012.000,-3.000
Portugal,2012.000,-4.000
Mexico,2012.000,-4.000
Mexico,2012.000,-4.000
Mexico,2012.000,-3.000
Chile,2012.000,-4.000
Chile,2012.000,-3.000
Chile,2012.000,-4.000
Argentina,2012.000,-3.000
Argentina,2012.000,-3.000
Argentina,2012.000,-3.000
Argentina,2012.000,-3.000
Argentina,2012.000,-3.000
Argentina,2012.000,-4.000
Portugal,2012.000,-4.000
Portugal,2012.000,-4.000
Portugal,2012.000,-6.000
Turkey,2012.000,-4.000
Turkey,2012.000,-4.000
Italy,2012.000,-4.000
Italy,2012.000,-4.000
Italy,2012.000,-4.000
Greece,2012.000,-3.000
Greece,2012.000,-3.000
Greece,2012.000,-3.000
Greece,2012.000,-3.000
Greece,2012.000,-4.000
Israel,2012.000,-3.000
Israel,2012.000,-3.000
Israel,2012.000,-4.000
Israel,2012.000,-4.000
Israel,2012.000,-4.000
Israel,2012.000,-4.000
Israel,2012.000,-4.000
Israel,2012.000,-3.000
South Africa,2012.000,-4.000
South Africa,2012.000,-3.000
South Africa,2012.000,-4.000
Spain,2012.000,-4.000
Spain,2012.000,-3.000
Romania,2012.000,-3.000
Romania,2012.000,-3.000
Romania,2012.000,-4.000
Romania,2012.000,-4.000
Philippines,2012.000,-3.000
Philippines,2012.000,-4.000
Philippines,2012.000,-3.000
Germany,2012.000,-3.000
Germany,2012.000,-3.000
United States,2012.000,-3.000
United States,2012.000,-4.000
Hungary,2012.000,-4.000
Hungary,2012.000,-4.000
Hungary,2012.000,-4.000
United States,2012.000,-4.000
United States,2012.000,-4.000
Denmark,2012.000,-3.000
Denmark,2012.000,-3.000
Denmark,2012.000,-3.000
Denmark,2012.000,-3.000
Denmark,2012.000,-3.000
Mexico,2012.000,-4.000
Mexico,2012.000,-4.000
United States,2012.000,-4.000
United States,2012.000,-3.000
United States,2012.000,-3.000
United States,2012.000,-3.000
Spain,2012.000,-3.000
Spain,2012.000,-3.000
Philippines,2012.000,-4.000
Philippines,2012.000,-3.000
Netherlands,2012.000,-4.000
Netherlands,2012.000,-3.000
Netherlands,2012.000,-4.000
Greece,2012.000,-3.000
Greece,2012.000,-4.000
Greece,2012.000,-3.000
Greece,2012.000,-3.000
Greece,2012.000,-3.000
Greece,2012.000,-5.000
France,2012.000,-3.000
France,2012.000,-3.000
United States,2012.000,-3.000
United States,2012.000,-4.000
United States,2012.000,-5.000
United States,2012.000,-4.000
Venezuela,2012.000,-4.000
Venezuela,2012.000,-3.000
Venezuela,2012.000,-4.000
Venezuela,2012.000,-3.000
Colombia,2012.000,-3.000
Spain,2012.000,-3.000
Spain,2012.000,-3.000
Czech Republic,2012.000,-4.000
Czech Republic,2012.000,-3.000
Spain,2012.000,-4.000
Spain,2012.000,-4.000
Taiwan,2012.000,-5.000
Taiwan,2012.000,-5.000
Taiwan,2012.000,-5.000
South Africa,2012.000,-5.000
South Africa,2012.000,-5.000
United States,2012.000,-4.000
United States,2012.000,-4.000
United States,2012.000,-4.000
France,2012.000,-3.000
France,2012.000,-3.000
France,2012.000,-3.000
United States,2012.000,-4.000
United States,2012.000,-4.000
Greece,2012.000,-4.000
Greece,2012.000,-3.000
Greece,2012.000,-4.000
Greece,2012.000,-3.000
Greece,2012.000,-3.000
Greece,2012.000,-4.000
Germany,2012.000,-4.000
Germany,2012.000,-4.000
Sweden,2012.000,-3.000
Sweden,2012.000,-4.000
Sweden,2012.000,-4.000
Venezuela,2012.000,-4.000
Venezuela,2012.000,-4.000
United States,2012.000,-4.000
United States,2012.000,-4.000
United States,2012.000,-4.000
Chile,2012.000,-3.000
Argentina,2012.000,-4.000
Argentina,2012.000,-4.000
Argentina,2012.000,-4.000
Argentina,2012.000,-4.000
Argentina,2012.000,-4.000
United Kingdom,2012.000,-4.000
Italy,2012.000,-4.000
Italy,2012.000,-3.000
Germany,2012.000,-3.000
Germany,2012.000,-3.000
Germany,2012.000,-4.000
Germany,2012.000,-4.000
France,2012.000,-3.000
United States,2012.000,-3.000
Turkey,2012.000,-4.000
United States,2012.000,-4.000
United States,2012.000,-4.000
Russia,2012.000,-3.000
Russia,2012.000,-4.000
Russia,2012.000,-3.000
Chile,2012.000,-4.000
Chile,2012.000,-3.000
Chile,2012.000,-3.000
Chile,2012.000,-3.000
Chile,2012.000,-4.000
Chile,2012.000,-3.000
Chile,2012.000,-3.000
Chile,2012.000,-4.000
Chile,2012.000,-3.000
Belgium,2012.000,-4.000
Belgium,2012.000,-4.000
Belgium,2012.000,-4.000
China,2012.000,-4.000
China,2012.000,-3.000
China,2012.000,-4.000
United States,2012.000,-4.000
United States,2012.000,-3.000
Thailand,2012.000,-3.000
Thailand,2012.000,-4.000
Thailand,2012.000,-4.000
Thailand,2012.000,-3.000
Thailand,2012.000,-3.000
Thailand,2012.000,-3.000
Hungary,2012.000,-4.000
Hungary,2012.000,-3.000
Hungary,2012.000,-4.000
Russia,2012.000,-5.000
Russia,2012.000,-5.000
Russia,2012.000,-5.000
Russia,2012.000,-5.000
Sweden,2012.000,-3.000
Sweden,2012.000,-3.000
Sweden,2012.000,-4.000
Belgium,2012.000,-4.000
Belgium,2012.000,-4.000
Belgium,2012.000,-4.000
Italy,2012.000,-4.000
Italy,2012.000,-3.000
Australia,2012.000,-4.000
Spain,2012.000,-3.000
Spain,2012.000,-3.000
Belgium,2012.000,-4.000
Belgium,2012.000,-3.000
Belgium,2012.000,-4.000
Belgium,2012.000,-4.000
"Korea, South",2012.000,-3.000
"Korea, South",2012.000,-4.000
United Kingdom,2012.000,-3.000
United Kingdom,2012.000,-4.000
China,2012.000,-3.000
China,2012.000,-3.000
United States,2012.000,-4.000
United States,2012.000,-4.000
United States,2012.000,-4.000
United States,2012.000,-4.000
United States,2012.000,-3.000
Italy,2012.000,-4.000
Italy,2012.000,-3.000
Australia,2012.000,-4.000
Australia,2012.000,-4.000
Australia,2012.000,-4.000
Taiwan,2012.000,-3.000
Taiwan,2012.000,-3.000
Taiwan,2012.000,-3.000
Colombia,2012.000,-3.000
Colombia,2012.000,-3.000
Colombia,2012.000,-3.000
France,2012.000,-3.000
France,2012.000,-3.000
France,2012.000,-4.000
China,2012.000,-3.000
China,2012.000,-3.000
China,2012.000,-3.000
China,2012.000,-4.000
China,2012.000,-3.000
China,2012.000,-3.000
Czech Republic,2012.000,-4.000
Czech Republic,2012.000,-4.000
Czech Republic,2012.000,-3.000
Germany,2012.000,-4.000
Germany,2012.000,-3.000
Mexico,2012.000,-3.000
Mexico,2012.000,-4.000
United States,2012.000,-3.000
United States,2012.000,-5.000
United States,2012.000,-3.000
United States,2012.000,-4.000
Japan,2012.000,-3.000
Japan,2012.000,-3.000
United States,2012.000,-4.000
United States,2012.000,-3.000
Japan,2012.000,-4.000
Japan,2012.000,-3.000
Germany,2012.000,-3.000
Germany,2012.000,-3.000
Austria,2012.000,-4.000
Austria,2012.000,-4.000
Austria,2012.000,-3.000
Spain,2012.000,-4.000
Spain,2012.000,-4.000
Taiwan,2012.000,-4.000
Taiwan,2012.000,-3.000
Thailand,2012.000,-3.000
Thailand,2012.000,-3.000
China,2012.000,-3.000
United States,2012.000,-3.000
United States,2012.000,-4.000
China,2012.000,-3.000
China,2012.000,-3.000
United States,2012.000,-4.000
United States,2012.000,-3.000
United States,2012.000,-3.000
United States,2012.000,-3.000
United States,2012.000,-3.000
Brazil,2012.000,-5.000
Brazil,2012.000,-5.000
Brazil,2012.000,-5.000
Brazil,2012.000,-5.000
Brazil,2012.000,-5.000
United Kingdom,2012.000,-5.000
United Kingdom,2012.000,-4.000
China,2012.000,-4.000
China,2012.000,-3.000
Japan,2012.000,-4.000
Portugal,2012.000,-3.000
Portugal,2012.000,-4.000
Portugal,2012.000,-3.000
Portugal,2012.000,-3.000
Portugal,2012.000,-3.000
Portugal,2012.000,-4.000
